곡명,아티스트,상태
해요 (2022),#안녕,"실패: Message: no such element: Unable to locate element: {""method"":""css selector"",""selector"":""img.rg_i""}
  (Session info: chrome=138.0.7204.101); For documentation on this error, please visit: https://www.selenium.dev/documentation/webdriver/troubleshooting/errors#nosuchelementexception
Stacktrace:
	GetHandleVerifier [0x0x7ff794ec6f75+76917]
	GetHandleVerifier [0x0x7ff794ec6fd0+77008]
	(No symbol) [0x0x7ff794c79dea]
	(No symbol) [0x0x7ff794cd0256]
	(No symbol) [0x0x7ff794cd050c]
	(No symbol) [0x0x7ff794d23887]
	(No symbol) [0x0x7ff794cf84af]
	(No symbol) [0x0x7ff794d2065c]
	(No symbol) [0x0x7ff794cf8243]
	(No symbol) [0x0x7ff794cc1431]
	(No symbol) [0x0x7ff794cc21c3]
	GetHandleVerifier [0x0x7ff79519d2ad+3051437]
	GetHandleVerifier [0x0x7ff795197903+3028483]
	GetHandleVerifier [0x0x7ff7951b589d+3151261]
	GetHandleVerifier [0x0x7ff794ee183e+185662]
	GetHandleVerifier [0x0x7ff794ee96ff+218111]
	GetHandleVerifier [0x0x7ff794ecfaf4+112628]
	GetHandleVerifier [0x0x7ff794ecfca9+113065]
	GetHandleVerifier [0x0x7ff794eb6c78+10616]
	BaseThreadInitThunk [0x0x7ffc7245e8d7+23]
	RtlUserThreadStart [0x0x7ffc7387c34c+44]
"
너에게 닿기를,10CM,"실패: Message: no such element: Unable to locate element: {""method"":""css selector"",""selector"":""img.rg_i""}
  (Session info: chrome=138.0.7204.101); For documentation on this error, please visit: https://www.selenium.dev/documentation/webdriver/troubleshooting/errors#nosuchelementexception
Stacktrace:
	GetHandleVerifier [0x0x7ff794ec6f75+76917]
	GetHandleVerifier [0x0x7ff794ec6fd0+77008]
	(No symbol) [0x0x7ff794c79dea]
	(No symbol) [0x0x7ff794cd0256]
	(No symbol) [0x0x7ff794cd050c]
	(No symbol) [0x0x7ff794d23887]
	(No symbol) [0x0x7ff794cf84af]
	(No symbol) [0x0x7ff794d2065c]
	(No symbol) [0x0x7ff794cf8243]
	(No symbol) [0x0x7ff794cc1431]
	(No symbol) [0x0x7ff794cc21c3]
	GetHandleVerifier [0x0x7ff79519d2ad+3051437]
	GetHandleVerifier [0x0x7ff795197903+3028483]
	GetHandleVerifier [0x0x7ff7951b589d+3151261]
	GetHandleVerifier [0x0x7ff794ee183e+185662]
	GetHandleVerifier [0x0x7ff794ee96ff+218111]
	GetHandleVerifier [0x0x7ff794ecfaf4+112628]
	GetHandleVerifier [0x0x7ff794ecfca9+113065]
	GetHandleVerifier [0x0x7ff794eb6c78+10616]
	BaseThreadInitThunk [0x0x7ffc7245e8d7+23]
	RtlUserThreadStart [0x0x7ffc7387c34c+44]
"
봄눈,10CM,"실패: Message: no such element: Unable to locate element: {""method"":""css selector"",""selector"":""img.rg_i""}
  (Session info: chrome=138.0.7204.101); For documentation on this error, please visit: https://www.selenium.dev/documentation/webdriver/troubleshooting/errors#nosuchelementexception
Stacktrace:
	GetHandleVerifier [0x0x7ff794ec6f75+76917]
	GetHandleVerifier [0x0x7ff794ec6fd0+77008]
	(No symbol) [0x0x7ff794c79dea]
	(No symbol) [0x0x7ff794cd0256]
	(No symbol) [0x0x7ff794cd050c]
	(No symbol) [0x0x7ff794d23887]
	(No symbol) [0x0x7ff794cf84af]
	(No symbol) [0x0x7ff794d2065c]
	(No symbol) [0x0x7ff794cf8243]
	(No symbol) [0x0x7ff794cc1431]
	(No symbol) [0x0x7ff794cc21c3]
	GetHandleVerifier [0x0x7ff79519d2ad+3051437]
	GetHandleVerifier [0x0x7ff795197903+3028483]
	GetHandleVerifier [0x0x7ff7951b589d+3151261]
	GetHandleVerifier [0x0x7ff794ee183e+185662]
	GetHandleVerifier [0x0x7ff794ee96ff+218111]
	GetHandleVerifier [0x0x7ff794ecfaf4+112628]
	GetHandleVerifier [0x0x7ff794ecfca9+113065]
	GetHandleVerifier [0x0x7ff794eb6c78+10616]
	BaseThreadInitThunk [0x0x7ffc7245e8d7+23]
	RtlUserThreadStart [0x0x7ffc7387c34c+44]
"
Armageddon,aespa,"실패: Message: no such element: Unable to locate element: {""method"":""css selector"",""selector"":""img.rg_i""}
  (Session info: chrome=138.0.7204.101); For documentation on this error, please visit: https://www.selenium.dev/documentation/webdriver/troubleshooting/errors#nosuchelementexception
Stacktrace:
	GetHandleVerifier [0x0x7ff794ec6f75+76917]
	GetHandleVerifier [0x0x7ff794ec6fd0+77008]
	(No symbol) [0x0x7ff794c79dea]
	(No symbol) [0x0x7ff794cd0256]
	(No symbol) [0x0x7ff794cd050c]
	(No symbol) [0x0x7ff794d23887]
	(No symbol) [0x0x7ff794cf84af]
	(No symbol) [0x0x7ff794d2065c]
	(No symbol) [0x0x7ff794cf8243]
	(No symbol) [0x0x7ff794cc1431]
	(No symbol) [0x0x7ff794cc21c3]
	GetHandleVerifier [0x0x7ff79519d2ad+3051437]
	GetHandleVerifier [0x0x7ff795197903+3028483]
	GetHandleVerifier [0x0x7ff7951b589d+3151261]
	GetHandleVerifier [0x0x7ff794ee183e+185662]
	GetHandleVerifier [0x0x7ff794ee96ff+218111]
	GetHandleVerifier [0x0x7ff794ecfaf4+112628]
	GetHandleVerifier [0x0x7ff794ecfca9+113065]
	GetHandleVerifier [0x0x7ff794eb6c78+10616]
	BaseThreadInitThunk [0x0x7ffc7245e8d7+23]
	RtlUserThreadStart [0x0x7ffc7387c34c+44]
"
Drama,aespa,"실패: Message: no such element: Unable to locate element: {""method"":""css selector"",""selector"":""img.rg_i""}
  (Session info: chrome=138.0.7204.101); For documentation on this error, please visit: https://www.selenium.dev/documentation/webdriver/troubleshooting/errors#nosuchelementexception
Stacktrace:
	GetHandleVerifier [0x0x7ff794ec6f75+76917]
	GetHandleVerifier [0x0x7ff794ec6fd0+77008]
	(No symbol) [0x0x7ff794c79dea]
	(No symbol) [0x0x7ff794cd0256]
	(No symbol) [0x0x7ff794cd050c]
	(No symbol) [0x0x7ff794d23887]
	(No symbol) [0x0x7ff794cf84af]
	(No symbol) [0x0x7ff794d2065c]
	(No symbol) [0x0x7ff794cf8243]
	(No symbol) [0x0x7ff794cc1431]
	(No symbol) [0x0x7ff794cc21c3]
	GetHandleVerifier [0x0x7ff79519d2ad+3051437]
	GetHandleVerifier [0x0x7ff795197903+3028483]
	GetHandleVerifier [0x0x7ff7951b589d+3151261]
	GetHandleVerifier [0x0x7ff794ee183e+185662]
	GetHandleVerifier [0x0x7ff794ee96ff+218111]
	GetHandleVerifier [0x0x7ff794ecfaf4+112628]
	GetHandleVerifier [0x0x7ff794ecfca9+113065]
	GetHandleVerifier [0x0x7ff794eb6c78+10616]
	BaseThreadInitThunk [0x0x7ffc7245e8d7+23]
	RtlUserThreadStart [0x0x7ffc7387c34c+44]
"
Live My Life,aespa,"실패: Message: no such element: Unable to locate element: {""method"":""css selector"",""selector"":""img.rg_i""}
  (Session info: chrome=138.0.7204.101); For documentation on this error, please visit: https://www.selenium.dev/documentation/webdriver/troubleshooting/errors#nosuchelementexception
Stacktrace:
	GetHandleVerifier [0x0x7ff794ec6f75+76917]
	GetHandleVerifier [0x0x7ff794ec6fd0+77008]
	(No symbol) [0x0x7ff794c79dea]
	(No symbol) [0x0x7ff794cd0256]
	(No symbol) [0x0x7ff794cd050c]
	(No symbol) [0x0x7ff794d23887]
	(No symbol) [0x0x7ff794cf84af]
	(No symbol) [0x0x7ff794d2065c]
	(No symbol) [0x0x7ff794cf8243]
	(No symbol) [0x0x7ff794cc1431]
	(No symbol) [0x0x7ff794cc21c3]
	GetHandleVerifier [0x0x7ff79519d2ad+3051437]
	GetHandleVerifier [0x0x7ff795197903+3028483]
	GetHandleVerifier [0x0x7ff7951b589d+3151261]
	GetHandleVerifier [0x0x7ff794ee183e+185662]
	GetHandleVerifier [0x0x7ff794ee96ff+218111]
	GetHandleVerifier [0x0x7ff794ecfaf4+112628]
	GetHandleVerifier [0x0x7ff794ecfca9+113065]
	GetHandleVerifier [0x0x7ff794eb6c78+10616]
	BaseThreadInitThunk [0x0x7ffc7245e8d7+23]
	RtlUserThreadStart [0x0x7ffc7387c34c+44]
"
Spicy,aespa,"실패: Message: no such element: Unable to locate element: {""method"":""css selector"",""selector"":""img.rg_i""}
  (Session info: chrome=138.0.7204.101); For documentation on this error, please visit: https://www.selenium.dev/documentation/webdriver/troubleshooting/errors#nosuchelementexception
Stacktrace:
	GetHandleVerifier [0x0x7ff794ec6f75+76917]
	GetHandleVerifier [0x0x7ff794ec6fd0+77008]
	(No symbol) [0x0x7ff794c79dea]
	(No symbol) [0x0x7ff794cd0256]
	(No symbol) [0x0x7ff794cd050c]
	(No symbol) [0x0x7ff794d23887]
	(No symbol) [0x0x7ff794cf84af]
	(No symbol) [0x0x7ff794d2065c]
	(No symbol) [0x0x7ff794cf8243]
	(No symbol) [0x0x7ff794cc1431]
	(No symbol) [0x0x7ff794cc21c3]
	GetHandleVerifier [0x0x7ff79519d2ad+3051437]
	GetHandleVerifier [0x0x7ff795197903+3028483]
	GetHandleVerifier [0x0x7ff7951b589d+3151261]
	GetHandleVerifier [0x0x7ff794ee183e+185662]
	GetHandleVerifier [0x0x7ff794ee96ff+218111]
	GetHandleVerifier [0x0x7ff794ecfaf4+112628]
	GetHandleVerifier [0x0x7ff794ecfca9+113065]
	GetHandleVerifier [0x0x7ff794eb6c78+10616]
	BaseThreadInitThunk [0x0x7ffc7245e8d7+23]
	RtlUserThreadStart [0x0x7ffc7387c34c+44]
"
Supernova,aespa,"실패: Message: no such element: Unable to locate element: {""method"":""css selector"",""selector"":""img.rg_i""}
  (Session info: chrome=138.0.7204.101); For documentation on this error, please visit: https://www.selenium.dev/documentation/webdriver/troubleshooting/errors#nosuchelementexception
Stacktrace:
	GetHandleVerifier [0x0x7ff794ec6f75+76917]
	GetHandleVerifier [0x0x7ff794ec6fd0+77008]
	(No symbol) [0x0x7ff794c79dea]
	(No symbol) [0x0x7ff794cd0256]
	(No symbol) [0x0x7ff794cd050c]
	(No symbol) [0x0x7ff794d23887]
	(No symbol) [0x0x7ff794cf84af]
	(No symbol) [0x0x7ff794d2065c]
	(No symbol) [0x0x7ff794cf8243]
	(No symbol) [0x0x7ff794cc1431]
	(No symbol) [0x0x7ff794cc21c3]
	GetHandleVerifier [0x0x7ff79519d2ad+3051437]
	GetHandleVerifier [0x0x7ff795197903+3028483]
	GetHandleVerifier [0x0x7ff7951b589d+3151261]
	GetHandleVerifier [0x0x7ff794ee183e+185662]
	GetHandleVerifier [0x0x7ff794ee96ff+218111]
	GetHandleVerifier [0x0x7ff794ecfaf4+112628]
	GetHandleVerifier [0x0x7ff794ecfca9+113065]
	GetHandleVerifier [0x0x7ff794eb6c78+10616]
	BaseThreadInitThunk [0x0x7ffc7245e8d7+23]
	RtlUserThreadStart [0x0x7ffc7387c34c+44]
"
UP (KARINA Solo),aespa,"실패: Message: no such element: Unable to locate element: {""method"":""css selector"",""selector"":""img.rg_i""}
  (Session info: chrome=138.0.7204.101); For documentation on this error, please visit: https://www.selenium.dev/documentation/webdriver/troubleshooting/errors#nosuchelementexception
Stacktrace:
	GetHandleVerifier [0x0x7ff794ec6f75+76917]
	GetHandleVerifier [0x0x7ff794ec6fd0+77008]
	(No symbol) [0x0x7ff794c79dea]
	(No symbol) [0x0x7ff794cd0256]
	(No symbol) [0x0x7ff794cd050c]
	(No symbol) [0x0x7ff794d23887]
	(No symbol) [0x0x7ff794cf84af]
	(No symbol) [0x0x7ff794d2065c]
	(No symbol) [0x0x7ff794cf8243]
	(No symbol) [0x0x7ff794cc1431]
	(No symbol) [0x0x7ff794cc21c3]
	GetHandleVerifier [0x0x7ff79519d2ad+3051437]
	GetHandleVerifier [0x0x7ff795197903+3028483]
	GetHandleVerifier [0x0x7ff7951b589d+3151261]
	GetHandleVerifier [0x0x7ff794ee183e+185662]
	GetHandleVerifier [0x0x7ff794ee96ff+218111]
	GetHandleVerifier [0x0x7ff794ecfaf4+112628]
	GetHandleVerifier [0x0x7ff794ecfca9+113065]
	GetHandleVerifier [0x0x7ff794eb6c78+10616]
	BaseThreadInitThunk [0x0x7ffc7245e8d7+23]
	RtlUserThreadStart [0x0x7ffc7387c34c+44]
"
Whiplash,aespa,"실패: Message: no such element: Unable to locate element: {""method"":""css selector"",""selector"":""img.rg_i""}
  (Session info: chrome=138.0.7204.101); For documentation on this error, please visit: https://www.selenium.dev/documentation/webdriver/troubleshooting/errors#nosuchelementexception
Stacktrace:
	GetHandleVerifier [0x0x7ff794ec6f75+76917]
	GetHandleVerifier [0x0x7ff794ec6fd0+77008]
	(No symbol) [0x0x7ff794c79dea]
	(No symbol) [0x0x7ff794cd0256]
	(No symbol) [0x0x7ff794cd050c]
	(No symbol) [0x0x7ff794d23887]
	(No symbol) [0x0x7ff794cf84af]
	(No symbol) [0x0x7ff794d2065c]
	(No symbol) [0x0x7ff794cf8243]
	(No symbol) [0x0x7ff794cc1431]
	(No symbol) [0x0x7ff794cc21c3]
	GetHandleVerifier [0x0x7ff79519d2ad+3051437]
	GetHandleVerifier [0x0x7ff795197903+3028483]
	GetHandleVerifier [0x0x7ff7951b589d+3151261]
	GetHandleVerifier [0x0x7ff794ee183e+185662]
	GetHandleVerifier [0x0x7ff794ee96ff+218111]
	GetHandleVerifier [0x0x7ff794ecfaf4+112628]
	GetHandleVerifier [0x0x7ff794ecfca9+113065]
	GetHandleVerifier [0x0x7ff794eb6c78+10616]
	BaseThreadInitThunk [0x0x7ffc7245e8d7+23]
	RtlUserThreadStart [0x0x7ffc7387c34c+44]
"
Love Lee,AKMU (악뮤),"실패: Message: no such element: Unable to locate element: {""method"":""css selector"",""selector"":""img.rg_i""}
  (Session info: chrome=138.0.7204.101); For documentation on this error, please visit: https://www.selenium.dev/documentation/webdriver/troubleshooting/errors#nosuchelementexception
Stacktrace:
	GetHandleVerifier [0x0x7ff794ec6f75+76917]
	GetHandleVerifier [0x0x7ff794ec6fd0+77008]
	(No symbol) [0x0x7ff794c79dea]
	(No symbol) [0x0x7ff794cd0256]
	(No symbol) [0x0x7ff794cd050c]
	(No symbol) [0x0x7ff794d23887]
	(No symbol) [0x0x7ff794cf84af]
	(No symbol) [0x0x7ff794d2065c]
	(No symbol) [0x0x7ff794cf8243]
	(No symbol) [0x0x7ff794cc1431]
	(No symbol) [0x0x7ff794cc21c3]
	GetHandleVerifier [0x0x7ff79519d2ad+3051437]
	GetHandleVerifier [0x0x7ff795197903+3028483]
	GetHandleVerifier [0x0x7ff7951b589d+3151261]
	GetHandleVerifier [0x0x7ff794ee183e+185662]
	GetHandleVerifier [0x0x7ff794ee96ff+218111]
	GetHandleVerifier [0x0x7ff794ecfaf4+112628]
	GetHandleVerifier [0x0x7ff794ecfca9+113065]
	GetHandleVerifier [0x0x7ff794eb6c78+10616]
	BaseThreadInitThunk [0x0x7ffc7245e8d7+23]
	RtlUserThreadStart [0x0x7ffc7387c34c+44]
"
"어떻게 이별까지 사랑하겠어, 널 사랑하는 거지",AKMU (악뮤),"실패: Message: no such element: Unable to locate element: {""method"":""css selector"",""selector"":""img.rg_i""}
  (Session info: chrome=138.0.7204.101); For documentation on this error, please visit: https://www.selenium.dev/documentation/webdriver/troubleshooting/errors#nosuchelementexception
Stacktrace:
	GetHandleVerifier [0x0x7ff794ec6f75+76917]
	GetHandleVerifier [0x0x7ff794ec6fd0+77008]
	(No symbol) [0x0x7ff794c79dea]
	(No symbol) [0x0x7ff794cd0256]
	(No symbol) [0x0x7ff794cd050c]
	(No symbol) [0x0x7ff794d23887]
	(No symbol) [0x0x7ff794cf84af]
	(No symbol) [0x0x7ff794d2065c]
	(No symbol) [0x0x7ff794cf8243]
	(No symbol) [0x0x7ff794cc1431]
	(No symbol) [0x0x7ff794cc21c3]
	GetHandleVerifier [0x0x7ff79519d2ad+3051437]
	GetHandleVerifier [0x0x7ff795197903+3028483]
	GetHandleVerifier [0x0x7ff7951b589d+3151261]
	GetHandleVerifier [0x0x7ff794ee183e+185662]
	GetHandleVerifier [0x0x7ff794ee96ff+218111]
	GetHandleVerifier [0x0x7ff794ecfaf4+112628]
	GetHandleVerifier [0x0x7ff794ecfca9+113065]
	GetHandleVerifier [0x0x7ff794eb6c78+10616]
	BaseThreadInitThunk [0x0x7ffc7245e8d7+23]
	RtlUserThreadStart [0x0x7ffc7387c34c+44]
"
후라이의 꿈,AKMU (악뮤),"실패: Message: no such element: Unable to locate element: {""method"":""css selector"",""selector"":""img.rg_i""}
  (Session info: chrome=138.0.7204.101); For documentation on this error, please visit: https://www.selenium.dev/documentation/webdriver/troubleshooting/errors#nosuchelementexception
Stacktrace:
	GetHandleVerifier [0x0x7ff794ec6f75+76917]
	GetHandleVerifier [0x0x7ff794ec6fd0+77008]
	(No symbol) [0x0x7ff794c79dea]
	(No symbol) [0x0x7ff794cd0256]
	(No symbol) [0x0x7ff794cd050c]
	(No symbol) [0x0x7ff794d23887]
	(No symbol) [0x0x7ff794cf84af]
	(No symbol) [0x0x7ff794d2065c]
	(No symbol) [0x0x7ff794cf8243]
	(No symbol) [0x0x7ff794cc1431]
	(No symbol) [0x0x7ff794cc21c3]
	GetHandleVerifier [0x0x7ff79519d2ad+3051437]
	GetHandleVerifier [0x0x7ff795197903+3028483]
	GetHandleVerifier [0x0x7ff7951b589d+3151261]
	GetHandleVerifier [0x0x7ff794ee183e+185662]
	GetHandleVerifier [0x0x7ff794ee96ff+218111]
	GetHandleVerifier [0x0x7ff794ecfaf4+112628]
	GetHandleVerifier [0x0x7ff794ecfca9+113065]
	GetHandleVerifier [0x0x7ff794eb6c78+10616]
	BaseThreadInitThunk [0x0x7ffc7245e8d7+23]
	RtlUserThreadStart [0x0x7ffc7387c34c+44]
"
FAMOUS,ALLDAY PROJECT,"실패: Message: no such element: Unable to locate element: {""method"":""css selector"",""selector"":""img.rg_i""}
  (Session info: chrome=138.0.7204.101); For documentation on this error, please visit: https://www.selenium.dev/documentation/webdriver/troubleshooting/errors#nosuchelementexception
Stacktrace:
	GetHandleVerifier [0x0x7ff794ec6f75+76917]
	GetHandleVerifier [0x0x7ff794ec6fd0+77008]
	(No symbol) [0x0x7ff794c79dea]
	(No symbol) [0x0x7ff794cd0256]
	(No symbol) [0x0x7ff794cd050c]
	(No symbol) [0x0x7ff794d23887]
	(No symbol) [0x0x7ff794cf84af]
	(No symbol) [0x0x7ff794d2065c]
	(No symbol) [0x0x7ff794cf8243]
	(No symbol) [0x0x7ff794cc1431]
	(No symbol) [0x0x7ff794cc21c3]
	GetHandleVerifier [0x0x7ff79519d2ad+3051437]
	GetHandleVerifier [0x0x7ff795197903+3028483]
	GetHandleVerifier [0x0x7ff7951b589d+3151261]
	GetHandleVerifier [0x0x7ff794ee183e+185662]
	GetHandleVerifier [0x0x7ff794ee96ff+218111]
	GetHandleVerifier [0x0x7ff794ecfaf4+112628]
	GetHandleVerifier [0x0x7ff794ecfca9+113065]
	GetHandleVerifier [0x0x7ff794eb6c78+10616]
	BaseThreadInitThunk [0x0x7ffc7245e8d7+23]
	RtlUserThreadStart [0x0x7ffc7387c34c+44]
"
Last Christmas,Ariana Grande,"실패: Message: no such element: Unable to locate element: {""method"":""css selector"",""selector"":""img.rg_i""}
  (Session info: chrome=138.0.7204.101); For documentation on this error, please visit: https://www.selenium.dev/documentation/webdriver/troubleshooting/errors#nosuchelementexception
Stacktrace:
	GetHandleVerifier [0x0x7ff794ec6f75+76917]
	GetHandleVerifier [0x0x7ff794ec6fd0+77008]
	(No symbol) [0x0x7ff794c79dea]
	(No symbol) [0x0x7ff794cd0256]
	(No symbol) [0x0x7ff794cd050c]
	(No symbol) [0x0x7ff794d23887]
	(No symbol) [0x0x7ff794cf84af]
	(No symbol) [0x0x7ff794d2065c]
	(No symbol) [0x0x7ff794cf8243]
	(No symbol) [0x0x7ff794cc1431]
	(No symbol) [0x0x7ff794cc21c3]
	GetHandleVerifier [0x0x7ff79519d2ad+3051437]
	GetHandleVerifier [0x0x7ff795197903+3028483]
	GetHandleVerifier [0x0x7ff7951b589d+3151261]
	GetHandleVerifier [0x0x7ff794ee183e+185662]
	GetHandleVerifier [0x0x7ff794ee96ff+218111]
	GetHandleVerifier [0x0x7ff794ecfaf4+112628]
	GetHandleVerifier [0x0x7ff794ecfca9+113065]
	GetHandleVerifier [0x0x7ff794eb6c78+10616]
	BaseThreadInitThunk [0x0x7ffc7245e8d7+23]
	RtlUserThreadStart [0x0x7ffc7387c34c+44]
"
Santa Tell Me,Ariana Grande,"실패: Message: no such element: Unable to locate element: {""method"":""css selector"",""selector"":""img.rg_i""}
  (Session info: chrome=138.0.7204.101); For documentation on this error, please visit: https://www.selenium.dev/documentation/webdriver/troubleshooting/errors#nosuchelementexception
Stacktrace:
	GetHandleVerifier [0x0x7ff794ec6f75+76917]
	GetHandleVerifier [0x0x7ff794ec6fd0+77008]
	(No symbol) [0x0x7ff794c79dea]
	(No symbol) [0x0x7ff794cd0256]
	(No symbol) [0x0x7ff794cd050c]
	(No symbol) [0x0x7ff794d23887]
	(No symbol) [0x0x7ff794cf84af]
	(No symbol) [0x0x7ff794d2065c]
	(No symbol) [0x0x7ff794cf8243]
	(No symbol) [0x0x7ff794cc1431]
	(No symbol) [0x0x7ff794cc21c3]
	GetHandleVerifier [0x0x7ff79519d2ad+3051437]
	GetHandleVerifier [0x0x7ff795197903+3028483]
	GetHandleVerifier [0x0x7ff7951b589d+3151261]
	GetHandleVerifier [0x0x7ff794ee183e+185662]
	GetHandleVerifier [0x0x7ff794ee96ff+218111]
	GetHandleVerifier [0x0x7ff794ecfaf4+112628]
	GetHandleVerifier [0x0x7ff794ecfca9+113065]
	GetHandleVerifier [0x0x7ff794eb6c78+10616]
	BaseThreadInitThunk [0x0x7ffc7245e8d7+23]
	RtlUserThreadStart [0x0x7ffc7387c34c+44]
"
DRIP,BABYMONSTER,"실패: Message: no such element: Unable to locate element: {""method"":""css selector"",""selector"":""img.rg_i""}
  (Session info: chrome=138.0.7204.101); For documentation on this error, please visit: https://www.selenium.dev/documentation/webdriver/troubleshooting/errors#nosuchelementexception
Stacktrace:
	GetHandleVerifier [0x0x7ff794ec6f75+76917]
	GetHandleVerifier [0x0x7ff794ec6fd0+77008]
	(No symbol) [0x0x7ff794c79dea]
	(No symbol) [0x0x7ff794cd0256]
	(No symbol) [0x0x7ff794cd050c]
	(No symbol) [0x0x7ff794d23887]
	(No symbol) [0x0x7ff794cf84af]
	(No symbol) [0x0x7ff794d2065c]
	(No symbol) [0x0x7ff794cf8243]
	(No symbol) [0x0x7ff794cc1431]
	(No symbol) [0x0x7ff794cc21c3]
	GetHandleVerifier [0x0x7ff79519d2ad+3051437]
	GetHandleVerifier [0x0x7ff795197903+3028483]
	GetHandleVerifier [0x0x7ff7951b589d+3151261]
	GetHandleVerifier [0x0x7ff794ee183e+185662]
	GetHandleVerifier [0x0x7ff794ee96ff+218111]
	GetHandleVerifier [0x0x7ff794ecfaf4+112628]
	GetHandleVerifier [0x0x7ff794ecfca9+113065]
	GetHandleVerifier [0x0x7ff794eb6c78+10616]
	BaseThreadInitThunk [0x0x7ffc7245e8d7+23]
	RtlUserThreadStart [0x0x7ffc7387c34c+44]
"
SHEESH,BABYMONSTER,"실패: Message: no such element: Unable to locate element: {""method"":""css selector"",""selector"":""img.rg_i""}
  (Session info: chrome=138.0.7204.101); For documentation on this error, please visit: https://www.selenium.dev/documentation/webdriver/troubleshooting/errors#nosuchelementexception
Stacktrace:
	GetHandleVerifier [0x0x7ff794ec6f75+76917]
	GetHandleVerifier [0x0x7ff794ec6fd0+77008]
	(No symbol) [0x0x7ff794c79dea]
	(No symbol) [0x0x7ff794cd0256]
	(No symbol) [0x0x7ff794cd050c]
	(No symbol) [0x0x7ff794d23887]
	(No symbol) [0x0x7ff794cf84af]
	(No symbol) [0x0x7ff794d2065c]
	(No symbol) [0x0x7ff794cf8243]
	(No symbol) [0x0x7ff794cc1431]
	(No symbol) [0x0x7ff794cc21c3]
	GetHandleVerifier [0x0x7ff79519d2ad+3051437]
	GetHandleVerifier [0x0x7ff795197903+3028483]
	GetHandleVerifier [0x0x7ff7951b589d+3151261]
	GetHandleVerifier [0x0x7ff794ee183e+185662]
	GetHandleVerifier [0x0x7ff794ee96ff+218111]
	GetHandleVerifier [0x0x7ff794ecfaf4+112628]
	GetHandleVerifier [0x0x7ff794ecfca9+113065]
	GetHandleVerifier [0x0x7ff794eb6c78+10616]
	BaseThreadInitThunk [0x0x7ffc7245e8d7+23]
	RtlUserThreadStart [0x0x7ffc7387c34c+44]
"
봄여름가을겨울 (Still Life),BIGBANG (빅뱅),"실패: Message: no such element: Unable to locate element: {""method"":""css selector"",""selector"":""img.rg_i""}
  (Session info: chrome=138.0.7204.101); For documentation on this error, please visit: https://www.selenium.dev/documentation/webdriver/troubleshooting/errors#nosuchelementexception
Stacktrace:
	GetHandleVerifier [0x0x7ff794ec6f75+76917]
	GetHandleVerifier [0x0x7ff794ec6fd0+77008]
	(No symbol) [0x0x7ff794c79dea]
	(No symbol) [0x0x7ff794cd0256]
	(No symbol) [0x0x7ff794cd050c]
	(No symbol) [0x0x7ff794d23887]
	(No symbol) [0x0x7ff794cf84af]
	(No symbol) [0x0x7ff794d2065c]
	(No symbol) [0x0x7ff794cf8243]
	(No symbol) [0x0x7ff794cc1431]
	(No symbol) [0x0x7ff794cc21c3]
	GetHandleVerifier [0x0x7ff79519d2ad+3051437]
	GetHandleVerifier [0x0x7ff795197903+3028483]
	GetHandleVerifier [0x0x7ff7951b589d+3151261]
	GetHandleVerifier [0x0x7ff794ee183e+185662]
	GetHandleVerifier [0x0x7ff794ee96ff+218111]
	GetHandleVerifier [0x0x7ff794ecfaf4+112628]
	GetHandleVerifier [0x0x7ff794ecfca9+113065]
	GetHandleVerifier [0x0x7ff794eb6c78+10616]
	BaseThreadInitThunk [0x0x7ffc7245e8d7+23]
	RtlUserThreadStart [0x0x7ffc7387c34c+44]
"
123-78,BOYNEXTDOOR,"실패: Message: no such element: Unable to locate element: {""method"":""css selector"",""selector"":""img.rg_i""}
  (Session info: chrome=138.0.7204.101); For documentation on this error, please visit: https://www.selenium.dev/documentation/webdriver/troubleshooting/errors#nosuchelementexception
Stacktrace:
	GetHandleVerifier [0x0x7ff794ec6f75+76917]
	GetHandleVerifier [0x0x7ff794ec6fd0+77008]
	(No symbol) [0x0x7ff794c79dea]
	(No symbol) [0x0x7ff794cd0256]
	(No symbol) [0x0x7ff794cd050c]
	(No symbol) [0x0x7ff794d23887]
	(No symbol) [0x0x7ff794cf84af]
	(No symbol) [0x0x7ff794d2065c]
	(No symbol) [0x0x7ff794cf8243]
	(No symbol) [0x0x7ff794cc1431]
	(No symbol) [0x0x7ff794cc21c3]
	GetHandleVerifier [0x0x7ff79519d2ad+3051437]
	GetHandleVerifier [0x0x7ff795197903+3028483]
	GetHandleVerifier [0x0x7ff7951b589d+3151261]
	GetHandleVerifier [0x0x7ff794ee183e+185662]
	GetHandleVerifier [0x0x7ff794ee96ff+218111]
	GetHandleVerifier [0x0x7ff794ecfaf4+112628]
	GetHandleVerifier [0x0x7ff794ecfca9+113065]
	GetHandleVerifier [0x0x7ff794eb6c78+10616]
	BaseThreadInitThunk [0x0x7ffc7245e8d7+23]
	RtlUserThreadStart [0x0x7ffc7387c34c+44]
"
I Feel Good,BOYNEXTDOOR,"실패: Message: no such element: Unable to locate element: {""method"":""css selector"",""selector"":""img.rg_i""}
  (Session info: chrome=138.0.7204.101); For documentation on this error, please visit: https://www.selenium.dev/documentation/webdriver/troubleshooting/errors#nosuchelementexception
Stacktrace:
	GetHandleVerifier [0x0x7ff794ec6f75+76917]
	GetHandleVerifier [0x0x7ff794ec6fd0+77008]
	(No symbol) [0x0x7ff794c79dea]
	(No symbol) [0x0x7ff794cd0256]
	(No symbol) [0x0x7ff794cd050c]
	(No symbol) [0x0x7ff794d23887]
	(No symbol) [0x0x7ff794cf84af]
	(No symbol) [0x0x7ff794d2065c]
	(No symbol) [0x0x7ff794cf8243]
	(No symbol) [0x0x7ff794cc1431]
	(No symbol) [0x0x7ff794cc21c3]
	GetHandleVerifier [0x0x7ff79519d2ad+3051437]
	GetHandleVerifier [0x0x7ff795197903+3028483]
	GetHandleVerifier [0x0x7ff7951b589d+3151261]
	GetHandleVerifier [0x0x7ff794ee183e+185662]
	GetHandleVerifier [0x0x7ff794ee96ff+218111]
	GetHandleVerifier [0x0x7ff794ecfaf4+112628]
	GetHandleVerifier [0x0x7ff794ecfca9+113065]
	GetHandleVerifier [0x0x7ff794eb6c78+10616]
	BaseThreadInitThunk [0x0x7ffc7245e8d7+23]
	RtlUserThreadStart [0x0x7ffc7387c34c+44]
"
Nice Guy,BOYNEXTDOOR,"실패: Message: no such element: Unable to locate element: {""method"":""css selector"",""selector"":""img.rg_i""}
  (Session info: chrome=138.0.7204.101); For documentation on this error, please visit: https://www.selenium.dev/documentation/webdriver/troubleshooting/errors#nosuchelementexception
Stacktrace:
	GetHandleVerifier [0x0x7ff794ec6f75+76917]
	GetHandleVerifier [0x0x7ff794ec6fd0+77008]
	(No symbol) [0x0x7ff794c79dea]
	(No symbol) [0x0x7ff794cd0256]
	(No symbol) [0x0x7ff794cd050c]
	(No symbol) [0x0x7ff794d23887]
	(No symbol) [0x0x7ff794cf84af]
	(No symbol) [0x0x7ff794d2065c]
	(No symbol) [0x0x7ff794cf8243]
	(No symbol) [0x0x7ff794cc1431]
	(No symbol) [0x0x7ff794cc21c3]
	GetHandleVerifier [0x0x7ff79519d2ad+3051437]
	GetHandleVerifier [0x0x7ff795197903+3028483]
	GetHandleVerifier [0x0x7ff7951b589d+3151261]
	GetHandleVerifier [0x0x7ff794ee183e+185662]
	GetHandleVerifier [0x0x7ff794ee96ff+218111]
	GetHandleVerifier [0x0x7ff794ecfaf4+112628]
	GetHandleVerifier [0x0x7ff794ecfca9+113065]
	GetHandleVerifier [0x0x7ff794eb6c78+10616]
	BaseThreadInitThunk [0x0x7ffc7245e8d7+23]
	RtlUserThreadStart [0x0x7ffc7387c34c+44]
"
오늘만 I LOVE YOU,BOYNEXTDOOR,"실패: Message: no such element: Unable to locate element: {""method"":""css selector"",""selector"":""img.rg_i""}
  (Session info: chrome=138.0.7204.101); For documentation on this error, please visit: https://www.selenium.dev/documentation/webdriver/troubleshooting/errors#nosuchelementexception
Stacktrace:
	GetHandleVerifier [0x0x7ff794ec6f75+76917]
	GetHandleVerifier [0x0x7ff794ec6fd0+77008]
	(No symbol) [0x0x7ff794c79dea]
	(No symbol) [0x0x7ff794cd0256]
	(No symbol) [0x0x7ff794cd050c]
	(No symbol) [0x0x7ff794d23887]
	(No symbol) [0x0x7ff794cf84af]
	(No symbol) [0x0x7ff794d2065c]
	(No symbol) [0x0x7ff794cf8243]
	(No symbol) [0x0x7ff794cc1431]
	(No symbol) [0x0x7ff794cc21c3]
	GetHandleVerifier [0x0x7ff79519d2ad+3051437]
	GetHandleVerifier [0x0x7ff795197903+3028483]
	GetHandleVerifier [0x0x7ff7951b589d+3151261]
	GetHandleVerifier [0x0x7ff794ee183e+185662]
	GetHandleVerifier [0x0x7ff794ee96ff+218111]
	GetHandleVerifier [0x0x7ff794ecfaf4+112628]
	GetHandleVerifier [0x0x7ff794ecfca9+113065]
	GetHandleVerifier [0x0x7ff794eb6c78+10616]
	BaseThreadInitThunk [0x0x7ffc7245e8d7+23]
	RtlUserThreadStart [0x0x7ffc7387c34c+44]
"
이렇게 좋아해 본 적이 없어요,BOYNEXTDOOR,"실패: Message: no such element: Unable to locate element: {""method"":""css selector"",""selector"":""img.rg_i""}
  (Session info: chrome=138.0.7204.101); For documentation on this error, please visit: https://www.selenium.dev/documentation/webdriver/troubleshooting/errors#nosuchelementexception
Stacktrace:
	GetHandleVerifier [0x0x7ff794ec6f75+76917]
	GetHandleVerifier [0x0x7ff794ec6fd0+77008]
	(No symbol) [0x0x7ff794c79dea]
	(No symbol) [0x0x7ff794cd0256]
	(No symbol) [0x0x7ff794cd050c]
	(No symbol) [0x0x7ff794d23887]
	(No symbol) [0x0x7ff794cf84af]
	(No symbol) [0x0x7ff794d2065c]
	(No symbol) [0x0x7ff794cf8243]
	(No symbol) [0x0x7ff794cc1431]
	(No symbol) [0x0x7ff794cc21c3]
	GetHandleVerifier [0x0x7ff79519d2ad+3051437]
	GetHandleVerifier [0x0x7ff795197903+3028483]
	GetHandleVerifier [0x0x7ff7951b589d+3151261]
	GetHandleVerifier [0x0x7ff794ee183e+185662]
	GetHandleVerifier [0x0x7ff794ee96ff+218111]
	GetHandleVerifier [0x0x7ff794ecfaf4+112628]
	GetHandleVerifier [0x0x7ff794ecfca9+113065]
	GetHandleVerifier [0x0x7ff794eb6c78+10616]
	BaseThreadInitThunk [0x0x7ffc7245e8d7+23]
	RtlUserThreadStart [0x0x7ffc7387c34c+44]
"
Dangerously,Charlie Puth,"실패: Message: no such element: Unable to locate element: {""method"":""css selector"",""selector"":""img.rg_i""}
  (Session info: chrome=138.0.7204.101); For documentation on this error, please visit: https://www.selenium.dev/documentation/webdriver/troubleshooting/errors#nosuchelementexception
Stacktrace:
	GetHandleVerifier [0x0x7ff794ec6f75+76917]
	GetHandleVerifier [0x0x7ff794ec6fd0+77008]
	(No symbol) [0x0x7ff794c79dea]
	(No symbol) [0x0x7ff794cd0256]
	(No symbol) [0x0x7ff794cd050c]
	(No symbol) [0x0x7ff794d23887]
	(No symbol) [0x0x7ff794cf84af]
	(No symbol) [0x0x7ff794d2065c]
	(No symbol) [0x0x7ff794cf8243]
	(No symbol) [0x0x7ff794cc1431]
	(No symbol) [0x0x7ff794cc21c3]
	GetHandleVerifier [0x0x7ff79519d2ad+3051437]
	GetHandleVerifier [0x0x7ff795197903+3028483]
	GetHandleVerifier [0x0x7ff7951b589d+3151261]
	GetHandleVerifier [0x0x7ff794ee183e+185662]
	GetHandleVerifier [0x0x7ff794ee96ff+218111]
	GetHandleVerifier [0x0x7ff794ecfaf4+112628]
	GetHandleVerifier [0x0x7ff794ecfca9+113065]
	GetHandleVerifier [0x0x7ff794eb6c78+10616]
	BaseThreadInitThunk [0x0x7ffc7245e8d7+23]
	RtlUserThreadStart [0x0x7ffc7387c34c+44]
"
I Don't Think That I Like Her,Charlie Puth,"실패: Message: no such element: Unable to locate element: {""method"":""css selector"",""selector"":""img.rg_i""}
  (Session info: chrome=138.0.7204.101); For documentation on this error, please visit: https://www.selenium.dev/documentation/webdriver/troubleshooting/errors#nosuchelementexception
Stacktrace:
	GetHandleVerifier [0x0x7ff794ec6f75+76917]
	GetHandleVerifier [0x0x7ff794ec6fd0+77008]
	(No symbol) [0x0x7ff794c79dea]
	(No symbol) [0x0x7ff794cd0256]
	(No symbol) [0x0x7ff794cd050c]
	(No symbol) [0x0x7ff794d23887]
	(No symbol) [0x0x7ff794cf84af]
	(No symbol) [0x0x7ff794d2065c]
	(No symbol) [0x0x7ff794cf8243]
	(No symbol) [0x0x7ff794cc1431]
	(No symbol) [0x0x7ff794cc21c3]
	GetHandleVerifier [0x0x7ff79519d2ad+3051437]
	GetHandleVerifier [0x0x7ff795197903+3028483]
	GetHandleVerifier [0x0x7ff7951b589d+3151261]
	GetHandleVerifier [0x0x7ff794ee183e+185662]
	GetHandleVerifier [0x0x7ff794ee96ff+218111]
	GetHandleVerifier [0x0x7ff794ecfaf4+112628]
	GetHandleVerifier [0x0x7ff794ecfca9+113065]
	GetHandleVerifier [0x0x7ff794eb6c78+10616]
	BaseThreadInitThunk [0x0x7ffc7245e8d7+23]
	RtlUserThreadStart [0x0x7ffc7387c34c+44]
"
미안해 미워해 사랑해,Crush,"실패: Message: no such element: Unable to locate element: {""method"":""css selector"",""selector"":""img.rg_i""}
  (Session info: chrome=138.0.7204.101); For documentation on this error, please visit: https://www.selenium.dev/documentation/webdriver/troubleshooting/errors#nosuchelementexception
Stacktrace:
	GetHandleVerifier [0x0x7ff794ec6f75+76917]
	GetHandleVerifier [0x0x7ff794ec6fd0+77008]
	(No symbol) [0x0x7ff794c79dea]
	(No symbol) [0x0x7ff794cd0256]
	(No symbol) [0x0x7ff794cd050c]
	(No symbol) [0x0x7ff794d23887]
	(No symbol) [0x0x7ff794cf84af]
	(No symbol) [0x0x7ff794d2065c]
	(No symbol) [0x0x7ff794cf8243]
	(No symbol) [0x0x7ff794cc1431]
	(No symbol) [0x0x7ff794cc21c3]
	GetHandleVerifier [0x0x7ff79519d2ad+3051437]
	GetHandleVerifier [0x0x7ff795197903+3028483]
	GetHandleVerifier [0x0x7ff7951b589d+3151261]
	GetHandleVerifier [0x0x7ff794ee183e+185662]
	GetHandleVerifier [0x0x7ff794ee96ff+218111]
	GetHandleVerifier [0x0x7ff794ecfaf4+112628]
	GetHandleVerifier [0x0x7ff794ecfca9+113065]
	GetHandleVerifier [0x0x7ff794eb6c78+10616]
	BaseThreadInitThunk [0x0x7ffc7245e8d7+23]
	RtlUserThreadStart [0x0x7ffc7387c34c+44]
"
Congratulations,DAY6 (데이식스),"실패: Message: no such element: Unable to locate element: {""method"":""css selector"",""selector"":""img.rg_i""}
  (Session info: chrome=138.0.7204.101); For documentation on this error, please visit: https://www.selenium.dev/documentation/webdriver/troubleshooting/errors#nosuchelementexception
Stacktrace:
	GetHandleVerifier [0x0x7ff794ec6f75+76917]
	GetHandleVerifier [0x0x7ff794ec6fd0+77008]
	(No symbol) [0x0x7ff794c79dea]
	(No symbol) [0x0x7ff794cd0256]
	(No symbol) [0x0x7ff794cd050c]
	(No symbol) [0x0x7ff794d23887]
	(No symbol) [0x0x7ff794cf84af]
	(No symbol) [0x0x7ff794d2065c]
	(No symbol) [0x0x7ff794cf8243]
	(No symbol) [0x0x7ff794cc1431]
	(No symbol) [0x0x7ff794cc21c3]
	GetHandleVerifier [0x0x7ff79519d2ad+3051437]
	GetHandleVerifier [0x0x7ff795197903+3028483]
	GetHandleVerifier [0x0x7ff7951b589d+3151261]
	GetHandleVerifier [0x0x7ff794ee183e+185662]
	GetHandleVerifier [0x0x7ff794ee96ff+218111]
	GetHandleVerifier [0x0x7ff794ecfaf4+112628]
	GetHandleVerifier [0x0x7ff794ecfca9+113065]
	GetHandleVerifier [0x0x7ff794eb6c78+10616]
	BaseThreadInitThunk [0x0x7ffc7245e8d7+23]
	RtlUserThreadStart [0x0x7ffc7387c34c+44]
"
HAPPY,DAY6 (데이식스),"실패: Message: no such element: Unable to locate element: {""method"":""css selector"",""selector"":""img.rg_i""}
  (Session info: chrome=138.0.7204.101); For documentation on this error, please visit: https://www.selenium.dev/documentation/webdriver/troubleshooting/errors#nosuchelementexception
Stacktrace:
	GetHandleVerifier [0x0x7ff794ec6f75+76917]
	GetHandleVerifier [0x0x7ff794ec6fd0+77008]
	(No symbol) [0x0x7ff794c79dea]
	(No symbol) [0x0x7ff794cd0256]
	(No symbol) [0x0x7ff794cd050c]
	(No symbol) [0x0x7ff794d23887]
	(No symbol) [0x0x7ff794cf84af]
	(No symbol) [0x0x7ff794d2065c]
	(No symbol) [0x0x7ff794cf8243]
	(No symbol) [0x0x7ff794cc1431]
	(No symbol) [0x0x7ff794cc21c3]
	GetHandleVerifier [0x0x7ff79519d2ad+3051437]
	GetHandleVerifier [0x0x7ff795197903+3028483]
	GetHandleVerifier [0x0x7ff7951b589d+3151261]
	GetHandleVerifier [0x0x7ff794ee183e+185662]
	GetHandleVerifier [0x0x7ff794ee96ff+218111]
	GetHandleVerifier [0x0x7ff794ecfaf4+112628]
	GetHandleVerifier [0x0x7ff794ecfca9+113065]
	GetHandleVerifier [0x0x7ff794eb6c78+10616]
	BaseThreadInitThunk [0x0x7ffc7245e8d7+23]
	RtlUserThreadStart [0x0x7ffc7387c34c+44]
"
Maybe Tomorrow,DAY6 (데이식스),"실패: Message: no such element: Unable to locate element: {""method"":""css selector"",""selector"":""img.rg_i""}
  (Session info: chrome=138.0.7204.101); For documentation on this error, please visit: https://www.selenium.dev/documentation/webdriver/troubleshooting/errors#nosuchelementexception
Stacktrace:
	GetHandleVerifier [0x0x7ff794ec6f75+76917]
	GetHandleVerifier [0x0x7ff794ec6fd0+77008]
	(No symbol) [0x0x7ff794c79dea]
	(No symbol) [0x0x7ff794cd0256]
	(No symbol) [0x0x7ff794cd050c]
	(No symbol) [0x0x7ff794d23887]
	(No symbol) [0x0x7ff794cf84af]
	(No symbol) [0x0x7ff794d2065c]
	(No symbol) [0x0x7ff794cf8243]
	(No symbol) [0x0x7ff794cc1431]
	(No symbol) [0x0x7ff794cc21c3]
	GetHandleVerifier [0x0x7ff79519d2ad+3051437]
	GetHandleVerifier [0x0x7ff795197903+3028483]
	GetHandleVerifier [0x0x7ff7951b589d+3151261]
	GetHandleVerifier [0x0x7ff794ee183e+185662]
	GetHandleVerifier [0x0x7ff794ee96ff+218111]
	GetHandleVerifier [0x0x7ff794ecfaf4+112628]
	GetHandleVerifier [0x0x7ff794ecfca9+113065]
	GetHandleVerifier [0x0x7ff794eb6c78+10616]
	BaseThreadInitThunk [0x0x7ffc7245e8d7+23]
	RtlUserThreadStart [0x0x7ffc7387c34c+44]
"
Welcome to the Show,DAY6 (데이식스),"실패: Message: no such element: Unable to locate element: {""method"":""css selector"",""selector"":""img.rg_i""}
  (Session info: chrome=138.0.7204.101); For documentation on this error, please visit: https://www.selenium.dev/documentation/webdriver/troubleshooting/errors#nosuchelementexception
Stacktrace:
	GetHandleVerifier [0x0x7ff794ec6f75+76917]
	GetHandleVerifier [0x0x7ff794ec6fd0+77008]
	(No symbol) [0x0x7ff794c79dea]
	(No symbol) [0x0x7ff794cd0256]
	(No symbol) [0x0x7ff794cd050c]
	(No symbol) [0x0x7ff794d23887]
	(No symbol) [0x0x7ff794cf84af]
	(No symbol) [0x0x7ff794d2065c]
	(No symbol) [0x0x7ff794cf8243]
	(No symbol) [0x0x7ff794cc1431]
	(No symbol) [0x0x7ff794cc21c3]
	GetHandleVerifier [0x0x7ff79519d2ad+3051437]
	GetHandleVerifier [0x0x7ff795197903+3028483]
	GetHandleVerifier [0x0x7ff7951b589d+3151261]
	GetHandleVerifier [0x0x7ff794ee183e+185662]
	GetHandleVerifier [0x0x7ff794ee96ff+218111]
	GetHandleVerifier [0x0x7ff794ecfaf4+112628]
	GetHandleVerifier [0x0x7ff794ecfca9+113065]
	GetHandleVerifier [0x0x7ff794eb6c78+10616]
	BaseThreadInitThunk [0x0x7ffc7245e8d7+23]
	RtlUserThreadStart [0x0x7ffc7387c34c+44]
"
괴물,DAY6 (데이식스),"실패: Message: no such element: Unable to locate element: {""method"":""css selector"",""selector"":""img.rg_i""}
  (Session info: chrome=138.0.7204.101); For documentation on this error, please visit: https://www.selenium.dev/documentation/webdriver/troubleshooting/errors#nosuchelementexception
Stacktrace:
	GetHandleVerifier [0x0x7ff794ec6f75+76917]
	GetHandleVerifier [0x0x7ff794ec6fd0+77008]
	(No symbol) [0x0x7ff794c79dea]
	(No symbol) [0x0x7ff794cd0256]
	(No symbol) [0x0x7ff794cd050c]
	(No symbol) [0x0x7ff794d23887]
	(No symbol) [0x0x7ff794cf84af]
	(No symbol) [0x0x7ff794d2065c]
	(No symbol) [0x0x7ff794cf8243]
	(No symbol) [0x0x7ff794cc1431]
	(No symbol) [0x0x7ff794cc21c3]
	GetHandleVerifier [0x0x7ff79519d2ad+3051437]
	GetHandleVerifier [0x0x7ff795197903+3028483]
	GetHandleVerifier [0x0x7ff7951b589d+3151261]
	GetHandleVerifier [0x0x7ff794ee183e+185662]
	GetHandleVerifier [0x0x7ff794ee96ff+218111]
	GetHandleVerifier [0x0x7ff794ecfaf4+112628]
	GetHandleVerifier [0x0x7ff794ecfca9+113065]
	GetHandleVerifier [0x0x7ff794eb6c78+10616]
	BaseThreadInitThunk [0x0x7ffc7245e8d7+23]
	RtlUserThreadStart [0x0x7ffc7387c34c+44]
"
그녀가 웃었다,DAY6 (데이식스),"실패: Message: no such element: Unable to locate element: {""method"":""css selector"",""selector"":""img.rg_i""}
  (Session info: chrome=138.0.7204.101); For documentation on this error, please visit: https://www.selenium.dev/documentation/webdriver/troubleshooting/errors#nosuchelementexception
Stacktrace:
	GetHandleVerifier [0x0x7ff794ec6f75+76917]
	GetHandleVerifier [0x0x7ff794ec6fd0+77008]
	(No symbol) [0x0x7ff794c79dea]
	(No symbol) [0x0x7ff794cd0256]
	(No symbol) [0x0x7ff794cd050c]
	(No symbol) [0x0x7ff794d23887]
	(No symbol) [0x0x7ff794cf84af]
	(No symbol) [0x0x7ff794d2065c]
	(No symbol) [0x0x7ff794cf8243]
	(No symbol) [0x0x7ff794cc1431]
	(No symbol) [0x0x7ff794cc21c3]
	GetHandleVerifier [0x0x7ff79519d2ad+3051437]
	GetHandleVerifier [0x0x7ff795197903+3028483]
	GetHandleVerifier [0x0x7ff7951b589d+3151261]
	GetHandleVerifier [0x0x7ff794ee183e+185662]
	GetHandleVerifier [0x0x7ff794ee96ff+218111]
	GetHandleVerifier [0x0x7ff794ecfaf4+112628]
	GetHandleVerifier [0x0x7ff794ecfca9+113065]
	GetHandleVerifier [0x0x7ff794eb6c78+10616]
	BaseThreadInitThunk [0x0x7ffc7245e8d7+23]
	RtlUserThreadStart [0x0x7ffc7387c34c+44]
"
녹아내려요,DAY6 (데이식스),"실패: Message: no such element: Unable to locate element: {""method"":""css selector"",""selector"":""img.rg_i""}
  (Session info: chrome=138.0.7204.101); For documentation on this error, please visit: https://www.selenium.dev/documentation/webdriver/troubleshooting/errors#nosuchelementexception
Stacktrace:
	GetHandleVerifier [0x0x7ff794ec6f75+76917]
	GetHandleVerifier [0x0x7ff794ec6fd0+77008]
	(No symbol) [0x0x7ff794c79dea]
	(No symbol) [0x0x7ff794cd0256]
	(No symbol) [0x0x7ff794cd050c]
	(No symbol) [0x0x7ff794d23887]
	(No symbol) [0x0x7ff794cf84af]
	(No symbol) [0x0x7ff794d2065c]
	(No symbol) [0x0x7ff794cf8243]
	(No symbol) [0x0x7ff794cc1431]
	(No symbol) [0x0x7ff794cc21c3]
	GetHandleVerifier [0x0x7ff79519d2ad+3051437]
	GetHandleVerifier [0x0x7ff795197903+3028483]
	GetHandleVerifier [0x0x7ff7951b589d+3151261]
	GetHandleVerifier [0x0x7ff794ee183e+185662]
	GetHandleVerifier [0x0x7ff794ee96ff+218111]
	GetHandleVerifier [0x0x7ff794ecfaf4+112628]
	GetHandleVerifier [0x0x7ff794ecfca9+113065]
	GetHandleVerifier [0x0x7ff794eb6c78+10616]
	BaseThreadInitThunk [0x0x7ffc7245e8d7+23]
	RtlUserThreadStart [0x0x7ffc7387c34c+44]
"
예뻤어,DAY6 (데이식스),"실패: Message: no such element: Unable to locate element: {""method"":""css selector"",""selector"":""img.rg_i""}
  (Session info: chrome=138.0.7204.101); For documentation on this error, please visit: https://www.selenium.dev/documentation/webdriver/troubleshooting/errors#nosuchelementexception
Stacktrace:
	GetHandleVerifier [0x0x7ff794ec6f75+76917]
	GetHandleVerifier [0x0x7ff794ec6fd0+77008]
	(No symbol) [0x0x7ff794c79dea]
	(No symbol) [0x0x7ff794cd0256]
	(No symbol) [0x0x7ff794cd050c]
	(No symbol) [0x0x7ff794d23887]
	(No symbol) [0x0x7ff794cf84af]
	(No symbol) [0x0x7ff794d2065c]
	(No symbol) [0x0x7ff794cf8243]
	(No symbol) [0x0x7ff794cc1431]
	(No symbol) [0x0x7ff794cc21c3]
	GetHandleVerifier [0x0x7ff79519d2ad+3051437]
	GetHandleVerifier [0x0x7ff795197903+3028483]
	GetHandleVerifier [0x0x7ff7951b589d+3151261]
	GetHandleVerifier [0x0x7ff794ee183e+185662]
	GetHandleVerifier [0x0x7ff794ee96ff+218111]
	GetHandleVerifier [0x0x7ff794ecfaf4+112628]
	GetHandleVerifier [0x0x7ff794ecfca9+113065]
	GetHandleVerifier [0x0x7ff794eb6c78+10616]
	BaseThreadInitThunk [0x0x7ffc7245e8d7+23]
	RtlUserThreadStart [0x0x7ffc7387c34c+44]
"
한 페이지가 될 수 있게,DAY6 (데이식스),"실패: Message: no such element: Unable to locate element: {""method"":""css selector"",""selector"":""img.rg_i""}
  (Session info: chrome=138.0.7204.101); For documentation on this error, please visit: https://www.selenium.dev/documentation/webdriver/troubleshooting/errors#nosuchelementexception
Stacktrace:
	GetHandleVerifier [0x0x7ff794ec6f75+76917]
	GetHandleVerifier [0x0x7ff794ec6fd0+77008]
	(No symbol) [0x0x7ff794c79dea]
	(No symbol) [0x0x7ff794cd0256]
	(No symbol) [0x0x7ff794cd050c]
	(No symbol) [0x0x7ff794d23887]
	(No symbol) [0x0x7ff794cf84af]
	(No symbol) [0x0x7ff794d2065c]
	(No symbol) [0x0x7ff794cf8243]
	(No symbol) [0x0x7ff794cc1431]
	(No symbol) [0x0x7ff794cc21c3]
	GetHandleVerifier [0x0x7ff79519d2ad+3051437]
	GetHandleVerifier [0x0x7ff795197903+3028483]
	GetHandleVerifier [0x0x7ff7951b589d+3151261]
	GetHandleVerifier [0x0x7ff794ee183e+185662]
	GetHandleVerifier [0x0x7ff794ee96ff+218111]
	GetHandleVerifier [0x0x7ff794ecfaf4+112628]
	GetHandleVerifier [0x0x7ff794ecfca9+113065]
	GetHandleVerifier [0x0x7ff794eb6c78+10616]
	BaseThreadInitThunk [0x0x7ffc7245e8d7+23]
	RtlUserThreadStart [0x0x7ffc7387c34c+44]
"
심(心),DK(디셈버),"실패: Message: no such element: Unable to locate element: {""method"":""css selector"",""selector"":""img.rg_i""}
  (Session info: chrome=138.0.7204.101); For documentation on this error, please visit: https://www.selenium.dev/documentation/webdriver/troubleshooting/errors#nosuchelementexception
Stacktrace:
	GetHandleVerifier [0x0x7ff794ec6f75+76917]
	GetHandleVerifier [0x0x7ff794ec6fd0+77008]
	(No symbol) [0x0x7ff794c79dea]
	(No symbol) [0x0x7ff794cd0256]
	(No symbol) [0x0x7ff794cd050c]
	(No symbol) [0x0x7ff794d23887]
	(No symbol) [0x0x7ff794cf84af]
	(No symbol) [0x0x7ff794d2065c]
	(No symbol) [0x0x7ff794cf8243]
	(No symbol) [0x0x7ff794cc1431]
	(No symbol) [0x0x7ff794cc21c3]
	GetHandleVerifier [0x0x7ff79519d2ad+3051437]
	GetHandleVerifier [0x0x7ff795197903+3028483]
	GetHandleVerifier [0x0x7ff7951b589d+3151261]
	GetHandleVerifier [0x0x7ff794ee183e+185662]
	GetHandleVerifier [0x0x7ff794ee96ff+218111]
	GetHandleVerifier [0x0x7ff794ecfaf4+112628]
	GetHandleVerifier [0x0x7ff794ecfca9+113065]
	GetHandleVerifier [0x0x7ff794eb6c78+10616]
	BaseThreadInitThunk [0x0x7ffc7245e8d7+23]
	RtlUserThreadStart [0x0x7ffc7387c34c+44]
"
영원,DK(디셈버),"실패: Message: no such element: Unable to locate element: {""method"":""css selector"",""selector"":""img.rg_i""}
  (Session info: chrome=138.0.7204.101); For documentation on this error, please visit: https://www.selenium.dev/documentation/webdriver/troubleshooting/errors#nosuchelementexception
Stacktrace:
	GetHandleVerifier [0x0x7ff794ec6f75+76917]
	GetHandleVerifier [0x0x7ff794ec6fd0+77008]
	(No symbol) [0x0x7ff794c79dea]
	(No symbol) [0x0x7ff794cd0256]
	(No symbol) [0x0x7ff794cd050c]
	(No symbol) [0x0x7ff794d23887]
	(No symbol) [0x0x7ff794cf84af]
	(No symbol) [0x0x7ff794d2065c]
	(No symbol) [0x0x7ff794cf8243]
	(No symbol) [0x0x7ff794cc1431]
	(No symbol) [0x0x7ff794cc21c3]
	GetHandleVerifier [0x0x7ff79519d2ad+3051437]
	GetHandleVerifier [0x0x7ff795197903+3028483]
	GetHandleVerifier [0x0x7ff7951b589d+3151261]
	GetHandleVerifier [0x0x7ff794ee183e+185662]
	GetHandleVerifier [0x0x7ff794ee96ff+218111]
	GetHandleVerifier [0x0x7ff794ecfaf4+112628]
	GetHandleVerifier [0x0x7ff794ecfca9+113065]
	GetHandleVerifier [0x0x7ff794eb6c78+10616]
	BaseThreadInitThunk [0x0x7ffc7245e8d7+23]
	RtlUserThreadStart [0x0x7ffc7387c34c+44]
"
첫 눈,EXO,"실패: Message: no such element: Unable to locate element: {""method"":""css selector"",""selector"":""img.rg_i""}
  (Session info: chrome=138.0.7204.101); For documentation on this error, please visit: https://www.selenium.dev/documentation/webdriver/troubleshooting/errors#nosuchelementexception
Stacktrace:
	GetHandleVerifier [0x0x7ff794ec6f75+76917]
	GetHandleVerifier [0x0x7ff794ec6fd0+77008]
	(No symbol) [0x0x7ff794c79dea]
	(No symbol) [0x0x7ff794cd0256]
	(No symbol) [0x0x7ff794cd050c]
	(No symbol) [0x0x7ff794d23887]
	(No symbol) [0x0x7ff794cf84af]
	(No symbol) [0x0x7ff794d2065c]
	(No symbol) [0x0x7ff794cf8243]
	(No symbol) [0x0x7ff794cc1431]
	(No symbol) [0x0x7ff794cc21c3]
	GetHandleVerifier [0x0x7ff79519d2ad+3051437]
	GetHandleVerifier [0x0x7ff795197903+3028483]
	GetHandleVerifier [0x0x7ff7951b589d+3151261]
	GetHandleVerifier [0x0x7ff794ee183e+185662]
	GetHandleVerifier [0x0x7ff794ee96ff+218111]
	GetHandleVerifier [0x0x7ff794ecfaf4+112628]
	GetHandleVerifier [0x0x7ff794ecfca9+113065]
	GetHandleVerifier [0x0x7ff794eb6c78+10616]
	BaseThreadInitThunk [0x0x7ffc7245e8d7+23]
	RtlUserThreadStart [0x0x7ffc7387c34c+44]
"
DRAMA,G-DRAGON,"실패: Message: no such element: Unable to locate element: {""method"":""css selector"",""selector"":""img.rg_i""}
  (Session info: chrome=138.0.7204.101); For documentation on this error, please visit: https://www.selenium.dev/documentation/webdriver/troubleshooting/errors#nosuchelementexception
Stacktrace:
	GetHandleVerifier [0x0x7ff794ec6f75+76917]
	GetHandleVerifier [0x0x7ff794ec6fd0+77008]
	(No symbol) [0x0x7ff794c79dea]
	(No symbol) [0x0x7ff794cd0256]
	(No symbol) [0x0x7ff794cd050c]
	(No symbol) [0x0x7ff794d23887]
	(No symbol) [0x0x7ff794cf84af]
	(No symbol) [0x0x7ff794d2065c]
	(No symbol) [0x0x7ff794cf8243]
	(No symbol) [0x0x7ff794cc1431]
	(No symbol) [0x0x7ff794cc21c3]
	GetHandleVerifier [0x0x7ff79519d2ad+3051437]
	GetHandleVerifier [0x0x7ff795197903+3028483]
	GetHandleVerifier [0x0x7ff7951b589d+3151261]
	GetHandleVerifier [0x0x7ff794ee183e+185662]
	GetHandleVerifier [0x0x7ff794ee96ff+218111]
	GetHandleVerifier [0x0x7ff794ecfaf4+112628]
	GetHandleVerifier [0x0x7ff794ecfca9+113065]
	GetHandleVerifier [0x0x7ff794eb6c78+10616]
	BaseThreadInitThunk [0x0x7ffc7245e8d7+23]
	RtlUserThreadStart [0x0x7ffc7387c34c+44]
"
GYRO-DROP,G-DRAGON,"실패: Message: no such element: Unable to locate element: {""method"":""css selector"",""selector"":""img.rg_i""}
  (Session info: chrome=138.0.7204.101); For documentation on this error, please visit: https://www.selenium.dev/documentation/webdriver/troubleshooting/errors#nosuchelementexception
Stacktrace:
	GetHandleVerifier [0x0x7ff794ec6f75+76917]
	GetHandleVerifier [0x0x7ff794ec6fd0+77008]
	(No symbol) [0x0x7ff794c79dea]
	(No symbol) [0x0x7ff794cd0256]
	(No symbol) [0x0x7ff794cd050c]
	(No symbol) [0x0x7ff794d23887]
	(No symbol) [0x0x7ff794cf84af]
	(No symbol) [0x0x7ff794d2065c]
	(No symbol) [0x0x7ff794cf8243]
	(No symbol) [0x0x7ff794cc1431]
	(No symbol) [0x0x7ff794cc21c3]
	GetHandleVerifier [0x0x7ff79519d2ad+3051437]
	GetHandleVerifier [0x0x7ff795197903+3028483]
	GetHandleVerifier [0x0x7ff7951b589d+3151261]
	GetHandleVerifier [0x0x7ff794ee183e+185662]
	GetHandleVerifier [0x0x7ff794ee96ff+218111]
	GetHandleVerifier [0x0x7ff794ecfaf4+112628]
	GetHandleVerifier [0x0x7ff794ecfca9+113065]
	GetHandleVerifier [0x0x7ff794eb6c78+10616]
	BaseThreadInitThunk [0x0x7ffc7245e8d7+23]
	RtlUserThreadStart [0x0x7ffc7387c34c+44]
"
"HOME SWEET HOME (feat. 태양, 대성)",G-DRAGON,"실패: Message: no such element: Unable to locate element: {""method"":""css selector"",""selector"":""img.rg_i""}
  (Session info: chrome=138.0.7204.101); For documentation on this error, please visit: https://www.selenium.dev/documentation/webdriver/troubleshooting/errors#nosuchelementexception
Stacktrace:
	GetHandleVerifier [0x0x7ff794ec6f75+76917]
	GetHandleVerifier [0x0x7ff794ec6fd0+77008]
	(No symbol) [0x0x7ff794c79dea]
	(No symbol) [0x0x7ff794cd0256]
	(No symbol) [0x0x7ff794cd050c]
	(No symbol) [0x0x7ff794d23887]
	(No symbol) [0x0x7ff794cf84af]
	(No symbol) [0x0x7ff794d2065c]
	(No symbol) [0x0x7ff794cf8243]
	(No symbol) [0x0x7ff794cc1431]
	(No symbol) [0x0x7ff794cc21c3]
	GetHandleVerifier [0x0x7ff79519d2ad+3051437]
	GetHandleVerifier [0x0x7ff795197903+3028483]
	GetHandleVerifier [0x0x7ff7951b589d+3151261]
	GetHandleVerifier [0x0x7ff794ee183e+185662]
	GetHandleVerifier [0x0x7ff794ee96ff+218111]
	GetHandleVerifier [0x0x7ff794ecfaf4+112628]
	GetHandleVerifier [0x0x7ff794ecfca9+113065]
	GetHandleVerifier [0x0x7ff794eb6c78+10616]
	BaseThreadInitThunk [0x0x7ffc7245e8d7+23]
	RtlUserThreadStart [0x0x7ffc7387c34c+44]
"
IBELONGIIU,G-DRAGON,"실패: Message: no such element: Unable to locate element: {""method"":""css selector"",""selector"":""img.rg_i""}
  (Session info: chrome=138.0.7204.101); For documentation on this error, please visit: https://www.selenium.dev/documentation/webdriver/troubleshooting/errors#nosuchelementexception
Stacktrace:
	GetHandleVerifier [0x0x7ff794ec6f75+76917]
	GetHandleVerifier [0x0x7ff794ec6fd0+77008]
	(No symbol) [0x0x7ff794c79dea]
	(No symbol) [0x0x7ff794cd0256]
	(No symbol) [0x0x7ff794cd050c]
	(No symbol) [0x0x7ff794d23887]
	(No symbol) [0x0x7ff794cf84af]
	(No symbol) [0x0x7ff794d2065c]
	(No symbol) [0x0x7ff794cf8243]
	(No symbol) [0x0x7ff794cc1431]
	(No symbol) [0x0x7ff794cc21c3]
	GetHandleVerifier [0x0x7ff79519d2ad+3051437]
	GetHandleVerifier [0x0x7ff795197903+3028483]
	GetHandleVerifier [0x0x7ff7951b589d+3151261]
	GetHandleVerifier [0x0x7ff794ee183e+185662]
	GetHandleVerifier [0x0x7ff794ee96ff+218111]
	GetHandleVerifier [0x0x7ff794ecfaf4+112628]
	GetHandleVerifier [0x0x7ff794ecfca9+113065]
	GetHandleVerifier [0x0x7ff794eb6c78+10616]
	BaseThreadInitThunk [0x0x7ffc7245e8d7+23]
	RtlUserThreadStart [0x0x7ffc7387c34c+44]
"
PO￦ER,G-DRAGON,"실패: Message: no such element: Unable to locate element: {""method"":""css selector"",""selector"":""img.rg_i""}
  (Session info: chrome=138.0.7204.101); For documentation on this error, please visit: https://www.selenium.dev/documentation/webdriver/troubleshooting/errors#nosuchelementexception
Stacktrace:
	GetHandleVerifier [0x0x7ff794ec6f75+76917]
	GetHandleVerifier [0x0x7ff794ec6fd0+77008]
	(No symbol) [0x0x7ff794c79dea]
	(No symbol) [0x0x7ff794cd0256]
	(No symbol) [0x0x7ff794cd050c]
	(No symbol) [0x0x7ff794d23887]
	(No symbol) [0x0x7ff794cf84af]
	(No symbol) [0x0x7ff794d2065c]
	(No symbol) [0x0x7ff794cf8243]
	(No symbol) [0x0x7ff794cc1431]
	(No symbol) [0x0x7ff794cc21c3]
	GetHandleVerifier [0x0x7ff79519d2ad+3051437]
	GetHandleVerifier [0x0x7ff795197903+3028483]
	GetHandleVerifier [0x0x7ff7951b589d+3151261]
	GetHandleVerifier [0x0x7ff794ee183e+185662]
	GetHandleVerifier [0x0x7ff794ee96ff+218111]
	GetHandleVerifier [0x0x7ff794ecfaf4+112628]
	GetHandleVerifier [0x0x7ff794ecfca9+113065]
	GetHandleVerifier [0x0x7ff794eb6c78+10616]
	BaseThreadInitThunk [0x0x7ffc7245e8d7+23]
	RtlUserThreadStart [0x0x7ffc7387c34c+44]
"
TAKE ME,G-DRAGON,"실패: Message: no such element: Unable to locate element: {""method"":""css selector"",""selector"":""img.rg_i""}
  (Session info: chrome=138.0.7204.101); For documentation on this error, please visit: https://www.selenium.dev/documentation/webdriver/troubleshooting/errors#nosuchelementexception
Stacktrace:
	GetHandleVerifier [0x0x7ff794ec6f75+76917]
	GetHandleVerifier [0x0x7ff794ec6fd0+77008]
	(No symbol) [0x0x7ff794c79dea]
	(No symbol) [0x0x7ff794cd0256]
	(No symbol) [0x0x7ff794cd050c]
	(No symbol) [0x0x7ff794d23887]
	(No symbol) [0x0x7ff794cf84af]
	(No symbol) [0x0x7ff794d2065c]
	(No symbol) [0x0x7ff794cf8243]
	(No symbol) [0x0x7ff794cc1431]
	(No symbol) [0x0x7ff794cc21c3]
	GetHandleVerifier [0x0x7ff79519d2ad+3051437]
	GetHandleVerifier [0x0x7ff795197903+3028483]
	GetHandleVerifier [0x0x7ff7951b589d+3151261]
	GetHandleVerifier [0x0x7ff794ee183e+185662]
	GetHandleVerifier [0x0x7ff794ee96ff+218111]
	GetHandleVerifier [0x0x7ff794ecfaf4+112628]
	GetHandleVerifier [0x0x7ff794ecfca9+113065]
	GetHandleVerifier [0x0x7ff794eb6c78+10616]
	BaseThreadInitThunk [0x0x7ffc7245e8d7+23]
	RtlUserThreadStart [0x0x7ffc7387c34c+44]
"
TOO BAD (feat. Anderson .Paak),G-DRAGON,"실패: Message: no such element: Unable to locate element: {""method"":""css selector"",""selector"":""img.rg_i""}
  (Session info: chrome=138.0.7204.101); For documentation on this error, please visit: https://www.selenium.dev/documentation/webdriver/troubleshooting/errors#nosuchelementexception
Stacktrace:
	GetHandleVerifier [0x0x7ff794ec6f75+76917]
	GetHandleVerifier [0x0x7ff794ec6fd0+77008]
	(No symbol) [0x0x7ff794c79dea]
	(No symbol) [0x0x7ff794cd0256]
	(No symbol) [0x0x7ff794cd050c]
	(No symbol) [0x0x7ff794d23887]
	(No symbol) [0x0x7ff794cf84af]
	(No symbol) [0x0x7ff794d2065c]
	(No symbol) [0x0x7ff794cf8243]
	(No symbol) [0x0x7ff794cc1431]
	(No symbol) [0x0x7ff794cc21c3]
	GetHandleVerifier [0x0x7ff79519d2ad+3051437]
	GetHandleVerifier [0x0x7ff795197903+3028483]
	GetHandleVerifier [0x0x7ff7951b589d+3151261]
	GetHandleVerifier [0x0x7ff794ee183e+185662]
	GetHandleVerifier [0x0x7ff794ee96ff+218111]
	GetHandleVerifier [0x0x7ff794ecfaf4+112628]
	GetHandleVerifier [0x0x7ff794ecfca9+113065]
	GetHandleVerifier [0x0x7ff794eb6c78+10616]
	BaseThreadInitThunk [0x0x7ffc7245e8d7+23]
	RtlUserThreadStart [0x0x7ffc7387c34c+44]
"
"무제(無題) (Untitled, 2014)",G-DRAGON,"실패: Message: no such element: Unable to locate element: {""method"":""css selector"",""selector"":""img.rg_i""}
  (Session info: chrome=138.0.7204.101); For documentation on this error, please visit: https://www.selenium.dev/documentation/webdriver/troubleshooting/errors#nosuchelementexception
Stacktrace:
	GetHandleVerifier [0x0x7ff794ec6f75+76917]
	GetHandleVerifier [0x0x7ff794ec6fd0+77008]
	(No symbol) [0x0x7ff794c79dea]
	(No symbol) [0x0x7ff794cd0256]
	(No symbol) [0x0x7ff794cd050c]
	(No symbol) [0x0x7ff794d23887]
	(No symbol) [0x0x7ff794cf84af]
	(No symbol) [0x0x7ff794d2065c]
	(No symbol) [0x0x7ff794cf8243]
	(No symbol) [0x0x7ff794cc1431]
	(No symbol) [0x0x7ff794cc21c3]
	GetHandleVerifier [0x0x7ff79519d2ad+3051437]
	GetHandleVerifier [0x0x7ff795197903+3028483]
	GetHandleVerifier [0x0x7ff7951b589d+3151261]
	GetHandleVerifier [0x0x7ff794ee183e+185662]
	GetHandleVerifier [0x0x7ff794ee96ff+218111]
	GetHandleVerifier [0x0x7ff794ecfaf4+112628]
	GetHandleVerifier [0x0x7ff794ecfca9+113065]
	GetHandleVerifier [0x0x7ff794eb6c78+10616]
	BaseThreadInitThunk [0x0x7ffc7245e8d7+23]
	RtlUserThreadStart [0x0x7ffc7387c34c+44]
"
보나마나 (BONAMANA),G-DRAGON,"실패: Message: no such element: Unable to locate element: {""method"":""css selector"",""selector"":""img.rg_i""}
  (Session info: chrome=138.0.7204.101); For documentation on this error, please visit: https://www.selenium.dev/documentation/webdriver/troubleshooting/errors#nosuchelementexception
Stacktrace:
	GetHandleVerifier [0x0x7ff794ec6f75+76917]
	GetHandleVerifier [0x0x7ff794ec6fd0+77008]
	(No symbol) [0x0x7ff794c79dea]
	(No symbol) [0x0x7ff794cd0256]
	(No symbol) [0x0x7ff794cd050c]
	(No symbol) [0x0x7ff794d23887]
	(No symbol) [0x0x7ff794cf84af]
	(No symbol) [0x0x7ff794d2065c]
	(No symbol) [0x0x7ff794cf8243]
	(No symbol) [0x0x7ff794cc1431]
	(No symbol) [0x0x7ff794cc21c3]
	GetHandleVerifier [0x0x7ff79519d2ad+3051437]
	GetHandleVerifier [0x0x7ff795197903+3028483]
	GetHandleVerifier [0x0x7ff7951b589d+3151261]
	GetHandleVerifier [0x0x7ff794ee183e+185662]
	GetHandleVerifier [0x0x7ff794ee96ff+218111]
	GetHandleVerifier [0x0x7ff794ecfaf4+112628]
	GetHandleVerifier [0x0x7ff794ecfca9+113065]
	GetHandleVerifier [0x0x7ff794eb6c78+10616]
	BaseThreadInitThunk [0x0x7ffc7245e8d7+23]
	RtlUserThreadStart [0x0x7ffc7387c34c+44]
"
굿데이 2025 (텔레파시 + 달빛 창가에서),"G-DRAGON, 황정민, 데프콘, 홍진경, 정형돈, 조세호, 기안84, 안성재, 태양, 정해인, 황광희, 임시완, 이수혁, 대성, 코드 쿤스트 (CODE KUNST), CL, 김고은, DAY6 (데이식스), 부석순 (SEVENTEEN), aespa","실패: Message: no such element: Unable to locate element: {""method"":""css selector"",""selector"":""img.rg_i""}
  (Session info: chrome=138.0.7204.101); For documentation on this error, please visit: https://www.selenium.dev/documentation/webdriver/troubleshooting/errors#nosuchelementexception
Stacktrace:
	GetHandleVerifier [0x0x7ff794ec6f75+76917]
	GetHandleVerifier [0x0x7ff794ec6fd0+77008]
	(No symbol) [0x0x7ff794c79dea]
	(No symbol) [0x0x7ff794cd0256]
	(No symbol) [0x0x7ff794cd050c]
	(No symbol) [0x0x7ff794d23887]
	(No symbol) [0x0x7ff794cf84af]
	(No symbol) [0x0x7ff794d2065c]
	(No symbol) [0x0x7ff794cf8243]
	(No symbol) [0x0x7ff794cc1431]
	(No symbol) [0x0x7ff794cc21c3]
	GetHandleVerifier [0x0x7ff79519d2ad+3051437]
	GetHandleVerifier [0x0x7ff795197903+3028483]
	GetHandleVerifier [0x0x7ff7951b589d+3151261]
	GetHandleVerifier [0x0x7ff794ee183e+185662]
	GetHandleVerifier [0x0x7ff794ee96ff+218111]
	GetHandleVerifier [0x0x7ff794ecfaf4+112628]
	GetHandleVerifier [0x0x7ff794ecfca9+113065]
	GetHandleVerifier [0x0x7ff794eb6c78+10616]
	BaseThreadInitThunk [0x0x7ffc7245e8d7+23]
	RtlUserThreadStart [0x0x7ffc7387c34c+44]
"
건물 사이에 피어난 장미 (Rose Blossom),H1-KEY (하이키),"실패: Message: no such element: Unable to locate element: {""method"":""css selector"",""selector"":""img.rg_i""}
  (Session info: chrome=138.0.7204.101); For documentation on this error, please visit: https://www.selenium.dev/documentation/webdriver/troubleshooting/errors#nosuchelementexception
Stacktrace:
	GetHandleVerifier [0x0x7ff794ec6f75+76917]
	GetHandleVerifier [0x0x7ff794ec6fd0+77008]
	(No symbol) [0x0x7ff794c79dea]
	(No symbol) [0x0x7ff794cd0256]
	(No symbol) [0x0x7ff794cd050c]
	(No symbol) [0x0x7ff794d23887]
	(No symbol) [0x0x7ff794cf84af]
	(No symbol) [0x0x7ff794d2065c]
	(No symbol) [0x0x7ff794cf8243]
	(No symbol) [0x0x7ff794cc1431]
	(No symbol) [0x0x7ff794cc21c3]
	GetHandleVerifier [0x0x7ff79519d2ad+3051437]
	GetHandleVerifier [0x0x7ff795197903+3028483]
	GetHandleVerifier [0x0x7ff7951b589d+3151261]
	GetHandleVerifier [0x0x7ff794ee183e+185662]
	GetHandleVerifier [0x0x7ff794ee96ff+218111]
	GetHandleVerifier [0x0x7ff794ecfaf4+112628]
	GetHandleVerifier [0x0x7ff794ecfca9+113065]
	GetHandleVerifier [0x0x7ff794eb6c78+10616]
	BaseThreadInitThunk [0x0x7ffc7245e8d7+23]
	RtlUserThreadStart [0x0x7ffc7387c34c+44]
"
The Chase,Hearts2Hearts (하츠투하츠),"실패: Message: no such element: Unable to locate element: {""method"":""css selector"",""selector"":""img.rg_i""}
  (Session info: chrome=138.0.7204.101); For documentation on this error, please visit: https://www.selenium.dev/documentation/webdriver/troubleshooting/errors#nosuchelementexception
Stacktrace:
	GetHandleVerifier [0x0x7ff794ec6f75+76917]
	GetHandleVerifier [0x0x7ff794ec6fd0+77008]
	(No symbol) [0x0x7ff794c79dea]
	(No symbol) [0x0x7ff794cd0256]
	(No symbol) [0x0x7ff794cd050c]
	(No symbol) [0x0x7ff794d23887]
	(No symbol) [0x0x7ff794cf84af]
	(No symbol) [0x0x7ff794d2065c]
	(No symbol) [0x0x7ff794cf8243]
	(No symbol) [0x0x7ff794cc1431]
	(No symbol) [0x0x7ff794cc21c3]
	GetHandleVerifier [0x0x7ff79519d2ad+3051437]
	GetHandleVerifier [0x0x7ff795197903+3028483]
	GetHandleVerifier [0x0x7ff7951b589d+3151261]
	GetHandleVerifier [0x0x7ff794ee183e+185662]
	GetHandleVerifier [0x0x7ff794ee96ff+218111]
	GetHandleVerifier [0x0x7ff794ecfaf4+112628]
	GetHandleVerifier [0x0x7ff794ecfca9+113065]
	GetHandleVerifier [0x0x7ff794eb6c78+10616]
	BaseThreadInitThunk [0x0x7ffc7245e8d7+23]
	RtlUserThreadStart [0x0x7ffc7387c34c+44]
"
봄 사랑 벚꽃 말고,"HIGH4 (하이포), 아이유","실패: Message: no such element: Unable to locate element: {""method"":""css selector"",""selector"":""img.rg_i""}
  (Session info: chrome=138.0.7204.101); For documentation on this error, please visit: https://www.selenium.dev/documentation/webdriver/troubleshooting/errors#nosuchelementexception
Stacktrace:
	GetHandleVerifier [0x0x7ff794ec6f75+76917]
	GetHandleVerifier [0x0x7ff794ec6fd0+77008]
	(No symbol) [0x0x7ff794c79dea]
	(No symbol) [0x0x7ff794cd0256]
	(No symbol) [0x0x7ff794cd050c]
	(No symbol) [0x0x7ff794d23887]
	(No symbol) [0x0x7ff794cf84af]
	(No symbol) [0x0x7ff794d2065c]
	(No symbol) [0x0x7ff794cf8243]
	(No symbol) [0x0x7ff794cc1431]
	(No symbol) [0x0x7ff794cc21c3]
	GetHandleVerifier [0x0x7ff79519d2ad+3051437]
	GetHandleVerifier [0x0x7ff795197903+3028483]
	GetHandleVerifier [0x0x7ff7951b589d+3151261]
	GetHandleVerifier [0x0x7ff794ee183e+185662]
	GetHandleVerifier [0x0x7ff794ee96ff+218111]
	GetHandleVerifier [0x0x7ff794ecfaf4+112628]
	GetHandleVerifier [0x0x7ff794ecfca9+113065]
	GetHandleVerifier [0x0x7ff794eb6c78+10616]
	BaseThreadInitThunk [0x0x7ffc7245e8d7+23]
	RtlUserThreadStart [0x0x7ffc7387c34c+44]
"
Super Lady,i-dle (아이들),"실패: Message: no such element: Unable to locate element: {""method"":""css selector"",""selector"":""img.rg_i""}
  (Session info: chrome=138.0.7204.101); For documentation on this error, please visit: https://www.selenium.dev/documentation/webdriver/troubleshooting/errors#nosuchelementexception
Stacktrace:
	GetHandleVerifier [0x0x7ff794ec6f75+76917]
	GetHandleVerifier [0x0x7ff794ec6fd0+77008]
	(No symbol) [0x0x7ff794c79dea]
	(No symbol) [0x0x7ff794cd0256]
	(No symbol) [0x0x7ff794cd050c]
	(No symbol) [0x0x7ff794d23887]
	(No symbol) [0x0x7ff794cf84af]
	(No symbol) [0x0x7ff794d2065c]
	(No symbol) [0x0x7ff794cf8243]
	(No symbol) [0x0x7ff794cc1431]
	(No symbol) [0x0x7ff794cc21c3]
	GetHandleVerifier [0x0x7ff79519d2ad+3051437]
	GetHandleVerifier [0x0x7ff795197903+3028483]
	GetHandleVerifier [0x0x7ff7951b589d+3151261]
	GetHandleVerifier [0x0x7ff794ee183e+185662]
	GetHandleVerifier [0x0x7ff794ee96ff+218111]
	GetHandleVerifier [0x0x7ff794ecfaf4+112628]
	GetHandleVerifier [0x0x7ff794ecfca9+113065]
	GetHandleVerifier [0x0x7ff794eb6c78+10616]
	BaseThreadInitThunk [0x0x7ffc7245e8d7+23]
	RtlUserThreadStart [0x0x7ffc7387c34c+44]
"
Wife,i-dle (아이들),"실패: Message: no such element: Unable to locate element: {""method"":""css selector"",""selector"":""img.rg_i""}
  (Session info: chrome=138.0.7204.101); For documentation on this error, please visit: https://www.selenium.dev/documentation/webdriver/troubleshooting/errors#nosuchelementexception
Stacktrace:
	GetHandleVerifier [0x0x7ff794ec6f75+76917]
	GetHandleVerifier [0x0x7ff794ec6fd0+77008]
	(No symbol) [0x0x7ff794c79dea]
	(No symbol) [0x0x7ff794cd0256]
	(No symbol) [0x0x7ff794cd050c]
	(No symbol) [0x0x7ff794d23887]
	(No symbol) [0x0x7ff794cf84af]
	(No symbol) [0x0x7ff794d2065c]
	(No symbol) [0x0x7ff794cf8243]
	(No symbol) [0x0x7ff794cc1431]
	(No symbol) [0x0x7ff794cc21c3]
	GetHandleVerifier [0x0x7ff79519d2ad+3051437]
	GetHandleVerifier [0x0x7ff795197903+3028483]
	GetHandleVerifier [0x0x7ff7951b589d+3151261]
	GetHandleVerifier [0x0x7ff794ee183e+185662]
	GetHandleVerifier [0x0x7ff794ee96ff+218111]
	GetHandleVerifier [0x0x7ff794ecfaf4+112628]
	GetHandleVerifier [0x0x7ff794ecfca9+113065]
	GetHandleVerifier [0x0x7ff794eb6c78+10616]
	BaseThreadInitThunk [0x0x7ffc7245e8d7+23]
	RtlUserThreadStart [0x0x7ffc7387c34c+44]
"
나는 아픈 건 딱 질색이니까,i-dle (아이들),"실패: Message: no such element: Unable to locate element: {""method"":""css selector"",""selector"":""img.rg_i""}
  (Session info: chrome=138.0.7204.101); For documentation on this error, please visit: https://www.selenium.dev/documentation/webdriver/troubleshooting/errors#nosuchelementexception
Stacktrace:
	GetHandleVerifier [0x0x7ff794ec6f75+76917]
	GetHandleVerifier [0x0x7ff794ec6fd0+77008]
	(No symbol) [0x0x7ff794c79dea]
	(No symbol) [0x0x7ff794cd0256]
	(No symbol) [0x0x7ff794cd050c]
	(No symbol) [0x0x7ff794d23887]
	(No symbol) [0x0x7ff794cf84af]
	(No symbol) [0x0x7ff794d2065c]
	(No symbol) [0x0x7ff794cf8243]
	(No symbol) [0x0x7ff794cc1431]
	(No symbol) [0x0x7ff794cc21c3]
	GetHandleVerifier [0x0x7ff79519d2ad+3051437]
	GetHandleVerifier [0x0x7ff795197903+3028483]
	GetHandleVerifier [0x0x7ff7951b589d+3151261]
	GetHandleVerifier [0x0x7ff794ee183e+185662]
	GetHandleVerifier [0x0x7ff794ee96ff+218111]
	GetHandleVerifier [0x0x7ff794ecfaf4+112628]
	GetHandleVerifier [0x0x7ff794ecfca9+113065]
	GetHandleVerifier [0x0x7ff794eb6c78+10616]
	BaseThreadInitThunk [0x0x7ffc7245e8d7+23]
	RtlUserThreadStart [0x0x7ffc7387c34c+44]
"
퀸카 (Queencard),i-dle (아이들),"실패: Message: no such element: Unable to locate element: {""method"":""css selector"",""selector"":""img.rg_i""}
  (Session info: chrome=138.0.7204.101); For documentation on this error, please visit: https://www.selenium.dev/documentation/webdriver/troubleshooting/errors#nosuchelementexception
Stacktrace:
	GetHandleVerifier [0x0x7ff794ec6f75+76917]
	GetHandleVerifier [0x0x7ff794ec6fd0+77008]
	(No symbol) [0x0x7ff794c79dea]
	(No symbol) [0x0x7ff794cd0256]
	(No symbol) [0x0x7ff794cd050c]
	(No symbol) [0x0x7ff794d23887]
	(No symbol) [0x0x7ff794cf84af]
	(No symbol) [0x0x7ff794d2065c]
	(No symbol) [0x0x7ff794cf8243]
	(No symbol) [0x0x7ff794cc1431]
	(No symbol) [0x0x7ff794cc21c3]
	GetHandleVerifier [0x0x7ff79519d2ad+3051437]
	GetHandleVerifier [0x0x7ff795197903+3028483]
	GetHandleVerifier [0x0x7ff7951b589d+3151261]
	GetHandleVerifier [0x0x7ff794ee183e+185662]
	GetHandleVerifier [0x0x7ff794ee96ff+218111]
	GetHandleVerifier [0x0x7ff794ecfaf4+112628]
	GetHandleVerifier [0x0x7ff794ecfca9+113065]
	GetHandleVerifier [0x0x7ff794eb6c78+10616]
	BaseThreadInitThunk [0x0x7ffc7245e8d7+23]
	RtlUserThreadStart [0x0x7ffc7387c34c+44]
"
클락션 (Klaxon),i-dle (아이들),"실패: Message: no such element: Unable to locate element: {""method"":""css selector"",""selector"":""img.rg_i""}
  (Session info: chrome=138.0.7204.101); For documentation on this error, please visit: https://www.selenium.dev/documentation/webdriver/troubleshooting/errors#nosuchelementexception
Stacktrace:
	GetHandleVerifier [0x0x7ff794ec6f75+76917]
	GetHandleVerifier [0x0x7ff794ec6fd0+77008]
	(No symbol) [0x0x7ff794c79dea]
	(No symbol) [0x0x7ff794cd0256]
	(No symbol) [0x0x7ff794cd050c]
	(No symbol) [0x0x7ff794d23887]
	(No symbol) [0x0x7ff794cf84af]
	(No symbol) [0x0x7ff794d2065c]
	(No symbol) [0x0x7ff794cf8243]
	(No symbol) [0x0x7ff794cc1431]
	(No symbol) [0x0x7ff794cc21c3]
	GetHandleVerifier [0x0x7ff79519d2ad+3051437]
	GetHandleVerifier [0x0x7ff795197903+3028483]
	GetHandleVerifier [0x0x7ff7951b589d+3151261]
	GetHandleVerifier [0x0x7ff794ee183e+185662]
	GetHandleVerifier [0x0x7ff794ee96ff+218111]
	GetHandleVerifier [0x0x7ff794ecfaf4+112628]
	GetHandleVerifier [0x0x7ff794ecfca9+113065]
	GetHandleVerifier [0x0x7ff794eb6c78+10616]
	BaseThreadInitThunk [0x0x7ffc7245e8d7+23]
	RtlUserThreadStart [0x0x7ffc7387c34c+44]
"
Accendio,IVE (아이브),"실패: Message: no such element: Unable to locate element: {""method"":""css selector"",""selector"":""img.rg_i""}
  (Session info: chrome=138.0.7204.101); For documentation on this error, please visit: https://www.selenium.dev/documentation/webdriver/troubleshooting/errors#nosuchelementexception
Stacktrace:
	GetHandleVerifier [0x0x7ff794ec6f75+76917]
	GetHandleVerifier [0x0x7ff794ec6fd0+77008]
	(No symbol) [0x0x7ff794c79dea]
	(No symbol) [0x0x7ff794cd0256]
	(No symbol) [0x0x7ff794cd050c]
	(No symbol) [0x0x7ff794d23887]
	(No symbol) [0x0x7ff794cf84af]
	(No symbol) [0x0x7ff794d2065c]
	(No symbol) [0x0x7ff794cf8243]
	(No symbol) [0x0x7ff794cc1431]
	(No symbol) [0x0x7ff794cc21c3]
	GetHandleVerifier [0x0x7ff79519d2ad+3051437]
	GetHandleVerifier [0x0x7ff795197903+3028483]
	GetHandleVerifier [0x0x7ff7951b589d+3151261]
	GetHandleVerifier [0x0x7ff794ee183e+185662]
	GetHandleVerifier [0x0x7ff794ee96ff+218111]
	GetHandleVerifier [0x0x7ff794ecfaf4+112628]
	GetHandleVerifier [0x0x7ff794ecfca9+113065]
	GetHandleVerifier [0x0x7ff794eb6c78+10616]
	BaseThreadInitThunk [0x0x7ffc7245e8d7+23]
	RtlUserThreadStart [0x0x7ffc7387c34c+44]
"
After LIKE,IVE (아이브),"실패: Message: no such element: Unable to locate element: {""method"":""css selector"",""selector"":""img.rg_i""}
  (Session info: chrome=138.0.7204.101); For documentation on this error, please visit: https://www.selenium.dev/documentation/webdriver/troubleshooting/errors#nosuchelementexception
Stacktrace:
	GetHandleVerifier [0x0x7ff794ec6f75+76917]
	GetHandleVerifier [0x0x7ff794ec6fd0+77008]
	(No symbol) [0x0x7ff794c79dea]
	(No symbol) [0x0x7ff794cd0256]
	(No symbol) [0x0x7ff794cd050c]
	(No symbol) [0x0x7ff794d23887]
	(No symbol) [0x0x7ff794cf84af]
	(No symbol) [0x0x7ff794d2065c]
	(No symbol) [0x0x7ff794cf8243]
	(No symbol) [0x0x7ff794cc1431]
	(No symbol) [0x0x7ff794cc21c3]
	GetHandleVerifier [0x0x7ff79519d2ad+3051437]
	GetHandleVerifier [0x0x7ff795197903+3028483]
	GetHandleVerifier [0x0x7ff7951b589d+3151261]
	GetHandleVerifier [0x0x7ff794ee183e+185662]
	GetHandleVerifier [0x0x7ff794ee96ff+218111]
	GetHandleVerifier [0x0x7ff794ecfaf4+112628]
	GetHandleVerifier [0x0x7ff794ecfca9+113065]
	GetHandleVerifier [0x0x7ff794eb6c78+10616]
	BaseThreadInitThunk [0x0x7ffc7245e8d7+23]
	RtlUserThreadStart [0x0x7ffc7387c34c+44]
"
ATTITUDE,IVE (아이브),"실패: Message: no such element: Unable to locate element: {""method"":""css selector"",""selector"":""img.rg_i""}
  (Session info: chrome=138.0.7204.101); For documentation on this error, please visit: https://www.selenium.dev/documentation/webdriver/troubleshooting/errors#nosuchelementexception
Stacktrace:
	GetHandleVerifier [0x0x7ff794ec6f75+76917]
	GetHandleVerifier [0x0x7ff794ec6fd0+77008]
	(No symbol) [0x0x7ff794c79dea]
	(No symbol) [0x0x7ff794cd0256]
	(No symbol) [0x0x7ff794cd050c]
	(No symbol) [0x0x7ff794d23887]
	(No symbol) [0x0x7ff794cf84af]
	(No symbol) [0x0x7ff794d2065c]
	(No symbol) [0x0x7ff794cf8243]
	(No symbol) [0x0x7ff794cc1431]
	(No symbol) [0x0x7ff794cc21c3]
	GetHandleVerifier [0x0x7ff79519d2ad+3051437]
	GetHandleVerifier [0x0x7ff795197903+3028483]
	GetHandleVerifier [0x0x7ff7951b589d+3151261]
	GetHandleVerifier [0x0x7ff794ee183e+185662]
	GetHandleVerifier [0x0x7ff794ee96ff+218111]
	GetHandleVerifier [0x0x7ff794ecfaf4+112628]
	GetHandleVerifier [0x0x7ff794ecfca9+113065]
	GetHandleVerifier [0x0x7ff794eb6c78+10616]
	BaseThreadInitThunk [0x0x7ffc7245e8d7+23]
	RtlUserThreadStart [0x0x7ffc7387c34c+44]
"
Baddie,IVE (아이브),"실패: Message: no such element: Unable to locate element: {""method"":""css selector"",""selector"":""img.rg_i""}
  (Session info: chrome=138.0.7204.101); For documentation on this error, please visit: https://www.selenium.dev/documentation/webdriver/troubleshooting/errors#nosuchelementexception
Stacktrace:
	GetHandleVerifier [0x0x7ff794ec6f75+76917]
	GetHandleVerifier [0x0x7ff794ec6fd0+77008]
	(No symbol) [0x0x7ff794c79dea]
	(No symbol) [0x0x7ff794cd0256]
	(No symbol) [0x0x7ff794cd050c]
	(No symbol) [0x0x7ff794d23887]
	(No symbol) [0x0x7ff794cf84af]
	(No symbol) [0x0x7ff794d2065c]
	(No symbol) [0x0x7ff794cf8243]
	(No symbol) [0x0x7ff794cc1431]
	(No symbol) [0x0x7ff794cc21c3]
	GetHandleVerifier [0x0x7ff79519d2ad+3051437]
	GetHandleVerifier [0x0x7ff795197903+3028483]
	GetHandleVerifier [0x0x7ff7951b589d+3151261]
	GetHandleVerifier [0x0x7ff794ee183e+185662]
	GetHandleVerifier [0x0x7ff794ee96ff+218111]
	GetHandleVerifier [0x0x7ff794ecfaf4+112628]
	GetHandleVerifier [0x0x7ff794ecfca9+113065]
	GetHandleVerifier [0x0x7ff794eb6c78+10616]
	BaseThreadInitThunk [0x0x7ffc7245e8d7+23]
	RtlUserThreadStart [0x0x7ffc7387c34c+44]
"
Either Way,IVE (아이브),"실패: Message: no such element: Unable to locate element: {""method"":""css selector"",""selector"":""img.rg_i""}
  (Session info: chrome=138.0.7204.101); For documentation on this error, please visit: https://www.selenium.dev/documentation/webdriver/troubleshooting/errors#nosuchelementexception
Stacktrace:
	GetHandleVerifier [0x0x7ff794ec6f75+76917]
	GetHandleVerifier [0x0x7ff794ec6fd0+77008]
	(No symbol) [0x0x7ff794c79dea]
	(No symbol) [0x0x7ff794cd0256]
	(No symbol) [0x0x7ff794cd050c]
	(No symbol) [0x0x7ff794d23887]
	(No symbol) [0x0x7ff794cf84af]
	(No symbol) [0x0x7ff794d2065c]
	(No symbol) [0x0x7ff794cf8243]
	(No symbol) [0x0x7ff794cc1431]
	(No symbol) [0x0x7ff794cc21c3]
	GetHandleVerifier [0x0x7ff79519d2ad+3051437]
	GetHandleVerifier [0x0x7ff795197903+3028483]
	GetHandleVerifier [0x0x7ff7951b589d+3151261]
	GetHandleVerifier [0x0x7ff794ee183e+185662]
	GetHandleVerifier [0x0x7ff794ee96ff+218111]
	GetHandleVerifier [0x0x7ff794ecfaf4+112628]
	GetHandleVerifier [0x0x7ff794ecfca9+113065]
	GetHandleVerifier [0x0x7ff794eb6c78+10616]
	BaseThreadInitThunk [0x0x7ffc7245e8d7+23]
	RtlUserThreadStart [0x0x7ffc7387c34c+44]
"
I AM,IVE (아이브),"실패: Message: no such element: Unable to locate element: {""method"":""css selector"",""selector"":""img.rg_i""}
  (Session info: chrome=138.0.7204.101); For documentation on this error, please visit: https://www.selenium.dev/documentation/webdriver/troubleshooting/errors#nosuchelementexception
Stacktrace:
	GetHandleVerifier [0x0x7ff794ec6f75+76917]
	GetHandleVerifier [0x0x7ff794ec6fd0+77008]
	(No symbol) [0x0x7ff794c79dea]
	(No symbol) [0x0x7ff794cd0256]
	(No symbol) [0x0x7ff794cd050c]
	(No symbol) [0x0x7ff794d23887]
	(No symbol) [0x0x7ff794cf84af]
	(No symbol) [0x0x7ff794d2065c]
	(No symbol) [0x0x7ff794cf8243]
	(No symbol) [0x0x7ff794cc1431]
	(No symbol) [0x0x7ff794cc21c3]
	GetHandleVerifier [0x0x7ff79519d2ad+3051437]
	GetHandleVerifier [0x0x7ff795197903+3028483]
	GetHandleVerifier [0x0x7ff7951b589d+3151261]
	GetHandleVerifier [0x0x7ff794ee183e+185662]
	GetHandleVerifier [0x0x7ff794ee96ff+218111]
	GetHandleVerifier [0x0x7ff794ecfaf4+112628]
	GetHandleVerifier [0x0x7ff794ecfca9+113065]
	GetHandleVerifier [0x0x7ff794eb6c78+10616]
	BaseThreadInitThunk [0x0x7ffc7245e8d7+23]
	RtlUserThreadStart [0x0x7ffc7387c34c+44]
"
Kitsch,IVE (아이브),"실패: Message: no such element: Unable to locate element: {""method"":""css selector"",""selector"":""img.rg_i""}
  (Session info: chrome=138.0.7204.101); For documentation on this error, please visit: https://www.selenium.dev/documentation/webdriver/troubleshooting/errors#nosuchelementexception
Stacktrace:
	GetHandleVerifier [0x0x7ff794ec6f75+76917]
	GetHandleVerifier [0x0x7ff794ec6fd0+77008]
	(No symbol) [0x0x7ff794c79dea]
	(No symbol) [0x0x7ff794cd0256]
	(No symbol) [0x0x7ff794cd050c]
	(No symbol) [0x0x7ff794d23887]
	(No symbol) [0x0x7ff794cf84af]
	(No symbol) [0x0x7ff794d2065c]
	(No symbol) [0x0x7ff794cf8243]
	(No symbol) [0x0x7ff794cc1431]
	(No symbol) [0x0x7ff794cc21c3]
	GetHandleVerifier [0x0x7ff79519d2ad+3051437]
	GetHandleVerifier [0x0x7ff795197903+3028483]
	GetHandleVerifier [0x0x7ff7951b589d+3151261]
	GetHandleVerifier [0x0x7ff794ee183e+185662]
	GetHandleVerifier [0x0x7ff794ee96ff+218111]
	GetHandleVerifier [0x0x7ff794ecfaf4+112628]
	GetHandleVerifier [0x0x7ff794ecfca9+113065]
	GetHandleVerifier [0x0x7ff794eb6c78+10616]
	BaseThreadInitThunk [0x0x7ffc7245e8d7+23]
	RtlUserThreadStart [0x0x7ffc7387c34c+44]
"
LOVE DIVE,IVE (아이브),"실패: Message: no such element: Unable to locate element: {""method"":""css selector"",""selector"":""img.rg_i""}
  (Session info: chrome=138.0.7204.101); For documentation on this error, please visit: https://www.selenium.dev/documentation/webdriver/troubleshooting/errors#nosuchelementexception
Stacktrace:
	GetHandleVerifier [0x0x7ff794ec6f75+76917]
	GetHandleVerifier [0x0x7ff794ec6fd0+77008]
	(No symbol) [0x0x7ff794c79dea]
	(No symbol) [0x0x7ff794cd0256]
	(No symbol) [0x0x7ff794cd050c]
	(No symbol) [0x0x7ff794d23887]
	(No symbol) [0x0x7ff794cf84af]
	(No symbol) [0x0x7ff794d2065c]
	(No symbol) [0x0x7ff794cf8243]
	(No symbol) [0x0x7ff794cc1431]
	(No symbol) [0x0x7ff794cc21c3]
	GetHandleVerifier [0x0x7ff79519d2ad+3051437]
	GetHandleVerifier [0x0x7ff795197903+3028483]
	GetHandleVerifier [0x0x7ff7951b589d+3151261]
	GetHandleVerifier [0x0x7ff794ee183e+185662]
	GetHandleVerifier [0x0x7ff794ee96ff+218111]
	GetHandleVerifier [0x0x7ff794ecfaf4+112628]
	GetHandleVerifier [0x0x7ff794ecfca9+113065]
	GetHandleVerifier [0x0x7ff794eb6c78+10616]
	BaseThreadInitThunk [0x0x7ffc7245e8d7+23]
	RtlUserThreadStart [0x0x7ffc7387c34c+44]
"
Off The Record,IVE (아이브),"실패: Message: no such element: Unable to locate element: {""method"":""css selector"",""selector"":""img.rg_i""}
  (Session info: chrome=138.0.7204.101); For documentation on this error, please visit: https://www.selenium.dev/documentation/webdriver/troubleshooting/errors#nosuchelementexception
Stacktrace:
	GetHandleVerifier [0x0x7ff794ec6f75+76917]
	GetHandleVerifier [0x0x7ff794ec6fd0+77008]
	(No symbol) [0x0x7ff794c79dea]
	(No symbol) [0x0x7ff794cd0256]
	(No symbol) [0x0x7ff794cd050c]
	(No symbol) [0x0x7ff794d23887]
	(No symbol) [0x0x7ff794cf84af]
	(No symbol) [0x0x7ff794d2065c]
	(No symbol) [0x0x7ff794cf8243]
	(No symbol) [0x0x7ff794cc1431]
	(No symbol) [0x0x7ff794cc21c3]
	GetHandleVerifier [0x0x7ff79519d2ad+3051437]
	GetHandleVerifier [0x0x7ff795197903+3028483]
	GetHandleVerifier [0x0x7ff7951b589d+3151261]
	GetHandleVerifier [0x0x7ff794ee183e+185662]
	GetHandleVerifier [0x0x7ff794ee96ff+218111]
	GetHandleVerifier [0x0x7ff794ecfaf4+112628]
	GetHandleVerifier [0x0x7ff794ecfca9+113065]
	GetHandleVerifier [0x0x7ff794eb6c78+10616]
	BaseThreadInitThunk [0x0x7ffc7245e8d7+23]
	RtlUserThreadStart [0x0x7ffc7387c34c+44]
"
REBEL HEART,IVE (아이브),"실패: Message: no such element: Unable to locate element: {""method"":""css selector"",""selector"":""img.rg_i""}
  (Session info: chrome=138.0.7204.101); For documentation on this error, please visit: https://www.selenium.dev/documentation/webdriver/troubleshooting/errors#nosuchelementexception
Stacktrace:
	GetHandleVerifier [0x0x7ff794ec6f75+76917]
	GetHandleVerifier [0x0x7ff794ec6fd0+77008]
	(No symbol) [0x0x7ff794c79dea]
	(No symbol) [0x0x7ff794cd0256]
	(No symbol) [0x0x7ff794cd050c]
	(No symbol) [0x0x7ff794d23887]
	(No symbol) [0x0x7ff794cf84af]
	(No symbol) [0x0x7ff794d2065c]
	(No symbol) [0x0x7ff794cf8243]
	(No symbol) [0x0x7ff794cc1431]
	(No symbol) [0x0x7ff794cc21c3]
	GetHandleVerifier [0x0x7ff79519d2ad+3051437]
	GetHandleVerifier [0x0x7ff795197903+3028483]
	GetHandleVerifier [0x0x7ff7951b589d+3151261]
	GetHandleVerifier [0x0x7ff794ee183e+185662]
	GetHandleVerifier [0x0x7ff794ee96ff+218111]
	GetHandleVerifier [0x0x7ff794ecfaf4+112628]
	GetHandleVerifier [0x0x7ff794ecfca9+113065]
	GetHandleVerifier [0x0x7ff794eb6c78+10616]
	BaseThreadInitThunk [0x0x7ffc7245e8d7+23]
	RtlUserThreadStart [0x0x7ffc7387c34c+44]
"
해야 (HEYA),IVE (아이브),"실패: Message: no such element: Unable to locate element: {""method"":""css selector"",""selector"":""img.rg_i""}
  (Session info: chrome=138.0.7204.101); For documentation on this error, please visit: https://www.selenium.dev/documentation/webdriver/troubleshooting/errors#nosuchelementexception
Stacktrace:
	GetHandleVerifier [0x0x7ff794ec6f75+76917]
	GetHandleVerifier [0x0x7ff794ec6fd0+77008]
	(No symbol) [0x0x7ff794c79dea]
	(No symbol) [0x0x7ff794cd0256]
	(No symbol) [0x0x7ff794cd050c]
	(No symbol) [0x0x7ff794d23887]
	(No symbol) [0x0x7ff794cf84af]
	(No symbol) [0x0x7ff794d2065c]
	(No symbol) [0x0x7ff794cf8243]
	(No symbol) [0x0x7ff794cc1431]
	(No symbol) [0x0x7ff794cc21c3]
	GetHandleVerifier [0x0x7ff79519d2ad+3051437]
	GetHandleVerifier [0x0x7ff795197903+3028483]
	GetHandleVerifier [0x0x7ff7951b589d+3151261]
	GetHandleVerifier [0x0x7ff794ee183e+185662]
	GetHandleVerifier [0x0x7ff794ee96ff+218111]
	GetHandleVerifier [0x0x7ff794ecfaf4+112628]
	GetHandleVerifier [0x0x7ff794ecfca9+113065]
	GetHandleVerifier [0x0x7ff794eb6c78+10616]
	BaseThreadInitThunk [0x0x7ffc7245e8d7+23]
	RtlUserThreadStart [0x0x7ffc7387c34c+44]
"
Sweet Dreams (feat. Miguel),"j-hope, Miguel","실패: Message: no such element: Unable to locate element: {""method"":""css selector"",""selector"":""img.rg_i""}
  (Session info: chrome=138.0.7204.101); For documentation on this error, please visit: https://www.selenium.dev/documentation/webdriver/troubleshooting/errors#nosuchelementexception
Stacktrace:
	GetHandleVerifier [0x0x7ff794ec6f75+76917]
	GetHandleVerifier [0x0x7ff794ec6fd0+77008]
	(No symbol) [0x0x7ff794c79dea]
	(No symbol) [0x0x7ff794cd0256]
	(No symbol) [0x0x7ff794cd050c]
	(No symbol) [0x0x7ff794d23887]
	(No symbol) [0x0x7ff794cf84af]
	(No symbol) [0x0x7ff794d2065c]
	(No symbol) [0x0x7ff794cf8243]
	(No symbol) [0x0x7ff794cc1431]
	(No symbol) [0x0x7ff794cc21c3]
	GetHandleVerifier [0x0x7ff79519d2ad+3051437]
	GetHandleVerifier [0x0x7ff795197903+3028483]
	GetHandleVerifier [0x0x7ff7951b589d+3151261]
	GetHandleVerifier [0x0x7ff794ee183e+185662]
	GetHandleVerifier [0x0x7ff794ee96ff+218111]
	GetHandleVerifier [0x0x7ff794ecfaf4+112628]
	GetHandleVerifier [0x0x7ff794ecfca9+113065]
	GetHandleVerifier [0x0x7ff794eb6c78+10616]
	BaseThreadInitThunk [0x0x7ffc7245e8d7+23]
	RtlUserThreadStart [0x0x7ffc7387c34c+44]
"
Not Like Us,Kendrick Lamar,"실패: Message: no such element: Unable to locate element: {""method"":""css selector"",""selector"":""img.rg_i""}
  (Session info: chrome=138.0.7204.101); For documentation on this error, please visit: https://www.selenium.dev/documentation/webdriver/troubleshooting/errors#nosuchelementexception
Stacktrace:
	GetHandleVerifier [0x0x7ff794ec6f75+76917]
	GetHandleVerifier [0x0x7ff794ec6fd0+77008]
	(No symbol) [0x0x7ff794c79dea]
	(No symbol) [0x0x7ff794cd0256]
	(No symbol) [0x0x7ff794cd050c]
	(No symbol) [0x0x7ff794d23887]
	(No symbol) [0x0x7ff794cf84af]
	(No symbol) [0x0x7ff794d2065c]
	(No symbol) [0x0x7ff794cf8243]
	(No symbol) [0x0x7ff794cc1431]
	(No symbol) [0x0x7ff794cc21c3]
	GetHandleVerifier [0x0x7ff79519d2ad+3051437]
	GetHandleVerifier [0x0x7ff795197903+3028483]
	GetHandleVerifier [0x0x7ff7951b589d+3151261]
	GetHandleVerifier [0x0x7ff794ee183e+185662]
	GetHandleVerifier [0x0x7ff794ee96ff+218111]
	GetHandleVerifier [0x0x7ff794ecfaf4+112628]
	GetHandleVerifier [0x0x7ff794ecfca9+113065]
	GetHandleVerifier [0x0x7ff794eb6c78+10616]
	BaseThreadInitThunk [0x0x7ffc7245e8d7+23]
	RtlUserThreadStart [0x0x7ffc7387c34c+44]
"
luther,"Kendrick Lamar, SZA","실패: Message: no such element: Unable to locate element: {""method"":""css selector"",""selector"":""img.rg_i""}
  (Session info: chrome=138.0.7204.101); For documentation on this error, please visit: https://www.selenium.dev/documentation/webdriver/troubleshooting/errors#nosuchelementexception
Stacktrace:
	GetHandleVerifier [0x0x7ff794ec6f75+76917]
	GetHandleVerifier [0x0x7ff794ec6fd0+77008]
	(No symbol) [0x0x7ff794c79dea]
	(No symbol) [0x0x7ff794cd0256]
	(No symbol) [0x0x7ff794cd050c]
	(No symbol) [0x0x7ff794d23887]
	(No symbol) [0x0x7ff794cf84af]
	(No symbol) [0x0x7ff794d2065c]
	(No symbol) [0x0x7ff794cf8243]
	(No symbol) [0x0x7ff794cc1431]
	(No symbol) [0x0x7ff794cc21c3]
	GetHandleVerifier [0x0x7ff79519d2ad+3051437]
	GetHandleVerifier [0x0x7ff795197903+3028483]
	GetHandleVerifier [0x0x7ff7951b589d+3151261]
	GetHandleVerifier [0x0x7ff794ee183e+185662]
	GetHandleVerifier [0x0x7ff794ee96ff+218111]
	GetHandleVerifier [0x0x7ff794ecfaf4+112628]
	GetHandleVerifier [0x0x7ff794ecfca9+113065]
	GetHandleVerifier [0x0x7ff794eb6c78+10616]
	BaseThreadInitThunk [0x0x7ffc7245e8d7+23]
	RtlUserThreadStart [0x0x7ffc7387c34c+44]
"
I DO ME,KiiiKiii (키키),"실패: Message: no such element: Unable to locate element: {""method"":""css selector"",""selector"":""img.rg_i""}
  (Session info: chrome=138.0.7204.101); For documentation on this error, please visit: https://www.selenium.dev/documentation/webdriver/troubleshooting/errors#nosuchelementexception
Stacktrace:
	GetHandleVerifier [0x0x7ff794ec6f75+76917]
	GetHandleVerifier [0x0x7ff794ec6fd0+77008]
	(No symbol) [0x0x7ff794c79dea]
	(No symbol) [0x0x7ff794cd0256]
	(No symbol) [0x0x7ff794cd050c]
	(No symbol) [0x0x7ff794d23887]
	(No symbol) [0x0x7ff794cf84af]
	(No symbol) [0x0x7ff794d2065c]
	(No symbol) [0x0x7ff794cf8243]
	(No symbol) [0x0x7ff794cc1431]
	(No symbol) [0x0x7ff794cc21c3]
	GetHandleVerifier [0x0x7ff79519d2ad+3051437]
	GetHandleVerifier [0x0x7ff795197903+3028483]
	GetHandleVerifier [0x0x7ff7951b589d+3151261]
	GetHandleVerifier [0x0x7ff794ee183e+185662]
	GetHandleVerifier [0x0x7ff794ee96ff+218111]
	GetHandleVerifier [0x0x7ff794ecfaf4+112628]
	GetHandleVerifier [0x0x7ff794ecfca9+113065]
	GetHandleVerifier [0x0x7ff794eb6c78+10616]
	BaseThreadInitThunk [0x0x7ffc7245e8d7+23]
	RtlUserThreadStart [0x0x7ffc7387c34c+44]
"
Igloo,KISS OF LIFE,"실패: Message: no such element: Unable to locate element: {""method"":""css selector"",""selector"":""img.rg_i""}
  (Session info: chrome=138.0.7204.101); For documentation on this error, please visit: https://www.selenium.dev/documentation/webdriver/troubleshooting/errors#nosuchelementexception
Stacktrace:
	GetHandleVerifier [0x0x7ff794ec6f75+76917]
	GetHandleVerifier [0x0x7ff794ec6fd0+77008]
	(No symbol) [0x0x7ff794c79dea]
	(No symbol) [0x0x7ff794cd0256]
	(No symbol) [0x0x7ff794cd050c]
	(No symbol) [0x0x7ff794d23887]
	(No symbol) [0x0x7ff794cf84af]
	(No symbol) [0x0x7ff794d2065c]
	(No symbol) [0x0x7ff794cf8243]
	(No symbol) [0x0x7ff794cc1431]
	(No symbol) [0x0x7ff794cc21c3]
	GetHandleVerifier [0x0x7ff79519d2ad+3051437]
	GetHandleVerifier [0x0x7ff795197903+3028483]
	GetHandleVerifier [0x0x7ff7951b589d+3151261]
	GetHandleVerifier [0x0x7ff794ee183e+185662]
	GetHandleVerifier [0x0x7ff794ee96ff+218111]
	GetHandleVerifier [0x0x7ff794ecfaf4+112628]
	GetHandleVerifier [0x0x7ff794ecfca9+113065]
	GetHandleVerifier [0x0x7ff794eb6c78+10616]
	BaseThreadInitThunk [0x0x7ffc7245e8d7+23]
	RtlUserThreadStart [0x0x7ffc7387c34c+44]
"
Midas Touch,KISS OF LIFE,"실패: Message: no such element: Unable to locate element: {""method"":""css selector"",""selector"":""img.rg_i""}
  (Session info: chrome=138.0.7204.101); For documentation on this error, please visit: https://www.selenium.dev/documentation/webdriver/troubleshooting/errors#nosuchelementexception
Stacktrace:
	GetHandleVerifier [0x0x7ff794ec6f75+76917]
	GetHandleVerifier [0x0x7ff794ec6fd0+77008]
	(No symbol) [0x0x7ff794c79dea]
	(No symbol) [0x0x7ff794cd0256]
	(No symbol) [0x0x7ff794cd050c]
	(No symbol) [0x0x7ff794d23887]
	(No symbol) [0x0x7ff794cf84af]
	(No symbol) [0x0x7ff794d2065c]
	(No symbol) [0x0x7ff794cf8243]
	(No symbol) [0x0x7ff794cc1431]
	(No symbol) [0x0x7ff794cc21c3]
	GetHandleVerifier [0x0x7ff79519d2ad+3051437]
	GetHandleVerifier [0x0x7ff795197903+3028483]
	GetHandleVerifier [0x0x7ff7951b589d+3151261]
	GetHandleVerifier [0x0x7ff794ee183e+185662]
	GetHandleVerifier [0x0x7ff794ee96ff+218111]
	GetHandleVerifier [0x0x7ff794ecfaf4+112628]
	GetHandleVerifier [0x0x7ff794ecfca9+113065]
	GetHandleVerifier [0x0x7ff794eb6c78+10616]
	BaseThreadInitThunk [0x0x7ffc7245e8d7+23]
	RtlUserThreadStart [0x0x7ffc7387c34c+44]
"
Sticky,KISS OF LIFE,"실패: Message: no such element: Unable to locate element: {""method"":""css selector"",""selector"":""img.rg_i""}
  (Session info: chrome=138.0.7204.101); For documentation on this error, please visit: https://www.selenium.dev/documentation/webdriver/troubleshooting/errors#nosuchelementexception
Stacktrace:
	GetHandleVerifier [0x0x7ff794ec6f75+76917]
	GetHandleVerifier [0x0x7ff794ec6fd0+77008]
	(No symbol) [0x0x7ff794c79dea]
	(No symbol) [0x0x7ff794cd0256]
	(No symbol) [0x0x7ff794cd050c]
	(No symbol) [0x0x7ff794d23887]
	(No symbol) [0x0x7ff794cf84af]
	(No symbol) [0x0x7ff794d2065c]
	(No symbol) [0x0x7ff794cf8243]
	(No symbol) [0x0x7ff794cc1431]
	(No symbol) [0x0x7ff794cc21c3]
	GetHandleVerifier [0x0x7ff79519d2ad+3051437]
	GetHandleVerifier [0x0x7ff795197903+3028483]
	GetHandleVerifier [0x0x7ff7951b589d+3151261]
	GetHandleVerifier [0x0x7ff794ee183e+185662]
	GetHandleVerifier [0x0x7ff794ee96ff+218111]
	GetHandleVerifier [0x0x7ff794ecfaf4+112628]
	GetHandleVerifier [0x0x7ff794ecfca9+113065]
	GetHandleVerifier [0x0x7ff794eb6c78+10616]
	BaseThreadInitThunk [0x0x7ffc7245e8d7+23]
	RtlUserThreadStart [0x0x7ffc7387c34c+44]
"
Die With A Smile,"Lady Gaga, Bruno Mars","실패: Message: no such element: Unable to locate element: {""method"":""css selector"",""selector"":""img.rg_i""}
  (Session info: chrome=138.0.7204.101); For documentation on this error, please visit: https://www.selenium.dev/documentation/webdriver/troubleshooting/errors#nosuchelementexception
Stacktrace:
	GetHandleVerifier [0x0x7ff794ec6f75+76917]
	GetHandleVerifier [0x0x7ff794ec6fd0+77008]
	(No symbol) [0x0x7ff794c79dea]
	(No symbol) [0x0x7ff794cd0256]
	(No symbol) [0x0x7ff794cd050c]
	(No symbol) [0x0x7ff794d23887]
	(No symbol) [0x0x7ff794cf84af]
	(No symbol) [0x0x7ff794d2065c]
	(No symbol) [0x0x7ff794cf8243]
	(No symbol) [0x0x7ff794cc1431]
	(No symbol) [0x0x7ff794cc21c3]
	GetHandleVerifier [0x0x7ff79519d2ad+3051437]
	GetHandleVerifier [0x0x7ff795197903+3028483]
	GetHandleVerifier [0x0x7ff7951b589d+3151261]
	GetHandleVerifier [0x0x7ff794ee183e+185662]
	GetHandleVerifier [0x0x7ff794ee96ff+218111]
	GetHandleVerifier [0x0x7ff794ecfaf4+112628]
	GetHandleVerifier [0x0x7ff794ecfca9+113065]
	GetHandleVerifier [0x0x7ff794eb6c78+10616]
	BaseThreadInitThunk [0x0x7ffc7245e8d7+23]
	RtlUserThreadStart [0x0x7ffc7387c34c+44]
"
"Steal The Show (From ""Elemental"")",Lauv,"실패: Message: no such element: Unable to locate element: {""method"":""css selector"",""selector"":""img.rg_i""}
  (Session info: chrome=138.0.7204.101); For documentation on this error, please visit: https://www.selenium.dev/documentation/webdriver/troubleshooting/errors#nosuchelementexception
Stacktrace:
	GetHandleVerifier [0x0x7ff794ec6f75+76917]
	GetHandleVerifier [0x0x7ff794ec6fd0+77008]
	(No symbol) [0x0x7ff794c79dea]
	(No symbol) [0x0x7ff794cd0256]
	(No symbol) [0x0x7ff794cd050c]
	(No symbol) [0x0x7ff794d23887]
	(No symbol) [0x0x7ff794cf84af]
	(No symbol) [0x0x7ff794d2065c]
	(No symbol) [0x0x7ff794cf8243]
	(No symbol) [0x0x7ff794cc1431]
	(No symbol) [0x0x7ff794cc21c3]
	GetHandleVerifier [0x0x7ff79519d2ad+3051437]
	GetHandleVerifier [0x0x7ff795197903+3028483]
	GetHandleVerifier [0x0x7ff7951b589d+3151261]
	GetHandleVerifier [0x0x7ff794ee183e+185662]
	GetHandleVerifier [0x0x7ff794ee96ff+218111]
	GetHandleVerifier [0x0x7ff794ecfaf4+112628]
	GetHandleVerifier [0x0x7ff794ecfca9+113065]
	GetHandleVerifier [0x0x7ff794eb6c78+10616]
	BaseThreadInitThunk [0x0x7ffc7245e8d7+23]
	RtlUserThreadStart [0x0x7ffc7387c34c+44]
"
CRAZY,LE SSERAFIM (르세라핌),"실패: Message: no such element: Unable to locate element: {""method"":""css selector"",""selector"":""img.rg_i""}
  (Session info: chrome=138.0.7204.101); For documentation on this error, please visit: https://www.selenium.dev/documentation/webdriver/troubleshooting/errors#nosuchelementexception
Stacktrace:
	GetHandleVerifier [0x0x7ff794ec6f75+76917]
	GetHandleVerifier [0x0x7ff794ec6fd0+77008]
	(No symbol) [0x0x7ff794c79dea]
	(No symbol) [0x0x7ff794cd0256]
	(No symbol) [0x0x7ff794cd050c]
	(No symbol) [0x0x7ff794d23887]
	(No symbol) [0x0x7ff794cf84af]
	(No symbol) [0x0x7ff794d2065c]
	(No symbol) [0x0x7ff794cf8243]
	(No symbol) [0x0x7ff794cc1431]
	(No symbol) [0x0x7ff794cc21c3]
	GetHandleVerifier [0x0x7ff79519d2ad+3051437]
	GetHandleVerifier [0x0x7ff795197903+3028483]
	GetHandleVerifier [0x0x7ff7951b589d+3151261]
	GetHandleVerifier [0x0x7ff794ee183e+185662]
	GetHandleVerifier [0x0x7ff794ee96ff+218111]
	GetHandleVerifier [0x0x7ff794ecfaf4+112628]
	GetHandleVerifier [0x0x7ff794ecfca9+113065]
	GetHandleVerifier [0x0x7ff794eb6c78+10616]
	BaseThreadInitThunk [0x0x7ffc7245e8d7+23]
	RtlUserThreadStart [0x0x7ffc7387c34c+44]
"
EASY,LE SSERAFIM (르세라핌),"실패: Message: no such element: Unable to locate element: {""method"":""css selector"",""selector"":""img.rg_i""}
  (Session info: chrome=138.0.7204.101); For documentation on this error, please visit: https://www.selenium.dev/documentation/webdriver/troubleshooting/errors#nosuchelementexception
Stacktrace:
	GetHandleVerifier [0x0x7ff794ec6f75+76917]
	GetHandleVerifier [0x0x7ff794ec6fd0+77008]
	(No symbol) [0x0x7ff794c79dea]
	(No symbol) [0x0x7ff794cd0256]
	(No symbol) [0x0x7ff794cd050c]
	(No symbol) [0x0x7ff794d23887]
	(No symbol) [0x0x7ff794cf84af]
	(No symbol) [0x0x7ff794d2065c]
	(No symbol) [0x0x7ff794cf8243]
	(No symbol) [0x0x7ff794cc1431]
	(No symbol) [0x0x7ff794cc21c3]
	GetHandleVerifier [0x0x7ff79519d2ad+3051437]
	GetHandleVerifier [0x0x7ff795197903+3028483]
	GetHandleVerifier [0x0x7ff7951b589d+3151261]
	GetHandleVerifier [0x0x7ff794ee183e+185662]
	GetHandleVerifier [0x0x7ff794ee96ff+218111]
	GetHandleVerifier [0x0x7ff794ecfaf4+112628]
	GetHandleVerifier [0x0x7ff794ecfca9+113065]
	GetHandleVerifier [0x0x7ff794eb6c78+10616]
	BaseThreadInitThunk [0x0x7ffc7245e8d7+23]
	RtlUserThreadStart [0x0x7ffc7387c34c+44]
"
HOT,LE SSERAFIM (르세라핌),"실패: Message: no such element: Unable to locate element: {""method"":""css selector"",""selector"":""img.rg_i""}
  (Session info: chrome=138.0.7204.101); For documentation on this error, please visit: https://www.selenium.dev/documentation/webdriver/troubleshooting/errors#nosuchelementexception
Stacktrace:
	GetHandleVerifier [0x0x7ff794ec6f75+76917]
	GetHandleVerifier [0x0x7ff794ec6fd0+77008]
	(No symbol) [0x0x7ff794c79dea]
	(No symbol) [0x0x7ff794cd0256]
	(No symbol) [0x0x7ff794cd050c]
	(No symbol) [0x0x7ff794d23887]
	(No symbol) [0x0x7ff794cf84af]
	(No symbol) [0x0x7ff794d2065c]
	(No symbol) [0x0x7ff794cf8243]
	(No symbol) [0x0x7ff794cc1431]
	(No symbol) [0x0x7ff794cc21c3]
	GetHandleVerifier [0x0x7ff79519d2ad+3051437]
	GetHandleVerifier [0x0x7ff795197903+3028483]
	GetHandleVerifier [0x0x7ff7951b589d+3151261]
	GetHandleVerifier [0x0x7ff794ee183e+185662]
	GetHandleVerifier [0x0x7ff794ee96ff+218111]
	GetHandleVerifier [0x0x7ff794ecfaf4+112628]
	GetHandleVerifier [0x0x7ff794ecfca9+113065]
	GetHandleVerifier [0x0x7ff794eb6c78+10616]
	BaseThreadInitThunk [0x0x7ffc7245e8d7+23]
	RtlUserThreadStart [0x0x7ffc7387c34c+44]
"
Perfect Night,LE SSERAFIM (르세라핌),"실패: Message: no such element: Unable to locate element: {""method"":""css selector"",""selector"":""img.rg_i""}
  (Session info: chrome=138.0.7204.101); For documentation on this error, please visit: https://www.selenium.dev/documentation/webdriver/troubleshooting/errors#nosuchelementexception
Stacktrace:
	GetHandleVerifier [0x0x7ff794ec6f75+76917]
	GetHandleVerifier [0x0x7ff794ec6fd0+77008]
	(No symbol) [0x0x7ff794c79dea]
	(No symbol) [0x0x7ff794cd0256]
	(No symbol) [0x0x7ff794cd050c]
	(No symbol) [0x0x7ff794d23887]
	(No symbol) [0x0x7ff794cf84af]
	(No symbol) [0x0x7ff794d2065c]
	(No symbol) [0x0x7ff794cf8243]
	(No symbol) [0x0x7ff794cc1431]
	(No symbol) [0x0x7ff794cc21c3]
	GetHandleVerifier [0x0x7ff79519d2ad+3051437]
	GetHandleVerifier [0x0x7ff795197903+3028483]
	GetHandleVerifier [0x0x7ff7951b589d+3151261]
	GetHandleVerifier [0x0x7ff794ee183e+185662]
	GetHandleVerifier [0x0x7ff794ee96ff+218111]
	GetHandleVerifier [0x0x7ff794ecfaf4+112628]
	GetHandleVerifier [0x0x7ff794ecfca9+113065]
	GetHandleVerifier [0x0x7ff794eb6c78+10616]
	BaseThreadInitThunk [0x0x7ffc7245e8d7+23]
	RtlUserThreadStart [0x0x7ffc7387c34c+44]
"
Smart,LE SSERAFIM (르세라핌),"실패: Message: no such element: Unable to locate element: {""method"":""css selector"",""selector"":""img.rg_i""}
  (Session info: chrome=138.0.7204.101); For documentation on this error, please visit: https://www.selenium.dev/documentation/webdriver/troubleshooting/errors#nosuchelementexception
Stacktrace:
	GetHandleVerifier [0x0x7ff794ec6f75+76917]
	GetHandleVerifier [0x0x7ff794ec6fd0+77008]
	(No symbol) [0x0x7ff794c79dea]
	(No symbol) [0x0x7ff794cd0256]
	(No symbol) [0x0x7ff794cd050c]
	(No symbol) [0x0x7ff794d23887]
	(No symbol) [0x0x7ff794cf84af]
	(No symbol) [0x0x7ff794d2065c]
	(No symbol) [0x0x7ff794cf8243]
	(No symbol) [0x0x7ff794cc1431]
	(No symbol) [0x0x7ff794cc21c3]
	GetHandleVerifier [0x0x7ff79519d2ad+3051437]
	GetHandleVerifier [0x0x7ff795197903+3028483]
	GetHandleVerifier [0x0x7ff7951b589d+3151261]
	GetHandleVerifier [0x0x7ff794ee183e+185662]
	GetHandleVerifier [0x0x7ff794ee96ff+218111]
	GetHandleVerifier [0x0x7ff794ecfaf4+112628]
	GetHandleVerifier [0x0x7ff794ecfca9+113065]
	GetHandleVerifier [0x0x7ff794eb6c78+10616]
	BaseThreadInitThunk [0x0x7ffc7245e8d7+23]
	RtlUserThreadStart [0x0x7ffc7387c34c+44]
"
UNFORGIVEN (feat. Nile Rodgers),LE SSERAFIM (르세라핌),"실패: Message: no such element: Unable to locate element: {""method"":""css selector"",""selector"":""img.rg_i""}
  (Session info: chrome=138.0.7204.101); For documentation on this error, please visit: https://www.selenium.dev/documentation/webdriver/troubleshooting/errors#nosuchelementexception
Stacktrace:
	GetHandleVerifier [0x0x7ff794ec6f75+76917]
	GetHandleVerifier [0x0x7ff794ec6fd0+77008]
	(No symbol) [0x0x7ff794c79dea]
	(No symbol) [0x0x7ff794cd0256]
	(No symbol) [0x0x7ff794cd050c]
	(No symbol) [0x0x7ff794d23887]
	(No symbol) [0x0x7ff794cf84af]
	(No symbol) [0x0x7ff794d2065c]
	(No symbol) [0x0x7ff794cf8243]
	(No symbol) [0x0x7ff794cc1431]
	(No symbol) [0x0x7ff794cc21c3]
	GetHandleVerifier [0x0x7ff79519d2ad+3051437]
	GetHandleVerifier [0x0x7ff795197903+3028483]
	GetHandleVerifier [0x0x7ff7951b589d+3151261]
	GetHandleVerifier [0x0x7ff794ee183e+185662]
	GetHandleVerifier [0x0x7ff794ee96ff+218111]
	GetHandleVerifier [0x0x7ff794ecfaf4+112628]
	GetHandleVerifier [0x0x7ff794ecfca9+113065]
	GetHandleVerifier [0x0x7ff794eb6c78+10616]
	BaseThreadInitThunk [0x0x7ffc7245e8d7+23]
	RtlUserThreadStart [0x0x7ffc7387c34c+44]
"
"이브, 프시케 그리고 푸른 수염의 아내",LE SSERAFIM (르세라핌),"실패: Message: no such element: Unable to locate element: {""method"":""css selector"",""selector"":""img.rg_i""}
  (Session info: chrome=138.0.7204.101); For documentation on this error, please visit: https://www.selenium.dev/documentation/webdriver/troubleshooting/errors#nosuchelementexception
Stacktrace:
	GetHandleVerifier [0x0x7ff794ec6f75+76917]
	GetHandleVerifier [0x0x7ff794ec6fd0+77008]
	(No symbol) [0x0x7ff794c79dea]
	(No symbol) [0x0x7ff794cd0256]
	(No symbol) [0x0x7ff794cd050c]
	(No symbol) [0x0x7ff794d23887]
	(No symbol) [0x0x7ff794cf84af]
	(No symbol) [0x0x7ff794d2065c]
	(No symbol) [0x0x7ff794cf8243]
	(No symbol) [0x0x7ff794cc1431]
	(No symbol) [0x0x7ff794cc21c3]
	GetHandleVerifier [0x0x7ff79519d2ad+3051437]
	GetHandleVerifier [0x0x7ff795197903+3028483]
	GetHandleVerifier [0x0x7ff7951b589d+3151261]
	GetHandleVerifier [0x0x7ff794ee183e+185662]
	GetHandleVerifier [0x0x7ff794ee96ff+218111]
	GetHandleVerifier [0x0x7ff794ecfaf4+112628]
	GetHandleVerifier [0x0x7ff794ecfca9+113065]
	GetHandleVerifier [0x0x7ff794eb6c78+10616]
	BaseThreadInitThunk [0x0x7ffc7245e8d7+23]
	RtlUserThreadStart [0x0x7ffc7387c34c+44]
"
All I Want for Christmas Is You,Mariah Carey,"실패: Message: no such element: Unable to locate element: {""method"":""css selector"",""selector"":""img.rg_i""}
  (Session info: chrome=138.0.7204.101); For documentation on this error, please visit: https://www.selenium.dev/documentation/webdriver/troubleshooting/errors#nosuchelementexception
Stacktrace:
	GetHandleVerifier [0x0x7ff794ec6f75+76917]
	GetHandleVerifier [0x0x7ff794ec6fd0+77008]
	(No symbol) [0x0x7ff794c79dea]
	(No symbol) [0x0x7ff794cd0256]
	(No symbol) [0x0x7ff794cd050c]
	(No symbol) [0x0x7ff794d23887]
	(No symbol) [0x0x7ff794cf84af]
	(No symbol) [0x0x7ff794d2065c]
	(No symbol) [0x0x7ff794cf8243]
	(No symbol) [0x0x7ff794cc1431]
	(No symbol) [0x0x7ff794cc21c3]
	GetHandleVerifier [0x0x7ff79519d2ad+3051437]
	GetHandleVerifier [0x0x7ff795197903+3028483]
	GetHandleVerifier [0x0x7ff7951b589d+3151261]
	GetHandleVerifier [0x0x7ff794ee183e+185662]
	GetHandleVerifier [0x0x7ff794ee96ff+218111]
	GetHandleVerifier [0x0x7ff794ecfaf4+112628]
	GetHandleVerifier [0x0x7ff794ecfca9+113065]
	GetHandleVerifier [0x0x7ff794eb6c78+10616]
	BaseThreadInitThunk [0x0x7ffc7245e8d7+23]
	RtlUserThreadStart [0x0x7ffc7387c34c+44]
"
HANDS UP,MEOVV (미야오),"실패: Message: no such element: Unable to locate element: {""method"":""css selector"",""selector"":""img.rg_i""}
  (Session info: chrome=138.0.7204.101); For documentation on this error, please visit: https://www.selenium.dev/documentation/webdriver/troubleshooting/errors#nosuchelementexception
Stacktrace:
	GetHandleVerifier [0x0x7ff794ec6f75+76917]
	GetHandleVerifier [0x0x7ff794ec6fd0+77008]
	(No symbol) [0x0x7ff794c79dea]
	(No symbol) [0x0x7ff794cd0256]
	(No symbol) [0x0x7ff794cd050c]
	(No symbol) [0x0x7ff794d23887]
	(No symbol) [0x0x7ff794cf84af]
	(No symbol) [0x0x7ff794d2065c]
	(No symbol) [0x0x7ff794cf8243]
	(No symbol) [0x0x7ff794cc1431]
	(No symbol) [0x0x7ff794cc21c3]
	GetHandleVerifier [0x0x7ff79519d2ad+3051437]
	GetHandleVerifier [0x0x7ff795197903+3028483]
	GetHandleVerifier [0x0x7ff7951b589d+3151261]
	GetHandleVerifier [0x0x7ff794ee183e+185662]
	GetHandleVerifier [0x0x7ff794ee96ff+218111]
	GetHandleVerifier [0x0x7ff794ecfaf4+112628]
	GetHandleVerifier [0x0x7ff794ecfca9+113065]
	GetHandleVerifier [0x0x7ff794eb6c78+10616]
	BaseThreadInitThunk [0x0x7ffc7245e8d7+23]
	RtlUserThreadStart [0x0x7ffc7387c34c+44]
"
MEOW,MEOVV (미야오),"실패: Message: no such element: Unable to locate element: {""method"":""css selector"",""selector"":""img.rg_i""}
  (Session info: chrome=138.0.7204.101); For documentation on this error, please visit: https://www.selenium.dev/documentation/webdriver/troubleshooting/errors#nosuchelementexception
Stacktrace:
	GetHandleVerifier [0x0x7ff794ec6f75+76917]
	GetHandleVerifier [0x0x7ff794ec6fd0+77008]
	(No symbol) [0x0x7ff794c79dea]
	(No symbol) [0x0x7ff794cd0256]
	(No symbol) [0x0x7ff794cd050c]
	(No symbol) [0x0x7ff794d23887]
	(No symbol) [0x0x7ff794cf84af]
	(No symbol) [0x0x7ff794d2065c]
	(No symbol) [0x0x7ff794cf8243]
	(No symbol) [0x0x7ff794cc1431]
	(No symbol) [0x0x7ff794cc21c3]
	GetHandleVerifier [0x0x7ff79519d2ad+3051437]
	GetHandleVerifier [0x0x7ff795197903+3028483]
	GetHandleVerifier [0x0x7ff7951b589d+3151261]
	GetHandleVerifier [0x0x7ff794ee183e+185662]
	GetHandleVerifier [0x0x7ff794ee96ff+218111]
	GetHandleVerifier [0x0x7ff794ecfaf4+112628]
	GetHandleVerifier [0x0x7ff794ecfca9+113065]
	GetHandleVerifier [0x0x7ff794eb6c78+10616]
	BaseThreadInitThunk [0x0x7ffc7245e8d7+23]
	RtlUserThreadStart [0x0x7ffc7387c34c+44]
"
삐그덕 (Walk),NCT 127,"실패: Message: no such element: Unable to locate element: {""method"":""css selector"",""selector"":""img.rg_i""}
  (Session info: chrome=138.0.7204.101); For documentation on this error, please visit: https://www.selenium.dev/documentation/webdriver/troubleshooting/errors#nosuchelementexception
Stacktrace:
	GetHandleVerifier [0x0x7ff794ec6f75+76917]
	GetHandleVerifier [0x0x7ff794ec6fd0+77008]
	(No symbol) [0x0x7ff794c79dea]
	(No symbol) [0x0x7ff794cd0256]
	(No symbol) [0x0x7ff794cd050c]
	(No symbol) [0x0x7ff794d23887]
	(No symbol) [0x0x7ff794cf84af]
	(No symbol) [0x0x7ff794d2065c]
	(No symbol) [0x0x7ff794cf8243]
	(No symbol) [0x0x7ff794cc1431]
	(No symbol) [0x0x7ff794cc21c3]
	GetHandleVerifier [0x0x7ff79519d2ad+3051437]
	GetHandleVerifier [0x0x7ff795197903+3028483]
	GetHandleVerifier [0x0x7ff7951b589d+3151261]
	GetHandleVerifier [0x0x7ff794ee183e+185662]
	GetHandleVerifier [0x0x7ff794ee96ff+218111]
	GetHandleVerifier [0x0x7ff794ecfaf4+112628]
	GetHandleVerifier [0x0x7ff794ecfca9+113065]
	GetHandleVerifier [0x0x7ff794eb6c78+10616]
	BaseThreadInitThunk [0x0x7ffc7245e8d7+23]
	RtlUserThreadStart [0x0x7ffc7387c34c+44]
"
Attention,NewJeans,"실패: Message: no such element: Unable to locate element: {""method"":""css selector"",""selector"":""img.rg_i""}
  (Session info: chrome=138.0.7204.101); For documentation on this error, please visit: https://www.selenium.dev/documentation/webdriver/troubleshooting/errors#nosuchelementexception
Stacktrace:
	GetHandleVerifier [0x0x7ff794ec6f75+76917]
	GetHandleVerifier [0x0x7ff794ec6fd0+77008]
	(No symbol) [0x0x7ff794c79dea]
	(No symbol) [0x0x7ff794cd0256]
	(No symbol) [0x0x7ff794cd050c]
	(No symbol) [0x0x7ff794d23887]
	(No symbol) [0x0x7ff794cf84af]
	(No symbol) [0x0x7ff794d2065c]
	(No symbol) [0x0x7ff794cf8243]
	(No symbol) [0x0x7ff794cc1431]
	(No symbol) [0x0x7ff794cc21c3]
	GetHandleVerifier [0x0x7ff79519d2ad+3051437]
	GetHandleVerifier [0x0x7ff795197903+3028483]
	GetHandleVerifier [0x0x7ff7951b589d+3151261]
	GetHandleVerifier [0x0x7ff794ee183e+185662]
	GetHandleVerifier [0x0x7ff794ee96ff+218111]
	GetHandleVerifier [0x0x7ff794ecfaf4+112628]
	GetHandleVerifier [0x0x7ff794ecfca9+113065]
	GetHandleVerifier [0x0x7ff794eb6c78+10616]
	BaseThreadInitThunk [0x0x7ffc7245e8d7+23]
	RtlUserThreadStart [0x0x7ffc7387c34c+44]
"
Bubble Gum,NewJeans,"실패: Message: no such element: Unable to locate element: {""method"":""css selector"",""selector"":""img.rg_i""}
  (Session info: chrome=138.0.7204.101); For documentation on this error, please visit: https://www.selenium.dev/documentation/webdriver/troubleshooting/errors#nosuchelementexception
Stacktrace:
	GetHandleVerifier [0x0x7ff794ec6f75+76917]
	GetHandleVerifier [0x0x7ff794ec6fd0+77008]
	(No symbol) [0x0x7ff794c79dea]
	(No symbol) [0x0x7ff794cd0256]
	(No symbol) [0x0x7ff794cd050c]
	(No symbol) [0x0x7ff794d23887]
	(No symbol) [0x0x7ff794cf84af]
	(No symbol) [0x0x7ff794d2065c]
	(No symbol) [0x0x7ff794cf8243]
	(No symbol) [0x0x7ff794cc1431]
	(No symbol) [0x0x7ff794cc21c3]
	GetHandleVerifier [0x0x7ff79519d2ad+3051437]
	GetHandleVerifier [0x0x7ff795197903+3028483]
	GetHandleVerifier [0x0x7ff7951b589d+3151261]
	GetHandleVerifier [0x0x7ff794ee183e+185662]
	GetHandleVerifier [0x0x7ff794ee96ff+218111]
	GetHandleVerifier [0x0x7ff794ecfaf4+112628]
	GetHandleVerifier [0x0x7ff794ecfca9+113065]
	GetHandleVerifier [0x0x7ff794eb6c78+10616]
	BaseThreadInitThunk [0x0x7ffc7245e8d7+23]
	RtlUserThreadStart [0x0x7ffc7387c34c+44]
"
Ditto,NewJeans,"실패: Message: no such element: Unable to locate element: {""method"":""css selector"",""selector"":""img.rg_i""}
  (Session info: chrome=138.0.7204.101); For documentation on this error, please visit: https://www.selenium.dev/documentation/webdriver/troubleshooting/errors#nosuchelementexception
Stacktrace:
	GetHandleVerifier [0x0x7ff794ec6f75+76917]
	GetHandleVerifier [0x0x7ff794ec6fd0+77008]
	(No symbol) [0x0x7ff794c79dea]
	(No symbol) [0x0x7ff794cd0256]
	(No symbol) [0x0x7ff794cd050c]
	(No symbol) [0x0x7ff794d23887]
	(No symbol) [0x0x7ff794cf84af]
	(No symbol) [0x0x7ff794d2065c]
	(No symbol) [0x0x7ff794cf8243]
	(No symbol) [0x0x7ff794cc1431]
	(No symbol) [0x0x7ff794cc21c3]
	GetHandleVerifier [0x0x7ff79519d2ad+3051437]
	GetHandleVerifier [0x0x7ff795197903+3028483]
	GetHandleVerifier [0x0x7ff7951b589d+3151261]
	GetHandleVerifier [0x0x7ff794ee183e+185662]
	GetHandleVerifier [0x0x7ff794ee96ff+218111]
	GetHandleVerifier [0x0x7ff794ecfaf4+112628]
	GetHandleVerifier [0x0x7ff794ecfca9+113065]
	GetHandleVerifier [0x0x7ff794eb6c78+10616]
	BaseThreadInitThunk [0x0x7ffc7245e8d7+23]
	RtlUserThreadStart [0x0x7ffc7387c34c+44]
"
ETA,NewJeans,"실패: Message: no such element: Unable to locate element: {""method"":""css selector"",""selector"":""img.rg_i""}
  (Session info: chrome=138.0.7204.101); For documentation on this error, please visit: https://www.selenium.dev/documentation/webdriver/troubleshooting/errors#nosuchelementexception
Stacktrace:
	GetHandleVerifier [0x0x7ff794ec6f75+76917]
	GetHandleVerifier [0x0x7ff794ec6fd0+77008]
	(No symbol) [0x0x7ff794c79dea]
	(No symbol) [0x0x7ff794cd0256]
	(No symbol) [0x0x7ff794cd050c]
	(No symbol) [0x0x7ff794d23887]
	(No symbol) [0x0x7ff794cf84af]
	(No symbol) [0x0x7ff794d2065c]
	(No symbol) [0x0x7ff794cf8243]
	(No symbol) [0x0x7ff794cc1431]
	(No symbol) [0x0x7ff794cc21c3]
	GetHandleVerifier [0x0x7ff79519d2ad+3051437]
	GetHandleVerifier [0x0x7ff795197903+3028483]
	GetHandleVerifier [0x0x7ff7951b589d+3151261]
	GetHandleVerifier [0x0x7ff794ee183e+185662]
	GetHandleVerifier [0x0x7ff794ee96ff+218111]
	GetHandleVerifier [0x0x7ff794ecfaf4+112628]
	GetHandleVerifier [0x0x7ff794ecfca9+113065]
	GetHandleVerifier [0x0x7ff794eb6c78+10616]
	BaseThreadInitThunk [0x0x7ffc7245e8d7+23]
	RtlUserThreadStart [0x0x7ffc7387c34c+44]
"
How Sweet,NewJeans,"실패: Message: no such element: Unable to locate element: {""method"":""css selector"",""selector"":""img.rg_i""}
  (Session info: chrome=138.0.7204.101); For documentation on this error, please visit: https://www.selenium.dev/documentation/webdriver/troubleshooting/errors#nosuchelementexception
Stacktrace:
	GetHandleVerifier [0x0x7ff794ec6f75+76917]
	GetHandleVerifier [0x0x7ff794ec6fd0+77008]
	(No symbol) [0x0x7ff794c79dea]
	(No symbol) [0x0x7ff794cd0256]
	(No symbol) [0x0x7ff794cd050c]
	(No symbol) [0x0x7ff794d23887]
	(No symbol) [0x0x7ff794cf84af]
	(No symbol) [0x0x7ff794d2065c]
	(No symbol) [0x0x7ff794cf8243]
	(No symbol) [0x0x7ff794cc1431]
	(No symbol) [0x0x7ff794cc21c3]
	GetHandleVerifier [0x0x7ff79519d2ad+3051437]
	GetHandleVerifier [0x0x7ff795197903+3028483]
	GetHandleVerifier [0x0x7ff7951b589d+3151261]
	GetHandleVerifier [0x0x7ff794ee183e+185662]
	GetHandleVerifier [0x0x7ff794ee96ff+218111]
	GetHandleVerifier [0x0x7ff794ecfaf4+112628]
	GetHandleVerifier [0x0x7ff794ecfca9+113065]
	GetHandleVerifier [0x0x7ff794eb6c78+10616]
	BaseThreadInitThunk [0x0x7ffc7245e8d7+23]
	RtlUserThreadStart [0x0x7ffc7387c34c+44]
"
Hype Boy,NewJeans,"실패: Message: no such element: Unable to locate element: {""method"":""css selector"",""selector"":""img.rg_i""}
  (Session info: chrome=138.0.7204.101); For documentation on this error, please visit: https://www.selenium.dev/documentation/webdriver/troubleshooting/errors#nosuchelementexception
Stacktrace:
	GetHandleVerifier [0x0x7ff794ec6f75+76917]
	GetHandleVerifier [0x0x7ff794ec6fd0+77008]
	(No symbol) [0x0x7ff794c79dea]
	(No symbol) [0x0x7ff794cd0256]
	(No symbol) [0x0x7ff794cd050c]
	(No symbol) [0x0x7ff794d23887]
	(No symbol) [0x0x7ff794cf84af]
	(No symbol) [0x0x7ff794d2065c]
	(No symbol) [0x0x7ff794cf8243]
	(No symbol) [0x0x7ff794cc1431]
	(No symbol) [0x0x7ff794cc21c3]
	GetHandleVerifier [0x0x7ff79519d2ad+3051437]
	GetHandleVerifier [0x0x7ff795197903+3028483]
	GetHandleVerifier [0x0x7ff7951b589d+3151261]
	GetHandleVerifier [0x0x7ff794ee183e+185662]
	GetHandleVerifier [0x0x7ff794ee96ff+218111]
	GetHandleVerifier [0x0x7ff794ecfaf4+112628]
	GetHandleVerifier [0x0x7ff794ecfca9+113065]
	GetHandleVerifier [0x0x7ff794eb6c78+10616]
	BaseThreadInitThunk [0x0x7ffc7245e8d7+23]
	RtlUserThreadStart [0x0x7ffc7387c34c+44]
"
OMG,NewJeans,"실패: Message: no such element: Unable to locate element: {""method"":""css selector"",""selector"":""img.rg_i""}
  (Session info: chrome=138.0.7204.101); For documentation on this error, please visit: https://www.selenium.dev/documentation/webdriver/troubleshooting/errors#nosuchelementexception
Stacktrace:
	GetHandleVerifier [0x0x7ff794ec6f75+76917]
	GetHandleVerifier [0x0x7ff794ec6fd0+77008]
	(No symbol) [0x0x7ff794c79dea]
	(No symbol) [0x0x7ff794cd0256]
	(No symbol) [0x0x7ff794cd050c]
	(No symbol) [0x0x7ff794d23887]
	(No symbol) [0x0x7ff794cf84af]
	(No symbol) [0x0x7ff794d2065c]
	(No symbol) [0x0x7ff794cf8243]
	(No symbol) [0x0x7ff794cc1431]
	(No symbol) [0x0x7ff794cc21c3]
	GetHandleVerifier [0x0x7ff79519d2ad+3051437]
	GetHandleVerifier [0x0x7ff795197903+3028483]
	GetHandleVerifier [0x0x7ff7951b589d+3151261]
	GetHandleVerifier [0x0x7ff794ee183e+185662]
	GetHandleVerifier [0x0x7ff794ee96ff+218111]
	GetHandleVerifier [0x0x7ff794ecfaf4+112628]
	GetHandleVerifier [0x0x7ff794ecfca9+113065]
	GetHandleVerifier [0x0x7ff794eb6c78+10616]
	BaseThreadInitThunk [0x0x7ffc7245e8d7+23]
	RtlUserThreadStart [0x0x7ffc7387c34c+44]
"
Right Now,NewJeans,"실패: Message: no such element: Unable to locate element: {""method"":""css selector"",""selector"":""img.rg_i""}
  (Session info: chrome=138.0.7204.101); For documentation on this error, please visit: https://www.selenium.dev/documentation/webdriver/troubleshooting/errors#nosuchelementexception
Stacktrace:
	GetHandleVerifier [0x0x7ff794ec6f75+76917]
	GetHandleVerifier [0x0x7ff794ec6fd0+77008]
	(No symbol) [0x0x7ff794c79dea]
	(No symbol) [0x0x7ff794cd0256]
	(No symbol) [0x0x7ff794cd050c]
	(No symbol) [0x0x7ff794d23887]
	(No symbol) [0x0x7ff794cf84af]
	(No symbol) [0x0x7ff794d2065c]
	(No symbol) [0x0x7ff794cf8243]
	(No symbol) [0x0x7ff794cc1431]
	(No symbol) [0x0x7ff794cc21c3]
	GetHandleVerifier [0x0x7ff79519d2ad+3051437]
	GetHandleVerifier [0x0x7ff795197903+3028483]
	GetHandleVerifier [0x0x7ff7951b589d+3151261]
	GetHandleVerifier [0x0x7ff794ee183e+185662]
	GetHandleVerifier [0x0x7ff794ee96ff+218111]
	GetHandleVerifier [0x0x7ff794ecfaf4+112628]
	GetHandleVerifier [0x0x7ff794ecfca9+113065]
	GetHandleVerifier [0x0x7ff794eb6c78+10616]
	BaseThreadInitThunk [0x0x7ffc7245e8d7+23]
	RtlUserThreadStart [0x0x7ffc7387c34c+44]
"
Super Shy,NewJeans,"실패: Message: no such element: Unable to locate element: {""method"":""css selector"",""selector"":""img.rg_i""}
  (Session info: chrome=138.0.7204.101); For documentation on this error, please visit: https://www.selenium.dev/documentation/webdriver/troubleshooting/errors#nosuchelementexception
Stacktrace:
	GetHandleVerifier [0x0x7ff794ec6f75+76917]
	GetHandleVerifier [0x0x7ff794ec6fd0+77008]
	(No symbol) [0x0x7ff794c79dea]
	(No symbol) [0x0x7ff794cd0256]
	(No symbol) [0x0x7ff794cd050c]
	(No symbol) [0x0x7ff794d23887]
	(No symbol) [0x0x7ff794cf84af]
	(No symbol) [0x0x7ff794d2065c]
	(No symbol) [0x0x7ff794cf8243]
	(No symbol) [0x0x7ff794cc1431]
	(No symbol) [0x0x7ff794cc21c3]
	GetHandleVerifier [0x0x7ff79519d2ad+3051437]
	GetHandleVerifier [0x0x7ff795197903+3028483]
	GetHandleVerifier [0x0x7ff7951b589d+3151261]
	GetHandleVerifier [0x0x7ff794ee183e+185662]
	GetHandleVerifier [0x0x7ff794ee96ff+218111]
	GetHandleVerifier [0x0x7ff794ecfaf4+112628]
	GetHandleVerifier [0x0x7ff794ecfca9+113065]
	GetHandleVerifier [0x0x7ff794eb6c78+10616]
	BaseThreadInitThunk [0x0x7ffc7245e8d7+23]
	RtlUserThreadStart [0x0x7ffc7387c34c+44]
"
Supernatural,NewJeans,"실패: Message: no such element: Unable to locate element: {""method"":""css selector"",""selector"":""img.rg_i""}
  (Session info: chrome=138.0.7204.101); For documentation on this error, please visit: https://www.selenium.dev/documentation/webdriver/troubleshooting/errors#nosuchelementexception
Stacktrace:
	GetHandleVerifier [0x0x7ff794ec6f75+76917]
	GetHandleVerifier [0x0x7ff794ec6fd0+77008]
	(No symbol) [0x0x7ff794c79dea]
	(No symbol) [0x0x7ff794cd0256]
	(No symbol) [0x0x7ff794cd050c]
	(No symbol) [0x0x7ff794d23887]
	(No symbol) [0x0x7ff794cf84af]
	(No symbol) [0x0x7ff794d2065c]
	(No symbol) [0x0x7ff794cf8243]
	(No symbol) [0x0x7ff794cc1431]
	(No symbol) [0x0x7ff794cc21c3]
	GetHandleVerifier [0x0x7ff79519d2ad+3051437]
	GetHandleVerifier [0x0x7ff795197903+3028483]
	GetHandleVerifier [0x0x7ff7951b589d+3151261]
	GetHandleVerifier [0x0x7ff794ee183e+185662]
	GetHandleVerifier [0x0x7ff794ee96ff+218111]
	GetHandleVerifier [0x0x7ff794ecfaf4+112628]
	GetHandleVerifier [0x0x7ff794ecfca9+113065]
	GetHandleVerifier [0x0x7ff794eb6c78+10616]
	BaseThreadInitThunk [0x0x7ffc7245e8d7+23]
	RtlUserThreadStart [0x0x7ffc7387c34c+44]
"
GODS,"NewJeans, League of Legends","실패: Message: no such element: Unable to locate element: {""method"":""css selector"",""selector"":""img.rg_i""}
  (Session info: chrome=138.0.7204.101); For documentation on this error, please visit: https://www.selenium.dev/documentation/webdriver/troubleshooting/errors#nosuchelementexception
Stacktrace:
	GetHandleVerifier [0x0x7ff794ec6f75+76917]
	GetHandleVerifier [0x0x7ff794ec6fd0+77008]
	(No symbol) [0x0x7ff794c79dea]
	(No symbol) [0x0x7ff794cd0256]
	(No symbol) [0x0x7ff794cd050c]
	(No symbol) [0x0x7ff794d23887]
	(No symbol) [0x0x7ff794cf84af]
	(No symbol) [0x0x7ff794d2065c]
	(No symbol) [0x0x7ff794cf8243]
	(No symbol) [0x0x7ff794cc1431]
	(No symbol) [0x0x7ff794cc21c3]
	GetHandleVerifier [0x0x7ff79519d2ad+3051437]
	GetHandleVerifier [0x0x7ff795197903+3028483]
	GetHandleVerifier [0x0x7ff7951b589d+3151261]
	GetHandleVerifier [0x0x7ff794ee183e+185662]
	GetHandleVerifier [0x0x7ff794ee96ff+218111]
	GetHandleVerifier [0x0x7ff794ecfaf4+112628]
	GetHandleVerifier [0x0x7ff794ecfca9+113065]
	GetHandleVerifier [0x0x7ff794eb6c78+10616]
	BaseThreadInitThunk [0x0x7ffc7245e8d7+23]
	RtlUserThreadStart [0x0x7ffc7387c34c+44]
"
별별별 (See that?),NMIXX,"실패: Message: no such element: Unable to locate element: {""method"":""css selector"",""selector"":""img.rg_i""}
  (Session info: chrome=138.0.7204.101); For documentation on this error, please visit: https://www.selenium.dev/documentation/webdriver/troubleshooting/errors#nosuchelementexception
Stacktrace:
	GetHandleVerifier [0x0x7ff794ec6f75+76917]
	GetHandleVerifier [0x0x7ff794ec6fd0+77008]
	(No symbol) [0x0x7ff794c79dea]
	(No symbol) [0x0x7ff794cd0256]
	(No symbol) [0x0x7ff794cd050c]
	(No symbol) [0x0x7ff794d23887]
	(No symbol) [0x0x7ff794cf84af]
	(No symbol) [0x0x7ff794d2065c]
	(No symbol) [0x0x7ff794cf8243]
	(No symbol) [0x0x7ff794cc1431]
	(No symbol) [0x0x7ff794cc21c3]
	GetHandleVerifier [0x0x7ff79519d2ad+3051437]
	GetHandleVerifier [0x0x7ff795197903+3028483]
	GetHandleVerifier [0x0x7ff7951b589d+3151261]
	GetHandleVerifier [0x0x7ff794ee183e+185662]
	GetHandleVerifier [0x0x7ff794ee96ff+218111]
	GetHandleVerifier [0x0x7ff794ecfaf4+112628]
	GetHandleVerifier [0x0x7ff794ecfca9+113065]
	GetHandleVerifier [0x0x7ff794eb6c78+10616]
	BaseThreadInitThunk [0x0x7ffc7245e8d7+23]
	RtlUserThreadStart [0x0x7ffc7387c34c+44]
"
Summer (Feat. BE’O (비오)),Paul Blanco,"실패: Message: no such element: Unable to locate element: {""method"":""css selector"",""selector"":""img.rg_i""}
  (Session info: chrome=138.0.7204.101); For documentation on this error, please visit: https://www.selenium.dev/documentation/webdriver/troubleshooting/errors#nosuchelementexception
Stacktrace:
	GetHandleVerifier [0x0x7ff794ec6f75+76917]
	GetHandleVerifier [0x0x7ff794ec6fd0+77008]
	(No symbol) [0x0x7ff794c79dea]
	(No symbol) [0x0x7ff794cd0256]
	(No symbol) [0x0x7ff794cd050c]
	(No symbol) [0x0x7ff794d23887]
	(No symbol) [0x0x7ff794cf84af]
	(No symbol) [0x0x7ff794d2065c]
	(No symbol) [0x0x7ff794cf8243]
	(No symbol) [0x0x7ff794cc1431]
	(No symbol) [0x0x7ff794cc21c3]
	GetHandleVerifier [0x0x7ff79519d2ad+3051437]
	GetHandleVerifier [0x0x7ff795197903+3028483]
	GetHandleVerifier [0x0x7ff7951b589d+3151261]
	GetHandleVerifier [0x0x7ff794ee183e+185662]
	GetHandleVerifier [0x0x7ff794ee96ff+218111]
	GetHandleVerifier [0x0x7ff794ecfaf4+112628]
	GetHandleVerifier [0x0x7ff794ecfca9+113065]
	GetHandleVerifier [0x0x7ff794eb6c78+10616]
	BaseThreadInitThunk [0x0x7ffc7245e8d7+23]
	RtlUserThreadStart [0x0x7ffc7387c34c+44]
"
12:32 (A to T),PLAVE,"실패: Message: no such element: Unable to locate element: {""method"":""css selector"",""selector"":""img.rg_i""}
  (Session info: chrome=138.0.7204.101); For documentation on this error, please visit: https://www.selenium.dev/documentation/webdriver/troubleshooting/errors#nosuchelementexception
Stacktrace:
	GetHandleVerifier [0x0x7ff794ec6f75+76917]
	GetHandleVerifier [0x0x7ff794ec6fd0+77008]
	(No symbol) [0x0x7ff794c79dea]
	(No symbol) [0x0x7ff794cd0256]
	(No symbol) [0x0x7ff794cd050c]
	(No symbol) [0x0x7ff794d23887]
	(No symbol) [0x0x7ff794cf84af]
	(No symbol) [0x0x7ff794d2065c]
	(No symbol) [0x0x7ff794cf8243]
	(No symbol) [0x0x7ff794cc1431]
	(No symbol) [0x0x7ff794cc21c3]
	GetHandleVerifier [0x0x7ff79519d2ad+3051437]
	GetHandleVerifier [0x0x7ff795197903+3028483]
	GetHandleVerifier [0x0x7ff7951b589d+3151261]
	GetHandleVerifier [0x0x7ff794ee183e+185662]
	GetHandleVerifier [0x0x7ff794ee96ff+218111]
	GetHandleVerifier [0x0x7ff794ecfaf4+112628]
	GetHandleVerifier [0x0x7ff794ecfca9+113065]
	GetHandleVerifier [0x0x7ff794eb6c78+10616]
	BaseThreadInitThunk [0x0x7ffc7245e8d7+23]
	RtlUserThreadStart [0x0x7ffc7387c34c+44]
"
Chroma Drift,PLAVE,"실패: Message: no such element: Unable to locate element: {""method"":""css selector"",""selector"":""img.rg_i""}
  (Session info: chrome=138.0.7204.101); For documentation on this error, please visit: https://www.selenium.dev/documentation/webdriver/troubleshooting/errors#nosuchelementexception
Stacktrace:
	GetHandleVerifier [0x0x7ff794ec6f75+76917]
	GetHandleVerifier [0x0x7ff794ec6fd0+77008]
	(No symbol) [0x0x7ff794c79dea]
	(No symbol) [0x0x7ff794cd0256]
	(No symbol) [0x0x7ff794cd050c]
	(No symbol) [0x0x7ff794d23887]
	(No symbol) [0x0x7ff794cf84af]
	(No symbol) [0x0x7ff794d2065c]
	(No symbol) [0x0x7ff794cf8243]
	(No symbol) [0x0x7ff794cc1431]
	(No symbol) [0x0x7ff794cc21c3]
	GetHandleVerifier [0x0x7ff79519d2ad+3051437]
	GetHandleVerifier [0x0x7ff795197903+3028483]
	GetHandleVerifier [0x0x7ff7951b589d+3151261]
	GetHandleVerifier [0x0x7ff794ee183e+185662]
	GetHandleVerifier [0x0x7ff794ee96ff+218111]
	GetHandleVerifier [0x0x7ff794ecfaf4+112628]
	GetHandleVerifier [0x0x7ff794ecfca9+113065]
	GetHandleVerifier [0x0x7ff794eb6c78+10616]
	BaseThreadInitThunk [0x0x7ffc7245e8d7+23]
	RtlUserThreadStart [0x0x7ffc7387c34c+44]
"
Dash,PLAVE,"실패: Message: no such element: Unable to locate element: {""method"":""css selector"",""selector"":""img.rg_i""}
  (Session info: chrome=138.0.7204.101); For documentation on this error, please visit: https://www.selenium.dev/documentation/webdriver/troubleshooting/errors#nosuchelementexception
Stacktrace:
	GetHandleVerifier [0x0x7ff794ec6f75+76917]
	GetHandleVerifier [0x0x7ff794ec6fd0+77008]
	(No symbol) [0x0x7ff794c79dea]
	(No symbol) [0x0x7ff794cd0256]
	(No symbol) [0x0x7ff794cd050c]
	(No symbol) [0x0x7ff794d23887]
	(No symbol) [0x0x7ff794cf84af]
	(No symbol) [0x0x7ff794d2065c]
	(No symbol) [0x0x7ff794cf8243]
	(No symbol) [0x0x7ff794cc1431]
	(No symbol) [0x0x7ff794cc21c3]
	GetHandleVerifier [0x0x7ff79519d2ad+3051437]
	GetHandleVerifier [0x0x7ff795197903+3028483]
	GetHandleVerifier [0x0x7ff7951b589d+3151261]
	GetHandleVerifier [0x0x7ff794ee183e+185662]
	GetHandleVerifier [0x0x7ff794ee96ff+218111]
	GetHandleVerifier [0x0x7ff794ecfaf4+112628]
	GetHandleVerifier [0x0x7ff794ecfca9+113065]
	GetHandleVerifier [0x0x7ff794eb6c78+10616]
	BaseThreadInitThunk [0x0x7ffc7245e8d7+23]
	RtlUserThreadStart [0x0x7ffc7387c34c+44]
"
From,PLAVE,"실패: Message: no such element: Unable to locate element: {""method"":""css selector"",""selector"":""img.rg_i""}
  (Session info: chrome=138.0.7204.101); For documentation on this error, please visit: https://www.selenium.dev/documentation/webdriver/troubleshooting/errors#nosuchelementexception
Stacktrace:
	GetHandleVerifier [0x0x7ff794ec6f75+76917]
	GetHandleVerifier [0x0x7ff794ec6fd0+77008]
	(No symbol) [0x0x7ff794c79dea]
	(No symbol) [0x0x7ff794cd0256]
	(No symbol) [0x0x7ff794cd050c]
	(No symbol) [0x0x7ff794d23887]
	(No symbol) [0x0x7ff794cf84af]
	(No symbol) [0x0x7ff794d2065c]
	(No symbol) [0x0x7ff794cf8243]
	(No symbol) [0x0x7ff794cc1431]
	(No symbol) [0x0x7ff794cc21c3]
	GetHandleVerifier [0x0x7ff79519d2ad+3051437]
	GetHandleVerifier [0x0x7ff795197903+3028483]
	GetHandleVerifier [0x0x7ff7951b589d+3151261]
	GetHandleVerifier [0x0x7ff794ee183e+185662]
	GetHandleVerifier [0x0x7ff794ee96ff+218111]
	GetHandleVerifier [0x0x7ff794ecfaf4+112628]
	GetHandleVerifier [0x0x7ff794ecfca9+113065]
	GetHandleVerifier [0x0x7ff794eb6c78+10616]
	BaseThreadInitThunk [0x0x7ffc7245e8d7+23]
	RtlUserThreadStart [0x0x7ffc7387c34c+44]
"
Island,PLAVE,"실패: Message: no such element: Unable to locate element: {""method"":""css selector"",""selector"":""img.rg_i""}
  (Session info: chrome=138.0.7204.101); For documentation on this error, please visit: https://www.selenium.dev/documentation/webdriver/troubleshooting/errors#nosuchelementexception
Stacktrace:
	GetHandleVerifier [0x0x7ff794ec6f75+76917]
	GetHandleVerifier [0x0x7ff794ec6fd0+77008]
	(No symbol) [0x0x7ff794c79dea]
	(No symbol) [0x0x7ff794cd0256]
	(No symbol) [0x0x7ff794cd050c]
	(No symbol) [0x0x7ff794d23887]
	(No symbol) [0x0x7ff794cf84af]
	(No symbol) [0x0x7ff794d2065c]
	(No symbol) [0x0x7ff794cf8243]
	(No symbol) [0x0x7ff794cc1431]
	(No symbol) [0x0x7ff794cc21c3]
	GetHandleVerifier [0x0x7ff79519d2ad+3051437]
	GetHandleVerifier [0x0x7ff795197903+3028483]
	GetHandleVerifier [0x0x7ff7951b589d+3151261]
	GetHandleVerifier [0x0x7ff794ee183e+185662]
	GetHandleVerifier [0x0x7ff794ee96ff+218111]
	GetHandleVerifier [0x0x7ff794ecfaf4+112628]
	GetHandleVerifier [0x0x7ff794ecfca9+113065]
	GetHandleVerifier [0x0x7ff794eb6c78+10616]
	BaseThreadInitThunk [0x0x7ffc7245e8d7+23]
	RtlUserThreadStart [0x0x7ffc7387c34c+44]
"
Pump Up The Volume!,PLAVE,"실패: Message: no such element: Unable to locate element: {""method"":""css selector"",""selector"":""img.rg_i""}
  (Session info: chrome=138.0.7204.101); For documentation on this error, please visit: https://www.selenium.dev/documentation/webdriver/troubleshooting/errors#nosuchelementexception
Stacktrace:
	GetHandleVerifier [0x0x7ff794ec6f75+76917]
	GetHandleVerifier [0x0x7ff794ec6fd0+77008]
	(No symbol) [0x0x7ff794c79dea]
	(No symbol) [0x0x7ff794cd0256]
	(No symbol) [0x0x7ff794cd050c]
	(No symbol) [0x0x7ff794d23887]
	(No symbol) [0x0x7ff794cf84af]
	(No symbol) [0x0x7ff794d2065c]
	(No symbol) [0x0x7ff794cf8243]
	(No symbol) [0x0x7ff794cc1431]
	(No symbol) [0x0x7ff794cc21c3]
	GetHandleVerifier [0x0x7ff79519d2ad+3051437]
	GetHandleVerifier [0x0x7ff795197903+3028483]
	GetHandleVerifier [0x0x7ff7951b589d+3151261]
	GetHandleVerifier [0x0x7ff794ee183e+185662]
	GetHandleVerifier [0x0x7ff794ee96ff+218111]
	GetHandleVerifier [0x0x7ff794ecfaf4+112628]
	GetHandleVerifier [0x0x7ff794ecfca9+113065]
	GetHandleVerifier [0x0x7ff794eb6c78+10616]
	BaseThreadInitThunk [0x0x7ffc7245e8d7+23]
	RtlUserThreadStart [0x0x7ffc7387c34c+44]
"
RIZZ,PLAVE,"실패: Message: no such element: Unable to locate element: {""method"":""css selector"",""selector"":""img.rg_i""}
  (Session info: chrome=138.0.7204.101); For documentation on this error, please visit: https://www.selenium.dev/documentation/webdriver/troubleshooting/errors#nosuchelementexception
Stacktrace:
	GetHandleVerifier [0x0x7ff794ec6f75+76917]
	GetHandleVerifier [0x0x7ff794ec6fd0+77008]
	(No symbol) [0x0x7ff794c79dea]
	(No symbol) [0x0x7ff794cd0256]
	(No symbol) [0x0x7ff794cd050c]
	(No symbol) [0x0x7ff794d23887]
	(No symbol) [0x0x7ff794cf84af]
	(No symbol) [0x0x7ff794d2065c]
	(No symbol) [0x0x7ff794cf8243]
	(No symbol) [0x0x7ff794cc1431]
	(No symbol) [0x0x7ff794cc21c3]
	GetHandleVerifier [0x0x7ff79519d2ad+3051437]
	GetHandleVerifier [0x0x7ff795197903+3028483]
	GetHandleVerifier [0x0x7ff7951b589d+3151261]
	GetHandleVerifier [0x0x7ff794ee183e+185662]
	GetHandleVerifier [0x0x7ff794ee96ff+218111]
	GetHandleVerifier [0x0x7ff794ecfaf4+112628]
	GetHandleVerifier [0x0x7ff794ecfca9+113065]
	GetHandleVerifier [0x0x7ff794eb6c78+10616]
	BaseThreadInitThunk [0x0x7ffc7245e8d7+23]
	RtlUserThreadStart [0x0x7ffc7387c34c+44]
"
Watch Me Woo!,PLAVE,"실패: Message: no such element: Unable to locate element: {""method"":""css selector"",""selector"":""img.rg_i""}
  (Session info: chrome=138.0.7204.101); For documentation on this error, please visit: https://www.selenium.dev/documentation/webdriver/troubleshooting/errors#nosuchelementexception
Stacktrace:
	GetHandleVerifier [0x0x7ff794ec6f75+76917]
	GetHandleVerifier [0x0x7ff794ec6fd0+77008]
	(No symbol) [0x0x7ff794c79dea]
	(No symbol) [0x0x7ff794cd0256]
	(No symbol) [0x0x7ff794cd050c]
	(No symbol) [0x0x7ff794d23887]
	(No symbol) [0x0x7ff794cf84af]
	(No symbol) [0x0x7ff794d2065c]
	(No symbol) [0x0x7ff794cf8243]
	(No symbol) [0x0x7ff794cc1431]
	(No symbol) [0x0x7ff794cc21c3]
	GetHandleVerifier [0x0x7ff79519d2ad+3051437]
	GetHandleVerifier [0x0x7ff795197903+3028483]
	GetHandleVerifier [0x0x7ff7951b589d+3151261]
	GetHandleVerifier [0x0x7ff794ee183e+185662]
	GetHandleVerifier [0x0x7ff794ee96ff+218111]
	GetHandleVerifier [0x0x7ff794ecfaf4+112628]
	GetHandleVerifier [0x0x7ff794ecfca9+113065]
	GetHandleVerifier [0x0x7ff794eb6c78+10616]
	BaseThreadInitThunk [0x0x7ffc7245e8d7+23]
	RtlUserThreadStart [0x0x7ffc7387c34c+44]
"
WAY 4 LUV,PLAVE,"실패: Message: no such element: Unable to locate element: {""method"":""css selector"",""selector"":""img.rg_i""}
  (Session info: chrome=138.0.7204.101); For documentation on this error, please visit: https://www.selenium.dev/documentation/webdriver/troubleshooting/errors#nosuchelementexception
Stacktrace:
	GetHandleVerifier [0x0x7ff794ec6f75+76917]
	GetHandleVerifier [0x0x7ff794ec6fd0+77008]
	(No symbol) [0x0x7ff794c79dea]
	(No symbol) [0x0x7ff794cd0256]
	(No symbol) [0x0x7ff794cd050c]
	(No symbol) [0x0x7ff794d23887]
	(No symbol) [0x0x7ff794cf84af]
	(No symbol) [0x0x7ff794d2065c]
	(No symbol) [0x0x7ff794cf8243]
	(No symbol) [0x0x7ff794cc1431]
	(No symbol) [0x0x7ff794cc21c3]
	GetHandleVerifier [0x0x7ff79519d2ad+3051437]
	GetHandleVerifier [0x0x7ff795197903+3028483]
	GetHandleVerifier [0x0x7ff7951b589d+3151261]
	GetHandleVerifier [0x0x7ff794ee183e+185662]
	GetHandleVerifier [0x0x7ff794ee96ff+218111]
	GetHandleVerifier [0x0x7ff794ecfaf4+112628]
	GetHandleVerifier [0x0x7ff794ecfca9+113065]
	GetHandleVerifier [0x0x7ff794eb6c78+10616]
	BaseThreadInitThunk [0x0x7ffc7245e8d7+23]
	RtlUserThreadStart [0x0x7ffc7387c34c+44]
"
달랐을까,PLAVE,"실패: Message: no such element: Unable to locate element: {""method"":""css selector"",""selector"":""img.rg_i""}
  (Session info: chrome=138.0.7204.101); For documentation on this error, please visit: https://www.selenium.dev/documentation/webdriver/troubleshooting/errors#nosuchelementexception
Stacktrace:
	GetHandleVerifier [0x0x7ff794ec6f75+76917]
	GetHandleVerifier [0x0x7ff794ec6fd0+77008]
	(No symbol) [0x0x7ff794c79dea]
	(No symbol) [0x0x7ff794cd0256]
	(No symbol) [0x0x7ff794cd050c]
	(No symbol) [0x0x7ff794d23887]
	(No symbol) [0x0x7ff794cf84af]
	(No symbol) [0x0x7ff794d2065c]
	(No symbol) [0x0x7ff794cf8243]
	(No symbol) [0x0x7ff794cc1431]
	(No symbol) [0x0x7ff794cc21c3]
	GetHandleVerifier [0x0x7ff79519d2ad+3051437]
	GetHandleVerifier [0x0x7ff795197903+3028483]
	GetHandleVerifier [0x0x7ff7951b589d+3151261]
	GetHandleVerifier [0x0x7ff794ee183e+185662]
	GetHandleVerifier [0x0x7ff794ee96ff+218111]
	GetHandleVerifier [0x0x7ff794ecfaf4+112628]
	GetHandleVerifier [0x0x7ff794ecfca9+113065]
	GetHandleVerifier [0x0x7ff794eb6c78+10616]
	BaseThreadInitThunk [0x0x7ffc7245e8d7+23]
	RtlUserThreadStart [0x0x7ffc7387c34c+44]
"
버추얼 아이돌,PLAVE,"실패: Message: no such element: Unable to locate element: {""method"":""css selector"",""selector"":""img.rg_i""}
  (Session info: chrome=138.0.7204.101); For documentation on this error, please visit: https://www.selenium.dev/documentation/webdriver/troubleshooting/errors#nosuchelementexception
Stacktrace:
	GetHandleVerifier [0x0x7ff794ec6f75+76917]
	GetHandleVerifier [0x0x7ff794ec6fd0+77008]
	(No symbol) [0x0x7ff794c79dea]
	(No symbol) [0x0x7ff794cd0256]
	(No symbol) [0x0x7ff794cd050c]
	(No symbol) [0x0x7ff794d23887]
	(No symbol) [0x0x7ff794cf84af]
	(No symbol) [0x0x7ff794d2065c]
	(No symbol) [0x0x7ff794cf8243]
	(No symbol) [0x0x7ff794cc1431]
	(No symbol) [0x0x7ff794cc21c3]
	GetHandleVerifier [0x0x7ff79519d2ad+3051437]
	GetHandleVerifier [0x0x7ff795197903+3028483]
	GetHandleVerifier [0x0x7ff7951b589d+3151261]
	GetHandleVerifier [0x0x7ff794ee183e+185662]
	GetHandleVerifier [0x0x7ff794ee96ff+218111]
	GetHandleVerifier [0x0x7ff794ecfaf4+112628]
	GetHandleVerifier [0x0x7ff794ecfca9+113065]
	GetHandleVerifier [0x0x7ff794eb6c78+10616]
	BaseThreadInitThunk [0x0x7ffc7245e8d7+23]
	RtlUserThreadStart [0x0x7ffc7387c34c+44]
"
여섯 번째 여름,PLAVE,"실패: Message: no such element: Unable to locate element: {""method"":""css selector"",""selector"":""img.rg_i""}
  (Session info: chrome=138.0.7204.101); For documentation on this error, please visit: https://www.selenium.dev/documentation/webdriver/troubleshooting/errors#nosuchelementexception
Stacktrace:
	GetHandleVerifier [0x0x7ff794ec6f75+76917]
	GetHandleVerifier [0x0x7ff794ec6fd0+77008]
	(No symbol) [0x0x7ff794c79dea]
	(No symbol) [0x0x7ff794cd0256]
	(No symbol) [0x0x7ff794cd050c]
	(No symbol) [0x0x7ff794d23887]
	(No symbol) [0x0x7ff794cf84af]
	(No symbol) [0x0x7ff794d2065c]
	(No symbol) [0x0x7ff794cf8243]
	(No symbol) [0x0x7ff794cc1431]
	(No symbol) [0x0x7ff794cc21c3]
	GetHandleVerifier [0x0x7ff79519d2ad+3051437]
	GetHandleVerifier [0x0x7ff795197903+3028483]
	GetHandleVerifier [0x0x7ff7951b589d+3151261]
	GetHandleVerifier [0x0x7ff794ee183e+185662]
	GetHandleVerifier [0x0x7ff794ee96ff+218111]
	GetHandleVerifier [0x0x7ff794ecfaf4+112628]
	GetHandleVerifier [0x0x7ff794ecfca9+113065]
	GetHandleVerifier [0x0x7ff794eb6c78+10616]
	BaseThreadInitThunk [0x0x7ffc7245e8d7+23]
	RtlUserThreadStart [0x0x7ffc7387c34c+44]
"
우리 영화,PLAVE,"실패: Message: no such element: Unable to locate element: {""method"":""css selector"",""selector"":""img.rg_i""}
  (Session info: chrome=138.0.7204.101); For documentation on this error, please visit: https://www.selenium.dev/documentation/webdriver/troubleshooting/errors#nosuchelementexception
Stacktrace:
	GetHandleVerifier [0x0x7ff794ec6f75+76917]
	GetHandleVerifier [0x0x7ff794ec6fd0+77008]
	(No symbol) [0x0x7ff794c79dea]
	(No symbol) [0x0x7ff794cd0256]
	(No symbol) [0x0x7ff794cd050c]
	(No symbol) [0x0x7ff794d23887]
	(No symbol) [0x0x7ff794cf84af]
	(No symbol) [0x0x7ff794d2065c]
	(No symbol) [0x0x7ff794cf8243]
	(No symbol) [0x0x7ff794cc1431]
	(No symbol) [0x0x7ff794cc21c3]
	GetHandleVerifier [0x0x7ff79519d2ad+3051437]
	GetHandleVerifier [0x0x7ff795197903+3028483]
	GetHandleVerifier [0x0x7ff7951b589d+3151261]
	GetHandleVerifier [0x0x7ff794ee183e+185662]
	GetHandleVerifier [0x0x7ff794ee96ff+218111]
	GetHandleVerifier [0x0x7ff794ecfaf4+112628]
	GetHandleVerifier [0x0x7ff794ecfca9+113065]
	GetHandleVerifier [0x0x7ff794eb6c78+10616]
	BaseThreadInitThunk [0x0x7ffc7245e8d7+23]
	RtlUserThreadStart [0x0x7ffc7387c34c+44]
"
Discord,QWER,"실패: Message: no such element: Unable to locate element: {""method"":""css selector"",""selector"":""img.rg_i""}
  (Session info: chrome=138.0.7204.101); For documentation on this error, please visit: https://www.selenium.dev/documentation/webdriver/troubleshooting/errors#nosuchelementexception
Stacktrace:
	GetHandleVerifier [0x0x7ff794ec6f75+76917]
	GetHandleVerifier [0x0x7ff794ec6fd0+77008]
	(No symbol) [0x0x7ff794c79dea]
	(No symbol) [0x0x7ff794cd0256]
	(No symbol) [0x0x7ff794cd050c]
	(No symbol) [0x0x7ff794d23887]
	(No symbol) [0x0x7ff794cf84af]
	(No symbol) [0x0x7ff794d2065c]
	(No symbol) [0x0x7ff794cf8243]
	(No symbol) [0x0x7ff794cc1431]
	(No symbol) [0x0x7ff794cc21c3]
	GetHandleVerifier [0x0x7ff79519d2ad+3051437]
	GetHandleVerifier [0x0x7ff795197903+3028483]
	GetHandleVerifier [0x0x7ff7951b589d+3151261]
	GetHandleVerifier [0x0x7ff794ee183e+185662]
	GetHandleVerifier [0x0x7ff794ee96ff+218111]
	GetHandleVerifier [0x0x7ff794ecfaf4+112628]
	GetHandleVerifier [0x0x7ff794ecfca9+113065]
	GetHandleVerifier [0x0x7ff794eb6c78+10616]
	BaseThreadInitThunk [0x0x7ffc7245e8d7+23]
	RtlUserThreadStart [0x0x7ffc7387c34c+44]
"
고민중독,QWER,"실패: Message: no such element: Unable to locate element: {""method"":""css selector"",""selector"":""img.rg_i""}
  (Session info: chrome=138.0.7204.101); For documentation on this error, please visit: https://www.selenium.dev/documentation/webdriver/troubleshooting/errors#nosuchelementexception
Stacktrace:
	GetHandleVerifier [0x0x7ff794ec6f75+76917]
	GetHandleVerifier [0x0x7ff794ec6fd0+77008]
	(No symbol) [0x0x7ff794c79dea]
	(No symbol) [0x0x7ff794cd0256]
	(No symbol) [0x0x7ff794cd050c]
	(No symbol) [0x0x7ff794d23887]
	(No symbol) [0x0x7ff794cf84af]
	(No symbol) [0x0x7ff794d2065c]
	(No symbol) [0x0x7ff794cf8243]
	(No symbol) [0x0x7ff794cc1431]
	(No symbol) [0x0x7ff794cc21c3]
	GetHandleVerifier [0x0x7ff79519d2ad+3051437]
	GetHandleVerifier [0x0x7ff795197903+3028483]
	GetHandleVerifier [0x0x7ff7951b589d+3151261]
	GetHandleVerifier [0x0x7ff794ee183e+185662]
	GetHandleVerifier [0x0x7ff794ee96ff+218111]
	GetHandleVerifier [0x0x7ff794ecfaf4+112628]
	GetHandleVerifier [0x0x7ff794ecfca9+113065]
	GetHandleVerifier [0x0x7ff794eb6c78+10616]
	BaseThreadInitThunk [0x0x7ffc7245e8d7+23]
	RtlUserThreadStart [0x0x7ffc7387c34c+44]
"
내 이름 맑음,QWER,"실패: Message: no such element: Unable to locate element: {""method"":""css selector"",""selector"":""img.rg_i""}
  (Session info: chrome=138.0.7204.101); For documentation on this error, please visit: https://www.selenium.dev/documentation/webdriver/troubleshooting/errors#nosuchelementexception
Stacktrace:
	GetHandleVerifier [0x0x7ff794ec6f75+76917]
	GetHandleVerifier [0x0x7ff794ec6fd0+77008]
	(No symbol) [0x0x7ff794c79dea]
	(No symbol) [0x0x7ff794cd0256]
	(No symbol) [0x0x7ff794cd050c]
	(No symbol) [0x0x7ff794d23887]
	(No symbol) [0x0x7ff794cf84af]
	(No symbol) [0x0x7ff794d2065c]
	(No symbol) [0x0x7ff794cf8243]
	(No symbol) [0x0x7ff794cc1431]
	(No symbol) [0x0x7ff794cc21c3]
	GetHandleVerifier [0x0x7ff79519d2ad+3051437]
	GetHandleVerifier [0x0x7ff795197903+3028483]
	GetHandleVerifier [0x0x7ff7951b589d+3151261]
	GetHandleVerifier [0x0x7ff794ee183e+185662]
	GetHandleVerifier [0x0x7ff794ee96ff+218111]
	GetHandleVerifier [0x0x7ff794ecfaf4+112628]
	GetHandleVerifier [0x0x7ff794ecfca9+113065]
	GetHandleVerifier [0x0x7ff794eb6c78+10616]
	BaseThreadInitThunk [0x0x7ffc7245e8d7+23]
	RtlUserThreadStart [0x0x7ffc7387c34c+44]
"
눈물참기,QWER,"실패: Message: no such element: Unable to locate element: {""method"":""css selector"",""selector"":""img.rg_i""}
  (Session info: chrome=138.0.7204.101); For documentation on this error, please visit: https://www.selenium.dev/documentation/webdriver/troubleshooting/errors#nosuchelementexception
Stacktrace:
	GetHandleVerifier [0x0x7ff794ec6f75+76917]
	GetHandleVerifier [0x0x7ff794ec6fd0+77008]
	(No symbol) [0x0x7ff794c79dea]
	(No symbol) [0x0x7ff794cd0256]
	(No symbol) [0x0x7ff794cd050c]
	(No symbol) [0x0x7ff794d23887]
	(No symbol) [0x0x7ff794cf84af]
	(No symbol) [0x0x7ff794d2065c]
	(No symbol) [0x0x7ff794cf8243]
	(No symbol) [0x0x7ff794cc1431]
	(No symbol) [0x0x7ff794cc21c3]
	GetHandleVerifier [0x0x7ff79519d2ad+3051437]
	GetHandleVerifier [0x0x7ff795197903+3028483]
	GetHandleVerifier [0x0x7ff7951b589d+3151261]
	GetHandleVerifier [0x0x7ff794ee183e+185662]
	GetHandleVerifier [0x0x7ff794ee96ff+218111]
	GetHandleVerifier [0x0x7ff794ecfaf4+112628]
	GetHandleVerifier [0x0x7ff794ecfca9+113065]
	GetHandleVerifier [0x0x7ff794eb6c78+10616]
	BaseThreadInitThunk [0x0x7ffc7245e8d7+23]
	RtlUserThreadStart [0x0x7ffc7387c34c+44]
"
Chill Kill,Red Velvet (레드벨벳),"실패: Message: no such element: Unable to locate element: {""method"":""css selector"",""selector"":""img.rg_i""}
  (Session info: chrome=138.0.7204.101); For documentation on this error, please visit: https://www.selenium.dev/documentation/webdriver/troubleshooting/errors#nosuchelementexception
Stacktrace:
	GetHandleVerifier [0x0x7ff794ec6f75+76917]
	GetHandleVerifier [0x0x7ff794ec6fd0+77008]
	(No symbol) [0x0x7ff794c79dea]
	(No symbol) [0x0x7ff794cd0256]
	(No symbol) [0x0x7ff794cd050c]
	(No symbol) [0x0x7ff794d23887]
	(No symbol) [0x0x7ff794cf84af]
	(No symbol) [0x0x7ff794d2065c]
	(No symbol) [0x0x7ff794cf8243]
	(No symbol) [0x0x7ff794cc1431]
	(No symbol) [0x0x7ff794cc21c3]
	GetHandleVerifier [0x0x7ff79519d2ad+3051437]
	GetHandleVerifier [0x0x7ff795197903+3028483]
	GetHandleVerifier [0x0x7ff7951b589d+3151261]
	GetHandleVerifier [0x0x7ff794ee183e+185662]
	GetHandleVerifier [0x0x7ff794ee96ff+218111]
	GetHandleVerifier [0x0x7ff794ecfaf4+112628]
	GetHandleVerifier [0x0x7ff794ecfca9+113065]
	GetHandleVerifier [0x0x7ff794eb6c78+10616]
	BaseThreadInitThunk [0x0x7ffc7245e8d7+23]
	RtlUserThreadStart [0x0x7ffc7387c34c+44]
"
Cosmic,Red Velvet (레드벨벳),"실패: Message: no such element: Unable to locate element: {""method"":""css selector"",""selector"":""img.rg_i""}
  (Session info: chrome=138.0.7204.101); For documentation on this error, please visit: https://www.selenium.dev/documentation/webdriver/troubleshooting/errors#nosuchelementexception
Stacktrace:
	GetHandleVerifier [0x0x7ff794ec6f75+76917]
	GetHandleVerifier [0x0x7ff794ec6fd0+77008]
	(No symbol) [0x0x7ff794c79dea]
	(No symbol) [0x0x7ff794cd0256]
	(No symbol) [0x0x7ff794cd050c]
	(No symbol) [0x0x7ff794d23887]
	(No symbol) [0x0x7ff794cf84af]
	(No symbol) [0x0x7ff794d2065c]
	(No symbol) [0x0x7ff794cf8243]
	(No symbol) [0x0x7ff794cc1431]
	(No symbol) [0x0x7ff794cc21c3]
	GetHandleVerifier [0x0x7ff79519d2ad+3051437]
	GetHandleVerifier [0x0x7ff795197903+3028483]
	GetHandleVerifier [0x0x7ff7951b589d+3151261]
	GetHandleVerifier [0x0x7ff794ee183e+185662]
	GetHandleVerifier [0x0x7ff794ee96ff+218111]
	GetHandleVerifier [0x0x7ff794ecfaf4+112628]
	GetHandleVerifier [0x0x7ff794ecfca9+113065]
	GetHandleVerifier [0x0x7ff794eb6c78+10616]
	BaseThreadInitThunk [0x0x7ffc7245e8d7+23]
	RtlUserThreadStart [0x0x7ffc7387c34c+44]
"
LOVE ATTACK,RESCENE (리센느),"실패: Message: no such element: Unable to locate element: {""method"":""css selector"",""selector"":""img.rg_i""}
  (Session info: chrome=138.0.7204.101); For documentation on this error, please visit: https://www.selenium.dev/documentation/webdriver/troubleshooting/errors#nosuchelementexception
Stacktrace:
	GetHandleVerifier [0x0x7ff794ec6f75+76917]
	GetHandleVerifier [0x0x7ff794ec6fd0+77008]
	(No symbol) [0x0x7ff794c79dea]
	(No symbol) [0x0x7ff794cd0256]
	(No symbol) [0x0x7ff794cd050c]
	(No symbol) [0x0x7ff794d23887]
	(No symbol) [0x0x7ff794cf84af]
	(No symbol) [0x0x7ff794d2065c]
	(No symbol) [0x0x7ff794cf8243]
	(No symbol) [0x0x7ff794cc1431]
	(No symbol) [0x0x7ff794cc21c3]
	GetHandleVerifier [0x0x7ff79519d2ad+3051437]
	GetHandleVerifier [0x0x7ff795197903+3028483]
	GetHandleVerifier [0x0x7ff7951b589d+3151261]
	GetHandleVerifier [0x0x7ff794ee183e+185662]
	GetHandleVerifier [0x0x7ff794ee96ff+218111]
	GetHandleVerifier [0x0x7ff794ecfaf4+112628]
	GetHandleVerifier [0x0x7ff794ecfca9+113065]
	GetHandleVerifier [0x0x7ff794eb6c78+10616]
	BaseThreadInitThunk [0x0x7ffc7245e8d7+23]
	RtlUserThreadStart [0x0x7ffc7387c34c+44]
"
Bag Bad Back,RIIZE,"실패: Message: no such element: Unable to locate element: {""method"":""css selector"",""selector"":""img.rg_i""}
  (Session info: chrome=138.0.7204.101); For documentation on this error, please visit: https://www.selenium.dev/documentation/webdriver/troubleshooting/errors#nosuchelementexception
Stacktrace:
	GetHandleVerifier [0x0x7ff794ec6f75+76917]
	GetHandleVerifier [0x0x7ff794ec6fd0+77008]
	(No symbol) [0x0x7ff794c79dea]
	(No symbol) [0x0x7ff794cd0256]
	(No symbol) [0x0x7ff794cd050c]
	(No symbol) [0x0x7ff794d23887]
	(No symbol) [0x0x7ff794cf84af]
	(No symbol) [0x0x7ff794d2065c]
	(No symbol) [0x0x7ff794cf8243]
	(No symbol) [0x0x7ff794cc1431]
	(No symbol) [0x0x7ff794cc21c3]
	GetHandleVerifier [0x0x7ff79519d2ad+3051437]
	GetHandleVerifier [0x0x7ff795197903+3028483]
	GetHandleVerifier [0x0x7ff7951b589d+3151261]
	GetHandleVerifier [0x0x7ff794ee183e+185662]
	GetHandleVerifier [0x0x7ff794ee96ff+218111]
	GetHandleVerifier [0x0x7ff794ecfaf4+112628]
	GetHandleVerifier [0x0x7ff794ecfca9+113065]
	GetHandleVerifier [0x0x7ff794eb6c78+10616]
	BaseThreadInitThunk [0x0x7ffc7245e8d7+23]
	RtlUserThreadStart [0x0x7ffc7387c34c+44]
"
Boom Boom Bass,RIIZE,"실패: Message: no such element: Unable to locate element: {""method"":""css selector"",""selector"":""img.rg_i""}
  (Session info: chrome=138.0.7204.101); For documentation on this error, please visit: https://www.selenium.dev/documentation/webdriver/troubleshooting/errors#nosuchelementexception
Stacktrace:
	GetHandleVerifier [0x0x7ff794ec6f75+76917]
	GetHandleVerifier [0x0x7ff794ec6fd0+77008]
	(No symbol) [0x0x7ff794c79dea]
	(No symbol) [0x0x7ff794cd0256]
	(No symbol) [0x0x7ff794cd050c]
	(No symbol) [0x0x7ff794d23887]
	(No symbol) [0x0x7ff794cf84af]
	(No symbol) [0x0x7ff794d2065c]
	(No symbol) [0x0x7ff794cf8243]
	(No symbol) [0x0x7ff794cc1431]
	(No symbol) [0x0x7ff794cc21c3]
	GetHandleVerifier [0x0x7ff79519d2ad+3051437]
	GetHandleVerifier [0x0x7ff795197903+3028483]
	GetHandleVerifier [0x0x7ff7951b589d+3151261]
	GetHandleVerifier [0x0x7ff794ee183e+185662]
	GetHandleVerifier [0x0x7ff794ee96ff+218111]
	GetHandleVerifier [0x0x7ff794ecfaf4+112628]
	GetHandleVerifier [0x0x7ff794ecfca9+113065]
	GetHandleVerifier [0x0x7ff794eb6c78+10616]
	BaseThreadInitThunk [0x0x7ffc7245e8d7+23]
	RtlUserThreadStart [0x0x7ffc7387c34c+44]
"
Fly Up,RIIZE,"실패: Message: no such element: Unable to locate element: {""method"":""css selector"",""selector"":""img.rg_i""}
  (Session info: chrome=138.0.7204.101); For documentation on this error, please visit: https://www.selenium.dev/documentation/webdriver/troubleshooting/errors#nosuchelementexception
Stacktrace:
	GetHandleVerifier [0x0x7ff794ec6f75+76917]
	GetHandleVerifier [0x0x7ff794ec6fd0+77008]
	(No symbol) [0x0x7ff794c79dea]
	(No symbol) [0x0x7ff794cd0256]
	(No symbol) [0x0x7ff794cd050c]
	(No symbol) [0x0x7ff794d23887]
	(No symbol) [0x0x7ff794cf84af]
	(No symbol) [0x0x7ff794d2065c]
	(No symbol) [0x0x7ff794cf8243]
	(No symbol) [0x0x7ff794cc1431]
	(No symbol) [0x0x7ff794cc21c3]
	GetHandleVerifier [0x0x7ff79519d2ad+3051437]
	GetHandleVerifier [0x0x7ff795197903+3028483]
	GetHandleVerifier [0x0x7ff7951b589d+3151261]
	GetHandleVerifier [0x0x7ff794ee183e+185662]
	GetHandleVerifier [0x0x7ff794ee96ff+218111]
	GetHandleVerifier [0x0x7ff794ecfaf4+112628]
	GetHandleVerifier [0x0x7ff794ecfca9+113065]
	GetHandleVerifier [0x0x7ff794eb6c78+10616]
	BaseThreadInitThunk [0x0x7ffc7245e8d7+23]
	RtlUserThreadStart [0x0x7ffc7387c34c+44]
"
Get A Guitar,RIIZE,"실패: Message: no such element: Unable to locate element: {""method"":""css selector"",""selector"":""img.rg_i""}
  (Session info: chrome=138.0.7204.101); For documentation on this error, please visit: https://www.selenium.dev/documentation/webdriver/troubleshooting/errors#nosuchelementexception
Stacktrace:
	GetHandleVerifier [0x0x7ff794ec6f75+76917]
	GetHandleVerifier [0x0x7ff794ec6fd0+77008]
	(No symbol) [0x0x7ff794c79dea]
	(No symbol) [0x0x7ff794cd0256]
	(No symbol) [0x0x7ff794cd050c]
	(No symbol) [0x0x7ff794d23887]
	(No symbol) [0x0x7ff794cf84af]
	(No symbol) [0x0x7ff794d2065c]
	(No symbol) [0x0x7ff794cf8243]
	(No symbol) [0x0x7ff794cc1431]
	(No symbol) [0x0x7ff794cc21c3]
	GetHandleVerifier [0x0x7ff79519d2ad+3051437]
	GetHandleVerifier [0x0x7ff795197903+3028483]
	GetHandleVerifier [0x0x7ff7951b589d+3151261]
	GetHandleVerifier [0x0x7ff794ee183e+185662]
	GetHandleVerifier [0x0x7ff794ee96ff+218111]
	GetHandleVerifier [0x0x7ff794ecfaf4+112628]
	GetHandleVerifier [0x0x7ff794ecfca9+113065]
	GetHandleVerifier [0x0x7ff794eb6c78+10616]
	BaseThreadInitThunk [0x0x7ffc7245e8d7+23]
	RtlUserThreadStart [0x0x7ffc7387c34c+44]
"
Hug (포옹),RIIZE,"실패: Message: no such element: Unable to locate element: {""method"":""css selector"",""selector"":""img.rg_i""}
  (Session info: chrome=138.0.7204.101); For documentation on this error, please visit: https://www.selenium.dev/documentation/webdriver/troubleshooting/errors#nosuchelementexception
Stacktrace:
	GetHandleVerifier [0x0x7ff794ec6f75+76917]
	GetHandleVerifier [0x0x7ff794ec6fd0+77008]
	(No symbol) [0x0x7ff794c79dea]
	(No symbol) [0x0x7ff794cd0256]
	(No symbol) [0x0x7ff794cd050c]
	(No symbol) [0x0x7ff794d23887]
	(No symbol) [0x0x7ff794cf84af]
	(No symbol) [0x0x7ff794d2065c]
	(No symbol) [0x0x7ff794cf8243]
	(No symbol) [0x0x7ff794cc1431]
	(No symbol) [0x0x7ff794cc21c3]
	GetHandleVerifier [0x0x7ff79519d2ad+3051437]
	GetHandleVerifier [0x0x7ff795197903+3028483]
	GetHandleVerifier [0x0x7ff7951b589d+3151261]
	GetHandleVerifier [0x0x7ff794ee183e+185662]
	GetHandleVerifier [0x0x7ff794ee96ff+218111]
	GetHandleVerifier [0x0x7ff794ecfaf4+112628]
	GetHandleVerifier [0x0x7ff794ecfca9+113065]
	GetHandleVerifier [0x0x7ff794eb6c78+10616]
	BaseThreadInitThunk [0x0x7ffc7245e8d7+23]
	RtlUserThreadStart [0x0x7ffc7387c34c+44]
"
Impossible,RIIZE,"실패: Message: no such element: Unable to locate element: {""method"":""css selector"",""selector"":""img.rg_i""}
  (Session info: chrome=138.0.7204.101); For documentation on this error, please visit: https://www.selenium.dev/documentation/webdriver/troubleshooting/errors#nosuchelementexception
Stacktrace:
	GetHandleVerifier [0x0x7ff794ec6f75+76917]
	GetHandleVerifier [0x0x7ff794ec6fd0+77008]
	(No symbol) [0x0x7ff794c79dea]
	(No symbol) [0x0x7ff794cd0256]
	(No symbol) [0x0x7ff794cd050c]
	(No symbol) [0x0x7ff794d23887]
	(No symbol) [0x0x7ff794cf84af]
	(No symbol) [0x0x7ff794d2065c]
	(No symbol) [0x0x7ff794cf8243]
	(No symbol) [0x0x7ff794cc1431]
	(No symbol) [0x0x7ff794cc21c3]
	GetHandleVerifier [0x0x7ff79519d2ad+3051437]
	GetHandleVerifier [0x0x7ff795197903+3028483]
	GetHandleVerifier [0x0x7ff7951b589d+3151261]
	GetHandleVerifier [0x0x7ff794ee183e+185662]
	GetHandleVerifier [0x0x7ff794ee96ff+218111]
	GetHandleVerifier [0x0x7ff794ecfaf4+112628]
	GetHandleVerifier [0x0x7ff794ecfca9+113065]
	GetHandleVerifier [0x0x7ff794eb6c78+10616]
	BaseThreadInitThunk [0x0x7ffc7245e8d7+23]
	RtlUserThreadStart [0x0x7ffc7387c34c+44]
"
Love 119,RIIZE,"실패: Message: no such element: Unable to locate element: {""method"":""css selector"",""selector"":""img.rg_i""}
  (Session info: chrome=138.0.7204.101); For documentation on this error, please visit: https://www.selenium.dev/documentation/webdriver/troubleshooting/errors#nosuchelementexception
Stacktrace:
	GetHandleVerifier [0x0x7ff794ec6f75+76917]
	GetHandleVerifier [0x0x7ff794ec6fd0+77008]
	(No symbol) [0x0x7ff794c79dea]
	(No symbol) [0x0x7ff794cd0256]
	(No symbol) [0x0x7ff794cd050c]
	(No symbol) [0x0x7ff794d23887]
	(No symbol) [0x0x7ff794cf84af]
	(No symbol) [0x0x7ff794d2065c]
	(No symbol) [0x0x7ff794cf8243]
	(No symbol) [0x0x7ff794cc1431]
	(No symbol) [0x0x7ff794cc21c3]
	GetHandleVerifier [0x0x7ff79519d2ad+3051437]
	GetHandleVerifier [0x0x7ff795197903+3028483]
	GetHandleVerifier [0x0x7ff7951b589d+3151261]
	GetHandleVerifier [0x0x7ff794ee183e+185662]
	GetHandleVerifier [0x0x7ff794ee96ff+218111]
	GetHandleVerifier [0x0x7ff794ecfaf4+112628]
	GetHandleVerifier [0x0x7ff794ecfca9+113065]
	GetHandleVerifier [0x0x7ff794eb6c78+10616]
	BaseThreadInitThunk [0x0x7ffc7245e8d7+23]
	RtlUserThreadStart [0x0x7ffc7387c34c+44]
"
Siren,RIIZE,"실패: Message: no such element: Unable to locate element: {""method"":""css selector"",""selector"":""img.rg_i""}
  (Session info: chrome=138.0.7204.101); For documentation on this error, please visit: https://www.selenium.dev/documentation/webdriver/troubleshooting/errors#nosuchelementexception
Stacktrace:
	GetHandleVerifier [0x0x7ff794ec6f75+76917]
	GetHandleVerifier [0x0x7ff794ec6fd0+77008]
	(No symbol) [0x0x7ff794c79dea]
	(No symbol) [0x0x7ff794cd0256]
	(No symbol) [0x0x7ff794cd050c]
	(No symbol) [0x0x7ff794d23887]
	(No symbol) [0x0x7ff794cf84af]
	(No symbol) [0x0x7ff794d2065c]
	(No symbol) [0x0x7ff794cf8243]
	(No symbol) [0x0x7ff794cc1431]
	(No symbol) [0x0x7ff794cc21c3]
	GetHandleVerifier [0x0x7ff79519d2ad+3051437]
	GetHandleVerifier [0x0x7ff795197903+3028483]
	GetHandleVerifier [0x0x7ff7951b589d+3151261]
	GetHandleVerifier [0x0x7ff794ee183e+185662]
	GetHandleVerifier [0x0x7ff794ee96ff+218111]
	GetHandleVerifier [0x0x7ff794ecfaf4+112628]
	GetHandleVerifier [0x0x7ff794ecfca9+113065]
	GetHandleVerifier [0x0x7ff794eb6c78+10616]
	BaseThreadInitThunk [0x0x7ffc7245e8d7+23]
	RtlUserThreadStart [0x0x7ffc7387c34c+44]
"
Talk Saxy,RIIZE,"실패: Message: no such element: Unable to locate element: {""method"":""css selector"",""selector"":""img.rg_i""}
  (Session info: chrome=138.0.7204.101); For documentation on this error, please visit: https://www.selenium.dev/documentation/webdriver/troubleshooting/errors#nosuchelementexception
Stacktrace:
	GetHandleVerifier [0x0x7ff794ec6f75+76917]
	GetHandleVerifier [0x0x7ff794ec6fd0+77008]
	(No symbol) [0x0x7ff794c79dea]
	(No symbol) [0x0x7ff794cd0256]
	(No symbol) [0x0x7ff794cd050c]
	(No symbol) [0x0x7ff794d23887]
	(No symbol) [0x0x7ff794cf84af]
	(No symbol) [0x0x7ff794d2065c]
	(No symbol) [0x0x7ff794cf8243]
	(No symbol) [0x0x7ff794cc1431]
	(No symbol) [0x0x7ff794cc21c3]
	GetHandleVerifier [0x0x7ff79519d2ad+3051437]
	GetHandleVerifier [0x0x7ff795197903+3028483]
	GetHandleVerifier [0x0x7ff7951b589d+3151261]
	GetHandleVerifier [0x0x7ff794ee183e+185662]
	GetHandleVerifier [0x0x7ff794ee96ff+218111]
	GetHandleVerifier [0x0x7ff794ecfaf4+112628]
	GetHandleVerifier [0x0x7ff794ecfca9+113065]
	GetHandleVerifier [0x0x7ff794eb6c78+10616]
	BaseThreadInitThunk [0x0x7ffc7245e8d7+23]
	RtlUserThreadStart [0x0x7ffc7387c34c+44]
"
Must Have Love,"SG 워너비, 브라운아이드걸스","실패: Message: no such element: Unable to locate element: {""method"":""css selector"",""selector"":""img.rg_i""}
  (Session info: chrome=138.0.7204.101); For documentation on this error, please visit: https://www.selenium.dev/documentation/webdriver/troubleshooting/errors#nosuchelementexception
Stacktrace:
	GetHandleVerifier [0x0x7ff794ec6f75+76917]
	GetHandleVerifier [0x0x7ff794ec6fd0+77008]
	(No symbol) [0x0x7ff794c79dea]
	(No symbol) [0x0x7ff794cd0256]
	(No symbol) [0x0x7ff794cd050c]
	(No symbol) [0x0x7ff794d23887]
	(No symbol) [0x0x7ff794cf84af]
	(No symbol) [0x0x7ff794d2065c]
	(No symbol) [0x0x7ff794cf8243]
	(No symbol) [0x0x7ff794cc1431]
	(No symbol) [0x0x7ff794cc21c3]
	GetHandleVerifier [0x0x7ff79519d2ad+3051437]
	GetHandleVerifier [0x0x7ff795197903+3028483]
	GetHandleVerifier [0x0x7ff7951b589d+3151261]
	GetHandleVerifier [0x0x7ff794ee183e+185662]
	GetHandleVerifier [0x0x7ff794ee96ff+218111]
	GetHandleVerifier [0x0x7ff794ecfaf4+112628]
	GetHandleVerifier [0x0x7ff794ecfca9+113065]
	GetHandleVerifier [0x0x7ff794eb6c78+10616]
	BaseThreadInitThunk [0x0x7ffc7245e8d7+23]
	RtlUserThreadStart [0x0x7ffc7387c34c+44]
"
Snowman,Sia,"실패: Message: no such element: Unable to locate element: {""method"":""css selector"",""selector"":""img.rg_i""}
  (Session info: chrome=138.0.7204.101); For documentation on this error, please visit: https://www.selenium.dev/documentation/webdriver/troubleshooting/errors#nosuchelementexception
Stacktrace:
	GetHandleVerifier [0x0x7ff794ec6f75+76917]
	GetHandleVerifier [0x0x7ff794ec6fd0+77008]
	(No symbol) [0x0x7ff794c79dea]
	(No symbol) [0x0x7ff794cd0256]
	(No symbol) [0x0x7ff794cd050c]
	(No symbol) [0x0x7ff794d23887]
	(No symbol) [0x0x7ff794cf84af]
	(No symbol) [0x0x7ff794d2065c]
	(No symbol) [0x0x7ff794cf8243]
	(No symbol) [0x0x7ff794cc1431]
	(No symbol) [0x0x7ff794cc21c3]
	GetHandleVerifier [0x0x7ff79519d2ad+3051437]
	GetHandleVerifier [0x0x7ff795197903+3028483]
	GetHandleVerifier [0x0x7ff7951b589d+3151261]
	GetHandleVerifier [0x0x7ff794ee183e+185662]
	GetHandleVerifier [0x0x7ff794ee96ff+218111]
	GetHandleVerifier [0x0x7ff794ecfaf4+112628]
	GetHandleVerifier [0x0x7ff794ecfca9+113065]
	GetHandleVerifier [0x0x7ff794eb6c78+10616]
	BaseThreadInitThunk [0x0x7ffc7245e8d7+23]
	RtlUserThreadStart [0x0x7ffc7387c34c+44]
"
어른,Sondia,"실패: Message: no such element: Unable to locate element: {""method"":""css selector"",""selector"":""img.rg_i""}
  (Session info: chrome=138.0.7204.101); For documentation on this error, please visit: https://www.selenium.dev/documentation/webdriver/troubleshooting/errors#nosuchelementexception
Stacktrace:
	GetHandleVerifier [0x0x7ff794ec6f75+76917]
	GetHandleVerifier [0x0x7ff794ec6fd0+77008]
	(No symbol) [0x0x7ff794c79dea]
	(No symbol) [0x0x7ff794cd0256]
	(No symbol) [0x0x7ff794cd050c]
	(No symbol) [0x0x7ff794d23887]
	(No symbol) [0x0x7ff794cf84af]
	(No symbol) [0x0x7ff794d2065c]
	(No symbol) [0x0x7ff794cf8243]
	(No symbol) [0x0x7ff794cc1431]
	(No symbol) [0x0x7ff794cc21c3]
	GetHandleVerifier [0x0x7ff79519d2ad+3051437]
	GetHandleVerifier [0x0x7ff795197903+3028483]
	GetHandleVerifier [0x0x7ff7951b589d+3151261]
	GetHandleVerifier [0x0x7ff794ee183e+185662]
	GetHandleVerifier [0x0x7ff794ee96ff+218111]
	GetHandleVerifier [0x0x7ff794ecfaf4+112628]
	GetHandleVerifier [0x0x7ff794ecfca9+113065]
	GetHandleVerifier [0x0x7ff794eb6c78+10616]
	BaseThreadInitThunk [0x0x7ffc7245e8d7+23]
	RtlUserThreadStart [0x0x7ffc7387c34c+44]
"
Bubble,STAYC(스테이씨),"실패: Message: no such element: Unable to locate element: {""method"":""css selector"",""selector"":""img.rg_i""}
  (Session info: chrome=138.0.7204.101); For documentation on this error, please visit: https://www.selenium.dev/documentation/webdriver/troubleshooting/errors#nosuchelementexception
Stacktrace:
	GetHandleVerifier [0x0x7ff794ec6f75+76917]
	GetHandleVerifier [0x0x7ff794ec6fd0+77008]
	(No symbol) [0x0x7ff794c79dea]
	(No symbol) [0x0x7ff794cd0256]
	(No symbol) [0x0x7ff794cd050c]
	(No symbol) [0x0x7ff794d23887]
	(No symbol) [0x0x7ff794cf84af]
	(No symbol) [0x0x7ff794d2065c]
	(No symbol) [0x0x7ff794cf8243]
	(No symbol) [0x0x7ff794cc1431]
	(No symbol) [0x0x7ff794cc21c3]
	GetHandleVerifier [0x0x7ff79519d2ad+3051437]
	GetHandleVerifier [0x0x7ff795197903+3028483]
	GetHandleVerifier [0x0x7ff7951b589d+3151261]
	GetHandleVerifier [0x0x7ff794ee183e+185662]
	GetHandleVerifier [0x0x7ff794ee96ff+218111]
	GetHandleVerifier [0x0x7ff794ecfaf4+112628]
	GetHandleVerifier [0x0x7ff794ecfca9+113065]
	GetHandleVerifier [0x0x7ff794eb6c78+10616]
	BaseThreadInitThunk [0x0x7ffc7245e8d7+23]
	RtlUserThreadStart [0x0x7ffc7387c34c+44]
"
Cruel Summer,Taylor Swift,"실패: Message: no such element: Unable to locate element: {""method"":""css selector"",""selector"":""img.rg_i""}
  (Session info: chrome=138.0.7204.101); For documentation on this error, please visit: https://www.selenium.dev/documentation/webdriver/troubleshooting/errors#nosuchelementexception
Stacktrace:
	GetHandleVerifier [0x0x7ff794ec6f75+76917]
	GetHandleVerifier [0x0x7ff794ec6fd0+77008]
	(No symbol) [0x0x7ff794c79dea]
	(No symbol) [0x0x7ff794cd0256]
	(No symbol) [0x0x7ff794cd050c]
	(No symbol) [0x0x7ff794d23887]
	(No symbol) [0x0x7ff794cf84af]
	(No symbol) [0x0x7ff794d2065c]
	(No symbol) [0x0x7ff794cf8243]
	(No symbol) [0x0x7ff794cc1431]
	(No symbol) [0x0x7ff794cc21c3]
	GetHandleVerifier [0x0x7ff79519d2ad+3051437]
	GetHandleVerifier [0x0x7ff795197903+3028483]
	GetHandleVerifier [0x0x7ff7951b589d+3151261]
	GetHandleVerifier [0x0x7ff794ee183e+185662]
	GetHandleVerifier [0x0x7ff794ee96ff+218111]
	GetHandleVerifier [0x0x7ff794ecfaf4+112628]
	GetHandleVerifier [0x0x7ff794ecfca9+113065]
	GetHandleVerifier [0x0x7ff794eb6c78+10616]
	BaseThreadInitThunk [0x0x7ffc7245e8d7+23]
	RtlUserThreadStart [0x0x7ffc7387c34c+44]
"
STAY,"The Kid LAROI, Justin Bieber","실패: Message: no such element: Unable to locate element: {""method"":""css selector"",""selector"":""img.rg_i""}
  (Session info: chrome=138.0.7204.101); For documentation on this error, please visit: https://www.selenium.dev/documentation/webdriver/troubleshooting/errors#nosuchelementexception
Stacktrace:
	GetHandleVerifier [0x0x7ff794ec6f75+76917]
	GetHandleVerifier [0x0x7ff794ec6fd0+77008]
	(No symbol) [0x0x7ff794c79dea]
	(No symbol) [0x0x7ff794cd0256]
	(No symbol) [0x0x7ff794cd050c]
	(No symbol) [0x0x7ff794d23887]
	(No symbol) [0x0x7ff794cf84af]
	(No symbol) [0x0x7ff794d2065c]
	(No symbol) [0x0x7ff794cf8243]
	(No symbol) [0x0x7ff794cc1431]
	(No symbol) [0x0x7ff794cc21c3]
	GetHandleVerifier [0x0x7ff79519d2ad+3051437]
	GetHandleVerifier [0x0x7ff795197903+3028483]
	GetHandleVerifier [0x0x7ff7951b589d+3151261]
	GetHandleVerifier [0x0x7ff794ee183e+185662]
	GetHandleVerifier [0x0x7ff794ee96ff+218111]
	GetHandleVerifier [0x0x7ff794ecfaf4+112628]
	GetHandleVerifier [0x0x7ff794ecfca9+113065]
	GetHandleVerifier [0x0x7ff794eb6c78+10616]
	BaseThreadInitThunk [0x0x7ffc7245e8d7+23]
	RtlUserThreadStart [0x0x7ffc7387c34c+44]
"
Girls Never Die,tripleS (트리플에스),"실패: Message: no such element: Unable to locate element: {""method"":""css selector"",""selector"":""img.rg_i""}
  (Session info: chrome=138.0.7204.101); For documentation on this error, please visit: https://www.selenium.dev/documentation/webdriver/troubleshooting/errors#nosuchelementexception
Stacktrace:
	GetHandleVerifier [0x0x7ff794ec6f75+76917]
	GetHandleVerifier [0x0x7ff794ec6fd0+77008]
	(No symbol) [0x0x7ff794c79dea]
	(No symbol) [0x0x7ff794cd0256]
	(No symbol) [0x0x7ff794cd050c]
	(No symbol) [0x0x7ff794d23887]
	(No symbol) [0x0x7ff794cf84af]
	(No symbol) [0x0x7ff794d2065c]
	(No symbol) [0x0x7ff794cf8243]
	(No symbol) [0x0x7ff794cc1431]
	(No symbol) [0x0x7ff794cc21c3]
	GetHandleVerifier [0x0x7ff79519d2ad+3051437]
	GetHandleVerifier [0x0x7ff795197903+3028483]
	GetHandleVerifier [0x0x7ff7951b589d+3151261]
	GetHandleVerifier [0x0x7ff794ee183e+185662]
	GetHandleVerifier [0x0x7ff794ee96ff+218111]
	GetHandleVerifier [0x0x7ff794ecfaf4+112628]
	GetHandleVerifier [0x0x7ff794ecfca9+113065]
	GetHandleVerifier [0x0x7ff794eb6c78+10616]
	BaseThreadInitThunk [0x0x7ffc7245e8d7+23]
	RtlUserThreadStart [0x0x7ffc7387c34c+44]
"
내가 S면 넌 나의 N이 되어줘,TWS (투어스),"실패: Message: no such element: Unable to locate element: {""method"":""css selector"",""selector"":""img.rg_i""}
  (Session info: chrome=138.0.7204.101); For documentation on this error, please visit: https://www.selenium.dev/documentation/webdriver/troubleshooting/errors#nosuchelementexception
Stacktrace:
	GetHandleVerifier [0x0x7ff794ec6f75+76917]
	GetHandleVerifier [0x0x7ff794ec6fd0+77008]
	(No symbol) [0x0x7ff794c79dea]
	(No symbol) [0x0x7ff794cd0256]
	(No symbol) [0x0x7ff794cd050c]
	(No symbol) [0x0x7ff794d23887]
	(No symbol) [0x0x7ff794cf84af]
	(No symbol) [0x0x7ff794d2065c]
	(No symbol) [0x0x7ff794cf8243]
	(No symbol) [0x0x7ff794cc1431]
	(No symbol) [0x0x7ff794cc21c3]
	GetHandleVerifier [0x0x7ff79519d2ad+3051437]
	GetHandleVerifier [0x0x7ff795197903+3028483]
	GetHandleVerifier [0x0x7ff7951b589d+3151261]
	GetHandleVerifier [0x0x7ff794ee183e+185662]
	GetHandleVerifier [0x0x7ff794ee96ff+218111]
	GetHandleVerifier [0x0x7ff794ecfaf4+112628]
	GetHandleVerifier [0x0x7ff794ecfca9+113065]
	GetHandleVerifier [0x0x7ff794eb6c78+10616]
	BaseThreadInitThunk [0x0x7ffc7245e8d7+23]
	RtlUserThreadStart [0x0x7ffc7387c34c+44]
"
마음 따라 뛰는 건 멋지지 않아?,TWS (투어스),"실패: Message: no such element: Unable to locate element: {""method"":""css selector"",""selector"":""img.rg_i""}
  (Session info: chrome=138.0.7204.101); For documentation on this error, please visit: https://www.selenium.dev/documentation/webdriver/troubleshooting/errors#nosuchelementexception
Stacktrace:
	GetHandleVerifier [0x0x7ff794ec6f75+76917]
	GetHandleVerifier [0x0x7ff794ec6fd0+77008]
	(No symbol) [0x0x7ff794c79dea]
	(No symbol) [0x0x7ff794cd0256]
	(No symbol) [0x0x7ff794cd050c]
	(No symbol) [0x0x7ff794d23887]
	(No symbol) [0x0x7ff794cf84af]
	(No symbol) [0x0x7ff794d2065c]
	(No symbol) [0x0x7ff794cf8243]
	(No symbol) [0x0x7ff794cc1431]
	(No symbol) [0x0x7ff794cc21c3]
	GetHandleVerifier [0x0x7ff79519d2ad+3051437]
	GetHandleVerifier [0x0x7ff795197903+3028483]
	GetHandleVerifier [0x0x7ff7951b589d+3151261]
	GetHandleVerifier [0x0x7ff794ee183e+185662]
	GetHandleVerifier [0x0x7ff794ee96ff+218111]
	GetHandleVerifier [0x0x7ff794ecfaf4+112628]
	GetHandleVerifier [0x0x7ff794ecfca9+113065]
	GetHandleVerifier [0x0x7ff794eb6c78+10616]
	BaseThreadInitThunk [0x0x7ffc7245e8d7+23]
	RtlUserThreadStart [0x0x7ffc7387c34c+44]
"
첫 만남은 계획대로 되지 않아,TWS (투어스),"실패: Message: no such element: Unable to locate element: {""method"":""css selector"",""selector"":""img.rg_i""}
  (Session info: chrome=138.0.7204.101); For documentation on this error, please visit: https://www.selenium.dev/documentation/webdriver/troubleshooting/errors#nosuchelementexception
Stacktrace:
	GetHandleVerifier [0x0x7ff794ec6f75+76917]
	GetHandleVerifier [0x0x7ff794ec6fd0+77008]
	(No symbol) [0x0x7ff794c79dea]
	(No symbol) [0x0x7ff794cd0256]
	(No symbol) [0x0x7ff794cd050c]
	(No symbol) [0x0x7ff794d23887]
	(No symbol) [0x0x7ff794cf84af]
	(No symbol) [0x0x7ff794d2065c]
	(No symbol) [0x0x7ff794cf8243]
	(No symbol) [0x0x7ff794cc1431]
	(No symbol) [0x0x7ff794cc21c3]
	GetHandleVerifier [0x0x7ff79519d2ad+3051437]
	GetHandleVerifier [0x0x7ff795197903+3028483]
	GetHandleVerifier [0x0x7ff7951b589d+3151261]
	GetHandleVerifier [0x0x7ff794ee183e+185662]
	GetHandleVerifier [0x0x7ff794ee96ff+218111]
	GetHandleVerifier [0x0x7ff794ecfaf4+112628]
	GetHandleVerifier [0x0x7ff794ecfca9+113065]
	GetHandleVerifier [0x0x7ff794eb6c78+10616]
	BaseThreadInitThunk [0x0x7ffc7245e8d7+23]
	RtlUserThreadStart [0x0x7ffc7387c34c+44]
"
MANIAC,VIVIZ (비비지),"실패: Message: no such element: Unable to locate element: {""method"":""css selector"",""selector"":""img.rg_i""}
  (Session info: chrome=138.0.7204.101); For documentation on this error, please visit: https://www.selenium.dev/documentation/webdriver/troubleshooting/errors#nosuchelementexception
Stacktrace:
	GetHandleVerifier [0x0x7ff794ec6f75+76917]
	GetHandleVerifier [0x0x7ff794ec6fd0+77008]
	(No symbol) [0x0x7ff794c79dea]
	(No symbol) [0x0x7ff794cd0256]
	(No symbol) [0x0x7ff794cd050c]
	(No symbol) [0x0x7ff794d23887]
	(No symbol) [0x0x7ff794cf84af]
	(No symbol) [0x0x7ff794d2065c]
	(No symbol) [0x0x7ff794cf8243]
	(No symbol) [0x0x7ff794cc1431]
	(No symbol) [0x0x7ff794cc21c3]
	GetHandleVerifier [0x0x7ff79519d2ad+3051437]
	GetHandleVerifier [0x0x7ff795197903+3028483]
	GetHandleVerifier [0x0x7ff7951b589d+3151261]
	GetHandleVerifier [0x0x7ff794ee183e+185662]
	GetHandleVerifier [0x0x7ff794ee96ff+218111]
	GetHandleVerifier [0x0x7ff794ecfaf4+112628]
	GetHandleVerifier [0x0x7ff794ecfca9+113065]
	GetHandleVerifier [0x0x7ff794eb6c78+10616]
	BaseThreadInitThunk [0x0x7ffc7245e8d7+23]
	RtlUserThreadStart [0x0x7ffc7387c34c+44]
"
Drowning,WOODZ,"실패: Message: no such element: Unable to locate element: {""method"":""css selector"",""selector"":""img.rg_i""}
  (Session info: chrome=138.0.7204.101); For documentation on this error, please visit: https://www.selenium.dev/documentation/webdriver/troubleshooting/errors#nosuchelementexception
Stacktrace:
	GetHandleVerifier [0x0x7ff794ec6f75+76917]
	GetHandleVerifier [0x0x7ff794ec6fd0+77008]
	(No symbol) [0x0x7ff794c79dea]
	(No symbol) [0x0x7ff794cd0256]
	(No symbol) [0x0x7ff794cd050c]
	(No symbol) [0x0x7ff794d23887]
	(No symbol) [0x0x7ff794cf84af]
	(No symbol) [0x0x7ff794d2065c]
	(No symbol) [0x0x7ff794cf8243]
	(No symbol) [0x0x7ff794cc1431]
	(No symbol) [0x0x7ff794cc21c3]
	GetHandleVerifier [0x0x7ff79519d2ad+3051437]
	GetHandleVerifier [0x0x7ff795197903+3028483]
	GetHandleVerifier [0x0x7ff7951b589d+3151261]
	GetHandleVerifier [0x0x7ff794ee183e+185662]
	GetHandleVerifier [0x0x7ff794ee96ff+218111]
	GetHandleVerifier [0x0x7ff794ecfaf4+112628]
	GetHandleVerifier [0x0x7ff794ecfca9+113065]
	GetHandleVerifier [0x0x7ff794eb6c78+10616]
	BaseThreadInitThunk [0x0x7ffc7245e8d7+23]
	RtlUserThreadStart [0x0x7ffc7387c34c+44]
"
네모네모,YENA (최예나),"실패: Message: no such element: Unable to locate element: {""method"":""css selector"",""selector"":""img.rg_i""}
  (Session info: chrome=138.0.7204.101); For documentation on this error, please visit: https://www.selenium.dev/documentation/webdriver/troubleshooting/errors#nosuchelementexception
Stacktrace:
	GetHandleVerifier [0x0x7ff794ec6f75+76917]
	GetHandleVerifier [0x0x7ff794ec6fd0+77008]
	(No symbol) [0x0x7ff794c79dea]
	(No symbol) [0x0x7ff794cd0256]
	(No symbol) [0x0x7ff794cd050c]
	(No symbol) [0x0x7ff794d23887]
	(No symbol) [0x0x7ff794cf84af]
	(No symbol) [0x0x7ff794d2065c]
	(No symbol) [0x0x7ff794cf8243]
	(No symbol) [0x0x7ff794cc1431]
	(No symbol) [0x0x7ff794cc21c3]
	GetHandleVerifier [0x0x7ff79519d2ad+3051437]
	GetHandleVerifier [0x0x7ff795197903+3028483]
	GetHandleVerifier [0x0x7ff7951b589d+3151261]
	GetHandleVerifier [0x0x7ff794ee183e+185662]
	GetHandleVerifier [0x0x7ff794ee96ff+218111]
	GetHandleVerifier [0x0x7ff794ecfaf4+112628]
	GetHandleVerifier [0x0x7ff794ecfca9+113065]
	GetHandleVerifier [0x0x7ff794eb6c78+10616]
	BaseThreadInitThunk [0x0x7ffc7245e8d7+23]
	RtlUserThreadStart [0x0x7ffc7387c34c+44]
"
다정히 내 이름을 부르면,"경서예지, 전건호","실패: Message: no such element: Unable to locate element: {""method"":""css selector"",""selector"":""img.rg_i""}
  (Session info: chrome=138.0.7204.101); For documentation on this error, please visit: https://www.selenium.dev/documentation/webdriver/troubleshooting/errors#nosuchelementexception
Stacktrace:
	GetHandleVerifier [0x0x7ff794ec6f75+76917]
	GetHandleVerifier [0x0x7ff794ec6fd0+77008]
	(No symbol) [0x0x7ff794c79dea]
	(No symbol) [0x0x7ff794cd0256]
	(No symbol) [0x0x7ff794cd050c]
	(No symbol) [0x0x7ff794d23887]
	(No symbol) [0x0x7ff794cf84af]
	(No symbol) [0x0x7ff794d2065c]
	(No symbol) [0x0x7ff794cf8243]
	(No symbol) [0x0x7ff794cc1431]
	(No symbol) [0x0x7ff794cc21c3]
	GetHandleVerifier [0x0x7ff79519d2ad+3051437]
	GetHandleVerifier [0x0x7ff795197903+3028483]
	GetHandleVerifier [0x0x7ff7951b589d+3151261]
	GetHandleVerifier [0x0x7ff794ee183e+185662]
	GetHandleVerifier [0x0x7ff794ee96ff+218111]
	GetHandleVerifier [0x0x7ff794ecfaf4+112628]
	GetHandleVerifier [0x0x7ff794ecfca9+113065]
	GetHandleVerifier [0x0x7ff794eb6c78+10616]
	BaseThreadInitThunk [0x0x7ffc7245e8d7+23]
	RtlUserThreadStart [0x0x7ffc7387c34c+44]
"
"Yes or No (Feat. 허윤진 of LE SSERAFIM, Crush)",그루비룸 (GroovyRoom),"실패: Message: no such element: Unable to locate element: {""method"":""css selector"",""selector"":""img.rg_i""}
  (Session info: chrome=138.0.7204.101); For documentation on this error, please visit: https://www.selenium.dev/documentation/webdriver/troubleshooting/errors#nosuchelementexception
Stacktrace:
	GetHandleVerifier [0x0x7ff794ec6f75+76917]
	GetHandleVerifier [0x0x7ff794ec6fd0+77008]
	(No symbol) [0x0x7ff794c79dea]
	(No symbol) [0x0x7ff794cd0256]
	(No symbol) [0x0x7ff794cd050c]
	(No symbol) [0x0x7ff794d23887]
	(No symbol) [0x0x7ff794cf84af]
	(No symbol) [0x0x7ff794d2065c]
	(No symbol) [0x0x7ff794cf8243]
	(No symbol) [0x0x7ff794cc1431]
	(No symbol) [0x0x7ff794cc21c3]
	GetHandleVerifier [0x0x7ff79519d2ad+3051437]
	GetHandleVerifier [0x0x7ff795197903+3028483]
	GetHandleVerifier [0x0x7ff7951b589d+3151261]
	GetHandleVerifier [0x0x7ff794ee183e+185662]
	GetHandleVerifier [0x0x7ff794ee96ff+218111]
	GetHandleVerifier [0x0x7ff794ecfaf4+112628]
	GetHandleVerifier [0x0x7ff794ecfca9+113065]
	GetHandleVerifier [0x0x7ff794eb6c78+10616]
	BaseThreadInitThunk [0x0x7ffc7245e8d7+23]
	RtlUserThreadStart [0x0x7ffc7387c34c+44]
"
취중고백,김민석,"실패: Message: no such element: Unable to locate element: {""method"":""css selector"",""selector"":""img.rg_i""}
  (Session info: chrome=138.0.7204.101); For documentation on this error, please visit: https://www.selenium.dev/documentation/webdriver/troubleshooting/errors#nosuchelementexception
Stacktrace:
	GetHandleVerifier [0x0x7ff794ec6f75+76917]
	GetHandleVerifier [0x0x7ff794ec6fd0+77008]
	(No symbol) [0x0x7ff794c79dea]
	(No symbol) [0x0x7ff794cd0256]
	(No symbol) [0x0x7ff794cd050c]
	(No symbol) [0x0x7ff794d23887]
	(No symbol) [0x0x7ff794cf84af]
	(No symbol) [0x0x7ff794d2065c]
	(No symbol) [0x0x7ff794cf8243]
	(No symbol) [0x0x7ff794cc1431]
	(No symbol) [0x0x7ff794cc21c3]
	GetHandleVerifier [0x0x7ff79519d2ad+3051437]
	GetHandleVerifier [0x0x7ff795197903+3028483]
	GetHandleVerifier [0x0x7ff7951b589d+3151261]
	GetHandleVerifier [0x0x7ff794ee183e+185662]
	GetHandleVerifier [0x0x7ff794ee96ff+218111]
	GetHandleVerifier [0x0x7ff794ecfaf4+112628]
	GetHandleVerifier [0x0x7ff794ecfca9+113065]
	GetHandleVerifier [0x0x7ff794eb6c78+10616]
	BaseThreadInitThunk [0x0x7ffc7245e8d7+23]
	RtlUserThreadStart [0x0x7ffc7387c34c+44]
"
Storm,김보경 (NEON),"실패: Message: no such element: Unable to locate element: {""method"":""css selector"",""selector"":""img.rg_i""}
  (Session info: chrome=138.0.7204.101); For documentation on this error, please visit: https://www.selenium.dev/documentation/webdriver/troubleshooting/errors#nosuchelementexception
Stacktrace:
	GetHandleVerifier [0x0x7ff794ec6f75+76917]
	GetHandleVerifier [0x0x7ff794ec6fd0+77008]
	(No symbol) [0x0x7ff794c79dea]
	(No symbol) [0x0x7ff794cd0256]
	(No symbol) [0x0x7ff794cd050c]
	(No symbol) [0x0x7ff794d23887]
	(No symbol) [0x0x7ff794cf84af]
	(No symbol) [0x0x7ff794d2065c]
	(No symbol) [0x0x7ff794cf8243]
	(No symbol) [0x0x7ff794cc1431]
	(No symbol) [0x0x7ff794cc21c3]
	GetHandleVerifier [0x0x7ff79519d2ad+3051437]
	GetHandleVerifier [0x0x7ff795197903+3028483]
	GetHandleVerifier [0x0x7ff7951b589d+3151261]
	GetHandleVerifier [0x0x7ff794ee183e+185662]
	GetHandleVerifier [0x0x7ff794ee96ff+218111]
	GetHandleVerifier [0x0x7ff794ecfaf4+112628]
	GetHandleVerifier [0x0x7ff794ecfca9+113065]
	GetHandleVerifier [0x0x7ff794eb6c78+10616]
	BaseThreadInitThunk [0x0x7ffc7245e8d7+23]
	RtlUserThreadStart [0x0x7ffc7387c34c+44]
"
그대만 있다면 (여름날 우리 X 너드커넥션 (Nerd Connection)),너드커넥션 (Nerd Connection),"실패: Message: no such element: Unable to locate element: {""method"":""css selector"",""selector"":""img.rg_i""}
  (Session info: chrome=138.0.7204.101); For documentation on this error, please visit: https://www.selenium.dev/documentation/webdriver/troubleshooting/errors#nosuchelementexception
Stacktrace:
	GetHandleVerifier [0x0x7ff794ec6f75+76917]
	GetHandleVerifier [0x0x7ff794ec6fd0+77008]
	(No symbol) [0x0x7ff794c79dea]
	(No symbol) [0x0x7ff794cd0256]
	(No symbol) [0x0x7ff794cd050c]
	(No symbol) [0x0x7ff794d23887]
	(No symbol) [0x0x7ff794cf84af]
	(No symbol) [0x0x7ff794d2065c]
	(No symbol) [0x0x7ff794cf8243]
	(No symbol) [0x0x7ff794cc1431]
	(No symbol) [0x0x7ff794cc21c3]
	GetHandleVerifier [0x0x7ff79519d2ad+3051437]
	GetHandleVerifier [0x0x7ff795197903+3028483]
	GetHandleVerifier [0x0x7ff7951b589d+3151261]
	GetHandleVerifier [0x0x7ff794ee183e+185662]
	GetHandleVerifier [0x0x7ff794ee96ff+218111]
	GetHandleVerifier [0x0x7ff794ecfaf4+112628]
	GetHandleVerifier [0x0x7ff794ecfca9+113065]
	GetHandleVerifier [0x0x7ff794eb6c78+10616]
	BaseThreadInitThunk [0x0x7ffc7245e8d7+23]
	RtlUserThreadStart [0x0x7ffc7387c34c+44]
"
"Smoke (Prod. Dynamicduo, Padi)","다이나믹 듀오, 이영지","실패: Message: no such element: Unable to locate element: {""method"":""css selector"",""selector"":""img.rg_i""}
  (Session info: chrome=138.0.7204.101); For documentation on this error, please visit: https://www.selenium.dev/documentation/webdriver/troubleshooting/errors#nosuchelementexception
Stacktrace:
	GetHandleVerifier [0x0x7ff794ec6f75+76917]
	GetHandleVerifier [0x0x7ff794ec6fd0+77008]
	(No symbol) [0x0x7ff794c79dea]
	(No symbol) [0x0x7ff794cd0256]
	(No symbol) [0x0x7ff794cd050c]
	(No symbol) [0x0x7ff794d23887]
	(No symbol) [0x0x7ff794cf84af]
	(No symbol) [0x0x7ff794d2065c]
	(No symbol) [0x0x7ff794cf8243]
	(No symbol) [0x0x7ff794cc1431]
	(No symbol) [0x0x7ff794cc21c3]
	GetHandleVerifier [0x0x7ff79519d2ad+3051437]
	GetHandleVerifier [0x0x7ff795197903+3028483]
	GetHandleVerifier [0x0x7ff7951b589d+3151261]
	GetHandleVerifier [0x0x7ff794ee183e+185662]
	GetHandleVerifier [0x0x7ff794ee96ff+218111]
	GetHandleVerifier [0x0x7ff794ecfaf4+112628]
	GetHandleVerifier [0x0x7ff794ecfca9+113065]
	GetHandleVerifier [0x0x7ff794eb6c78+10616]
	BaseThreadInitThunk [0x0x7ffc7245e8d7+23]
	RtlUserThreadStart [0x0x7ffc7387c34c+44]
"
별 떨어진다 (I Do),도경수(D.O.),"실패: Message: no such element: Unable to locate element: {""method"":""css selector"",""selector"":""img.rg_i""}
  (Session info: chrome=138.0.7204.101); For documentation on this error, please visit: https://www.selenium.dev/documentation/webdriver/troubleshooting/errors#nosuchelementexception
Stacktrace:
	GetHandleVerifier [0x0x7ff794ec6f75+76917]
	GetHandleVerifier [0x0x7ff794ec6fd0+77008]
	(No symbol) [0x0x7ff794c79dea]
	(No symbol) [0x0x7ff794cd0256]
	(No symbol) [0x0x7ff794cd050c]
	(No symbol) [0x0x7ff794d23887]
	(No symbol) [0x0x7ff794cf84af]
	(No symbol) [0x0x7ff794d2065c]
	(No symbol) [0x0x7ff794cf8243]
	(No symbol) [0x0x7ff794cc1431]
	(No symbol) [0x0x7ff794cc21c3]
	GetHandleVerifier [0x0x7ff79519d2ad+3051437]
	GetHandleVerifier [0x0x7ff795197903+3028483]
	GetHandleVerifier [0x0x7ff7951b589d+3151261]
	GetHandleVerifier [0x0x7ff794ee183e+185662]
	GetHandleVerifier [0x0x7ff794ee96ff+218111]
	GetHandleVerifier [0x0x7ff794ecfaf4+112628]
	GetHandleVerifier [0x0x7ff794ecfca9+113065]
	GetHandleVerifier [0x0x7ff794eb6c78+10616]
	BaseThreadInitThunk [0x0x7ffc7245e8d7+23]
	RtlUserThreadStart [0x0x7ffc7387c34c+44]
"
영원해,도경수(D.O.),"실패: Message: no such element: Unable to locate element: {""method"":""css selector"",""selector"":""img.rg_i""}
  (Session info: chrome=138.0.7204.101); For documentation on this error, please visit: https://www.selenium.dev/documentation/webdriver/troubleshooting/errors#nosuchelementexception
Stacktrace:
	GetHandleVerifier [0x0x7ff794ec6f75+76917]
	GetHandleVerifier [0x0x7ff794ec6fd0+77008]
	(No symbol) [0x0x7ff794c79dea]
	(No symbol) [0x0x7ff794cd0256]
	(No symbol) [0x0x7ff794cd050c]
	(No symbol) [0x0x7ff794d23887]
	(No symbol) [0x0x7ff794cf84af]
	(No symbol) [0x0x7ff794d2065c]
	(No symbol) [0x0x7ff794cf8243]
	(No symbol) [0x0x7ff794cc1431]
	(No symbol) [0x0x7ff794cc21c3]
	GetHandleVerifier [0x0x7ff79519d2ad+3051437]
	GetHandleVerifier [0x0x7ff795197903+3028483]
	GetHandleVerifier [0x0x7ff7951b589d+3151261]
	GetHandleVerifier [0x0x7ff794ee183e+185662]
	GetHandleVerifier [0x0x7ff794ee96ff+218111]
	GetHandleVerifier [0x0x7ff794ecfaf4+112628]
	GetHandleVerifier [0x0x7ff794ecfca9+113065]
	GetHandleVerifier [0x0x7ff794eb6c78+10616]
	BaseThreadInitThunk [0x0x7ffc7245e8d7+23]
	RtlUserThreadStart [0x0x7ffc7387c34c+44]
"
우연히 봄,"로꼬, 유주 (YUJU)","실패: Message: no such element: Unable to locate element: {""method"":""css selector"",""selector"":""img.rg_i""}
  (Session info: chrome=138.0.7204.101); For documentation on this error, please visit: https://www.selenium.dev/documentation/webdriver/troubleshooting/errors#nosuchelementexception
Stacktrace:
	GetHandleVerifier [0x0x7ff794ec6f75+76917]
	GetHandleVerifier [0x0x7ff794ec6fd0+77008]
	(No symbol) [0x0x7ff794c79dea]
	(No symbol) [0x0x7ff794cd0256]
	(No symbol) [0x0x7ff794cd050c]
	(No symbol) [0x0x7ff794d23887]
	(No symbol) [0x0x7ff794cf84af]
	(No symbol) [0x0x7ff794d2065c]
	(No symbol) [0x0x7ff794cf8243]
	(No symbol) [0x0x7ff794cc1431]
	(No symbol) [0x0x7ff794cc21c3]
	GetHandleVerifier [0x0x7ff79519d2ad+3051437]
	GetHandleVerifier [0x0x7ff795197903+3028483]
	GetHandleVerifier [0x0x7ff7951b589d+3151261]
	GetHandleVerifier [0x0x7ff794ee183e+185662]
	GetHandleVerifier [0x0x7ff794ee96ff+218111]
	GetHandleVerifier [0x0x7ff794ecfaf4+112628]
	GetHandleVerifier [0x0x7ff794ecfca9+113065]
	GetHandleVerifier [0x0x7ff794eb6c78+10616]
	BaseThreadInitThunk [0x0x7ffc7245e8d7+23]
	RtlUserThreadStart [0x0x7ffc7387c34c+44]
"
"그대가 있는 곳, 언제 어디든",로이킴,"실패: Message: no such element: Unable to locate element: {""method"":""css selector"",""selector"":""img.rg_i""}
  (Session info: chrome=138.0.7204.101); For documentation on this error, please visit: https://www.selenium.dev/documentation/webdriver/troubleshooting/errors#nosuchelementexception
Stacktrace:
	GetHandleVerifier [0x0x7ff794ec6f75+76917]
	GetHandleVerifier [0x0x7ff794ec6fd0+77008]
	(No symbol) [0x0x7ff794c79dea]
	(No symbol) [0x0x7ff794cd0256]
	(No symbol) [0x0x7ff794cd050c]
	(No symbol) [0x0x7ff794d23887]
	(No symbol) [0x0x7ff794cf84af]
	(No symbol) [0x0x7ff794d2065c]
	(No symbol) [0x0x7ff794cf8243]
	(No symbol) [0x0x7ff794cc1431]
	(No symbol) [0x0x7ff794cc21c3]
	GetHandleVerifier [0x0x7ff79519d2ad+3051437]
	GetHandleVerifier [0x0x7ff795197903+3028483]
	GetHandleVerifier [0x0x7ff7951b589d+3151261]
	GetHandleVerifier [0x0x7ff794ee183e+185662]
	GetHandleVerifier [0x0x7ff794ee96ff+218111]
	GetHandleVerifier [0x0x7ff794ecfaf4+112628]
	GetHandleVerifier [0x0x7ff794ecfca9+113065]
	GetHandleVerifier [0x0x7ff794eb6c78+10616]
	BaseThreadInitThunk [0x0x7ffc7245e8d7+23]
	RtlUserThreadStart [0x0x7ffc7387c34c+44]
"
내게 사랑이 뭐냐고 물어본다면,로이킴,"실패: Message: no such element: Unable to locate element: {""method"":""css selector"",""selector"":""img.rg_i""}
  (Session info: chrome=138.0.7204.101); For documentation on this error, please visit: https://www.selenium.dev/documentation/webdriver/troubleshooting/errors#nosuchelementexception
Stacktrace:
	GetHandleVerifier [0x0x7ff794ec6f75+76917]
	GetHandleVerifier [0x0x7ff794ec6fd0+77008]
	(No symbol) [0x0x7ff794c79dea]
	(No symbol) [0x0x7ff794cd0256]
	(No symbol) [0x0x7ff794cd050c]
	(No symbol) [0x0x7ff794d23887]
	(No symbol) [0x0x7ff794cf84af]
	(No symbol) [0x0x7ff794d2065c]
	(No symbol) [0x0x7ff794cf8243]
	(No symbol) [0x0x7ff794cc1431]
	(No symbol) [0x0x7ff794cc21c3]
	GetHandleVerifier [0x0x7ff79519d2ad+3051437]
	GetHandleVerifier [0x0x7ff795197903+3028483]
	GetHandleVerifier [0x0x7ff7951b589d+3151261]
	GetHandleVerifier [0x0x7ff794ee183e+185662]
	GetHandleVerifier [0x0x7ff794ee96ff+218111]
	GetHandleVerifier [0x0x7ff794ecfaf4+112628]
	GetHandleVerifier [0x0x7ff794ecfca9+113065]
	GetHandleVerifier [0x0x7ff794eb6c78+10616]
	BaseThreadInitThunk [0x0x7ffc7245e8d7+23]
	RtlUserThreadStart [0x0x7ffc7387c34c+44]
"
봄이 와도,로이킴,"실패: Message: no such element: Unable to locate element: {""method"":""css selector"",""selector"":""img.rg_i""}
  (Session info: chrome=138.0.7204.101); For documentation on this error, please visit: https://www.selenium.dev/documentation/webdriver/troubleshooting/errors#nosuchelementexception
Stacktrace:
	GetHandleVerifier [0x0x7ff794ec6f75+76917]
	GetHandleVerifier [0x0x7ff794ec6fd0+77008]
	(No symbol) [0x0x7ff794c79dea]
	(No symbol) [0x0x7ff794cd0256]
	(No symbol) [0x0x7ff794cd050c]
	(No symbol) [0x0x7ff794d23887]
	(No symbol) [0x0x7ff794cf84af]
	(No symbol) [0x0x7ff794d2065c]
	(No symbol) [0x0x7ff794cf8243]
	(No symbol) [0x0x7ff794cc1431]
	(No symbol) [0x0x7ff794cc21c3]
	GetHandleVerifier [0x0x7ff79519d2ad+3051437]
	GetHandleVerifier [0x0x7ff795197903+3028483]
	GetHandleVerifier [0x0x7ff7951b589d+3151261]
	GetHandleVerifier [0x0x7ff794ee183e+185662]
	GetHandleVerifier [0x0x7ff794ee96ff+218111]
	GetHandleVerifier [0x0x7ff794ecfaf4+112628]
	GetHandleVerifier [0x0x7ff794ecfca9+113065]
	GetHandleVerifier [0x0x7ff794eb6c78+10616]
	BaseThreadInitThunk [0x0x7ffc7245e8d7+23]
	RtlUserThreadStart [0x0x7ffc7387c34c+44]
"
"잘 지내자, 우리 (여름날 우리 X 로이킴)",로이킴,"실패: Message: no such element: Unable to locate element: {""method"":""css selector"",""selector"":""img.rg_i""}
  (Session info: chrome=138.0.7204.101); For documentation on this error, please visit: https://www.selenium.dev/documentation/webdriver/troubleshooting/errors#nosuchelementexception
Stacktrace:
	GetHandleVerifier [0x0x7ff794ec6f75+76917]
	GetHandleVerifier [0x0x7ff794ec6fd0+77008]
	(No symbol) [0x0x7ff794c79dea]
	(No symbol) [0x0x7ff794cd0256]
	(No symbol) [0x0x7ff794cd050c]
	(No symbol) [0x0x7ff794d23887]
	(No symbol) [0x0x7ff794cf84af]
	(No symbol) [0x0x7ff794d2065c]
	(No symbol) [0x0x7ff794cf8243]
	(No symbol) [0x0x7ff794cc1431]
	(No symbol) [0x0x7ff794cc21c3]
	GetHandleVerifier [0x0x7ff79519d2ad+3051437]
	GetHandleVerifier [0x0x7ff795197903+3028483]
	GetHandleVerifier [0x0x7ff7951b589d+3151261]
	GetHandleVerifier [0x0x7ff794ee183e+185662]
	GetHandleVerifier [0x0x7ff794ee96ff+218111]
	GetHandleVerifier [0x0x7ff794ecfaf4+112628]
	GetHandleVerifier [0x0x7ff794ecfca9+113065]
	GetHandleVerifier [0x0x7ff794eb6c78+10616]
	BaseThreadInitThunk [0x0x7ffc7245e8d7+23]
	RtlUserThreadStart [0x0x7ffc7387c34c+44]
"
number one girl,로제 (ROSÉ),"실패: Message: no such element: Unable to locate element: {""method"":""css selector"",""selector"":""img.rg_i""}
  (Session info: chrome=138.0.7204.101); For documentation on this error, please visit: https://www.selenium.dev/documentation/webdriver/troubleshooting/errors#nosuchelementexception
Stacktrace:
	GetHandleVerifier [0x0x7ff794ec6f75+76917]
	GetHandleVerifier [0x0x7ff794ec6fd0+77008]
	(No symbol) [0x0x7ff794c79dea]
	(No symbol) [0x0x7ff794cd0256]
	(No symbol) [0x0x7ff794cd050c]
	(No symbol) [0x0x7ff794d23887]
	(No symbol) [0x0x7ff794cf84af]
	(No symbol) [0x0x7ff794d2065c]
	(No symbol) [0x0x7ff794cf8243]
	(No symbol) [0x0x7ff794cc1431]
	(No symbol) [0x0x7ff794cc21c3]
	GetHandleVerifier [0x0x7ff79519d2ad+3051437]
	GetHandleVerifier [0x0x7ff795197903+3028483]
	GetHandleVerifier [0x0x7ff7951b589d+3151261]
	GetHandleVerifier [0x0x7ff794ee183e+185662]
	GetHandleVerifier [0x0x7ff794ee96ff+218111]
	GetHandleVerifier [0x0x7ff794ecfaf4+112628]
	GetHandleVerifier [0x0x7ff794ecfca9+113065]
	GetHandleVerifier [0x0x7ff794eb6c78+10616]
	BaseThreadInitThunk [0x0x7ffc7245e8d7+23]
	RtlUserThreadStart [0x0x7ffc7387c34c+44]
"
toxic till the end,로제 (ROSÉ),"실패: Message: no such element: Unable to locate element: {""method"":""css selector"",""selector"":""img.rg_i""}
  (Session info: chrome=138.0.7204.101); For documentation on this error, please visit: https://www.selenium.dev/documentation/webdriver/troubleshooting/errors#nosuchelementexception
Stacktrace:
	GetHandleVerifier [0x0x7ff794ec6f75+76917]
	GetHandleVerifier [0x0x7ff794ec6fd0+77008]
	(No symbol) [0x0x7ff794c79dea]
	(No symbol) [0x0x7ff794cd0256]
	(No symbol) [0x0x7ff794cd050c]
	(No symbol) [0x0x7ff794d23887]
	(No symbol) [0x0x7ff794cf84af]
	(No symbol) [0x0x7ff794d2065c]
	(No symbol) [0x0x7ff794cf8243]
	(No symbol) [0x0x7ff794cc1431]
	(No symbol) [0x0x7ff794cc21c3]
	GetHandleVerifier [0x0x7ff79519d2ad+3051437]
	GetHandleVerifier [0x0x7ff795197903+3028483]
	GetHandleVerifier [0x0x7ff7951b589d+3151261]
	GetHandleVerifier [0x0x7ff794ee183e+185662]
	GetHandleVerifier [0x0x7ff794ee96ff+218111]
	GetHandleVerifier [0x0x7ff794ecfaf4+112628]
	GetHandleVerifier [0x0x7ff794ecfca9+113065]
	GetHandleVerifier [0x0x7ff794eb6c78+10616]
	BaseThreadInitThunk [0x0x7ffc7245e8d7+23]
	RtlUserThreadStart [0x0x7ffc7387c34c+44]
"
APT.,"로제 (ROSÉ), Bruno Mars","실패: Message: no such element: Unable to locate element: {""method"":""css selector"",""selector"":""img.rg_i""}
  (Session info: chrome=138.0.7204.101); For documentation on this error, please visit: https://www.selenium.dev/documentation/webdriver/troubleshooting/errors#nosuchelementexception
Stacktrace:
	GetHandleVerifier [0x0x7ff794ec6f75+76917]
	GetHandleVerifier [0x0x7ff794ec6fd0+77008]
	(No symbol) [0x0x7ff794c79dea]
	(No symbol) [0x0x7ff794cd0256]
	(No symbol) [0x0x7ff794cd050c]
	(No symbol) [0x0x7ff794d23887]
	(No symbol) [0x0x7ff794cf84af]
	(No symbol) [0x0x7ff794d2065c]
	(No symbol) [0x0x7ff794cf8243]
	(No symbol) [0x0x7ff794cc1431]
	(No symbol) [0x0x7ff794cc21c3]
	GetHandleVerifier [0x0x7ff79519d2ad+3051437]
	GetHandleVerifier [0x0x7ff795197903+3028483]
	GetHandleVerifier [0x0x7ff7951b589d+3151261]
	GetHandleVerifier [0x0x7ff794ee183e+185662]
	GetHandleVerifier [0x0x7ff794ee96ff+218111]
	GetHandleVerifier [0x0x7ff794ecfaf4+112628]
	GetHandleVerifier [0x0x7ff794ecfca9+113065]
	GetHandleVerifier [0x0x7ff794eb6c78+10616]
	BaseThreadInitThunk [0x0x7ffc7245e8d7+23]
	RtlUserThreadStart [0x0x7ffc7387c34c+44]
"
1999,마크 (MARK),"실패: Message: no such element: Unable to locate element: {""method"":""css selector"",""selector"":""img.rg_i""}
  (Session info: chrome=138.0.7204.101); For documentation on this error, please visit: https://www.selenium.dev/documentation/webdriver/troubleshooting/errors#nosuchelementexception
Stacktrace:
	GetHandleVerifier [0x0x7ff794ec6f75+76917]
	GetHandleVerifier [0x0x7ff794ec6fd0+77008]
	(No symbol) [0x0x7ff794c79dea]
	(No symbol) [0x0x7ff794cd0256]
	(No symbol) [0x0x7ff794cd050c]
	(No symbol) [0x0x7ff794d23887]
	(No symbol) [0x0x7ff794cf84af]
	(No symbol) [0x0x7ff794d2065c]
	(No symbol) [0x0x7ff794cf8243]
	(No symbol) [0x0x7ff794cc1431]
	(No symbol) [0x0x7ff794cc21c3]
	GetHandleVerifier [0x0x7ff79519d2ad+3051437]
	GetHandleVerifier [0x0x7ff795197903+3028483]
	GetHandleVerifier [0x0x7ff7951b589d+3151261]
	GetHandleVerifier [0x0x7ff794ee183e+185662]
	GetHandleVerifier [0x0x7ff794ee96ff+218111]
	GetHandleVerifier [0x0x7ff794ecfaf4+112628]
	GetHandleVerifier [0x0x7ff794ecfca9+113065]
	GetHandleVerifier [0x0x7ff794eb6c78+10616]
	BaseThreadInitThunk [0x0x7ffc7245e8d7+23]
	RtlUserThreadStart [0x0x7ffc7387c34c+44]
"
시작의 아이,마크툽 (MAKTUB),"실패: Message: no such element: Unable to locate element: {""method"":""css selector"",""selector"":""img.rg_i""}
  (Session info: chrome=138.0.7204.101); For documentation on this error, please visit: https://www.selenium.dev/documentation/webdriver/troubleshooting/errors#nosuchelementexception
Stacktrace:
	GetHandleVerifier [0x0x7ff794ec6f75+76917]
	GetHandleVerifier [0x0x7ff794ec6fd0+77008]
	(No symbol) [0x0x7ff794c79dea]
	(No symbol) [0x0x7ff794cd0256]
	(No symbol) [0x0x7ff794cd050c]
	(No symbol) [0x0x7ff794d23887]
	(No symbol) [0x0x7ff794cf84af]
	(No symbol) [0x0x7ff794d2065c]
	(No symbol) [0x0x7ff794cf8243]
	(No symbol) [0x0x7ff794cc1431]
	(No symbol) [0x0x7ff794cc21c3]
	GetHandleVerifier [0x0x7ff79519d2ad+3051437]
	GetHandleVerifier [0x0x7ff795197903+3028483]
	GetHandleVerifier [0x0x7ff7951b589d+3151261]
	GetHandleVerifier [0x0x7ff794ee183e+185662]
	GetHandleVerifier [0x0x7ff794ee96ff+218111]
	GetHandleVerifier [0x0x7ff794ecfaf4+112628]
	GetHandleVerifier [0x0x7ff794ecfca9+113065]
	GetHandleVerifier [0x0x7ff794eb6c78+10616]
	BaseThreadInitThunk [0x0x7ffc7245e8d7+23]
	RtlUserThreadStart [0x0x7ffc7387c34c+44]
"
봄 그리고 너,마틴스미스,"실패: Message: no such element: Unable to locate element: {""method"":""css selector"",""selector"":""img.rg_i""}
  (Session info: chrome=138.0.7204.101); For documentation on this error, please visit: https://www.selenium.dev/documentation/webdriver/troubleshooting/errors#nosuchelementexception
Stacktrace:
	GetHandleVerifier [0x0x7ff794ec6f75+76917]
	GetHandleVerifier [0x0x7ff794ec6fd0+77008]
	(No symbol) [0x0x7ff794c79dea]
	(No symbol) [0x0x7ff794cd0256]
	(No symbol) [0x0x7ff794cd050c]
	(No symbol) [0x0x7ff794d23887]
	(No symbol) [0x0x7ff794cf84af]
	(No symbol) [0x0x7ff794d2065c]
	(No symbol) [0x0x7ff794cf8243]
	(No symbol) [0x0x7ff794cc1431]
	(No symbol) [0x0x7ff794cc21c3]
	GetHandleVerifier [0x0x7ff79519d2ad+3051437]
	GetHandleVerifier [0x0x7ff795197903+3028483]
	GetHandleVerifier [0x0x7ff7951b589d+3151261]
	GetHandleVerifier [0x0x7ff794ee183e+185662]
	GetHandleVerifier [0x0x7ff794ee96ff+218111]
	GetHandleVerifier [0x0x7ff794ecfaf4+112628]
	GetHandleVerifier [0x0x7ff794ecfca9+113065]
	GetHandleVerifier [0x0x7ff794eb6c78+10616]
	BaseThreadInitThunk [0x0x7ffc7245e8d7+23]
	RtlUserThreadStart [0x0x7ffc7387c34c+44]
"
사랑인가 봐,멜로망스,"실패: Message: no such element: Unable to locate element: {""method"":""css selector"",""selector"":""img.rg_i""}
  (Session info: chrome=138.0.7204.101); For documentation on this error, please visit: https://www.selenium.dev/documentation/webdriver/troubleshooting/errors#nosuchelementexception
Stacktrace:
	GetHandleVerifier [0x0x7ff794ec6f75+76917]
	GetHandleVerifier [0x0x7ff794ec6fd0+77008]
	(No symbol) [0x0x7ff794c79dea]
	(No symbol) [0x0x7ff794cd0256]
	(No symbol) [0x0x7ff794cd050c]
	(No symbol) [0x0x7ff794d23887]
	(No symbol) [0x0x7ff794cf84af]
	(No symbol) [0x0x7ff794d2065c]
	(No symbol) [0x0x7ff794cf8243]
	(No symbol) [0x0x7ff794cc1431]
	(No symbol) [0x0x7ff794cc21c3]
	GetHandleVerifier [0x0x7ff79519d2ad+3051437]
	GetHandleVerifier [0x0x7ff795197903+3028483]
	GetHandleVerifier [0x0x7ff7951b589d+3151261]
	GetHandleVerifier [0x0x7ff794ee183e+185662]
	GetHandleVerifier [0x0x7ff794ee96ff+218111]
	GetHandleVerifier [0x0x7ff794ecfaf4+112628]
	GetHandleVerifier [0x0x7ff794ecfca9+113065]
	GetHandleVerifier [0x0x7ff794eb6c78+10616]
	BaseThreadInitThunk [0x0x7ffc7245e8d7+23]
	RtlUserThreadStart [0x0x7ffc7387c34c+44]
"
꿈결같아서,민니 (MINNIE),"실패: Message: no such element: Unable to locate element: {""method"":""css selector"",""selector"":""img.rg_i""}
  (Session info: chrome=138.0.7204.101); For documentation on this error, please visit: https://www.selenium.dev/documentation/webdriver/troubleshooting/errors#nosuchelementexception
Stacktrace:
	GetHandleVerifier [0x0x7ff794ec6f75+76917]
	GetHandleVerifier [0x0x7ff794ec6fd0+77008]
	(No symbol) [0x0x7ff794c79dea]
	(No symbol) [0x0x7ff794cd0256]
	(No symbol) [0x0x7ff794cd050c]
	(No symbol) [0x0x7ff794d23887]
	(No symbol) [0x0x7ff794cf84af]
	(No symbol) [0x0x7ff794d2065c]
	(No symbol) [0x0x7ff794cf8243]
	(No symbol) [0x0x7ff794cc1431]
	(No symbol) [0x0x7ff794cc21c3]
	GetHandleVerifier [0x0x7ff79519d2ad+3051437]
	GetHandleVerifier [0x0x7ff795197903+3028483]
	GetHandleVerifier [0x0x7ff7951b589d+3151261]
	GetHandleVerifier [0x0x7ff794ee183e+185662]
	GetHandleVerifier [0x0x7ff794ee96ff+218111]
	GetHandleVerifier [0x0x7ff794ecfaf4+112628]
	GetHandleVerifier [0x0x7ff794ecfca9+113065]
	GetHandleVerifier [0x0x7ff794eb6c78+10616]
	BaseThreadInitThunk [0x0x7ffc7245e8d7+23]
	RtlUserThreadStart [0x0x7ffc7387c34c+44]
"
헤어지자 말해요,박재정,"실패: Message: no such element: Unable to locate element: {""method"":""css selector"",""selector"":""img.rg_i""}
  (Session info: chrome=138.0.7204.101); For documentation on this error, please visit: https://www.selenium.dev/documentation/webdriver/troubleshooting/errors#nosuchelementexception
Stacktrace:
	GetHandleVerifier [0x0x7ff794ec6f75+76917]
	GetHandleVerifier [0x0x7ff794ec6fd0+77008]
	(No symbol) [0x0x7ff794c79dea]
	(No symbol) [0x0x7ff794cd0256]
	(No symbol) [0x0x7ff794cd050c]
	(No symbol) [0x0x7ff794d23887]
	(No symbol) [0x0x7ff794cf84af]
	(No symbol) [0x0x7ff794d2065c]
	(No symbol) [0x0x7ff794cf8243]
	(No symbol) [0x0x7ff794cc1431]
	(No symbol) [0x0x7ff794cc21c3]
	GetHandleVerifier [0x0x7ff79519d2ad+3051437]
	GetHandleVerifier [0x0x7ff795197903+3028483]
	GetHandleVerifier [0x0x7ff7951b589d+3151261]
	GetHandleVerifier [0x0x7ff794ee183e+185662]
	GetHandleVerifier [0x0x7ff794ee96ff+218111]
	GetHandleVerifier [0x0x7ff794ecfaf4+112628]
	GetHandleVerifier [0x0x7ff794ecfca9+113065]
	GetHandleVerifier [0x0x7ff794eb6c78+10616]
	BaseThreadInitThunk [0x0x7ffc7245e8d7+23]
	RtlUserThreadStart [0x0x7ffc7387c34c+44]
"
HERO (From the Film “소방관”),박효신,"실패: Message: no such element: Unable to locate element: {""method"":""css selector"",""selector"":""img.rg_i""}
  (Session info: chrome=138.0.7204.101); For documentation on this error, please visit: https://www.selenium.dev/documentation/webdriver/troubleshooting/errors#nosuchelementexception
Stacktrace:
	GetHandleVerifier [0x0x7ff794ec6f75+76917]
	GetHandleVerifier [0x0x7ff794ec6fd0+77008]
	(No symbol) [0x0x7ff794c79dea]
	(No symbol) [0x0x7ff794cd0256]
	(No symbol) [0x0x7ff794cd050c]
	(No symbol) [0x0x7ff794d23887]
	(No symbol) [0x0x7ff794cf84af]
	(No symbol) [0x0x7ff794d2065c]
	(No symbol) [0x0x7ff794cf8243]
	(No symbol) [0x0x7ff794cc1431]
	(No symbol) [0x0x7ff794cc21c3]
	GetHandleVerifier [0x0x7ff79519d2ad+3051437]
	GetHandleVerifier [0x0x7ff795197903+3028483]
	GetHandleVerifier [0x0x7ff7951b589d+3151261]
	GetHandleVerifier [0x0x7ff794ee183e+185662]
	GetHandleVerifier [0x0x7ff794ee96ff+218111]
	GetHandleVerifier [0x0x7ff794ecfaf4+112628]
	GetHandleVerifier [0x0x7ff794ecfca9+113065]
	GetHandleVerifier [0x0x7ff794eb6c78+10616]
	BaseThreadInitThunk [0x0x7ffc7245e8d7+23]
	RtlUserThreadStart [0x0x7ffc7387c34c+44]
"
Butter,방탄소년단,"실패: Message: no such element: Unable to locate element: {""method"":""css selector"",""selector"":""img.rg_i""}
  (Session info: chrome=138.0.7204.101); For documentation on this error, please visit: https://www.selenium.dev/documentation/webdriver/troubleshooting/errors#nosuchelementexception
Stacktrace:
	GetHandleVerifier [0x0x7ff794ec6f75+76917]
	GetHandleVerifier [0x0x7ff794ec6fd0+77008]
	(No symbol) [0x0x7ff794c79dea]
	(No symbol) [0x0x7ff794cd0256]
	(No symbol) [0x0x7ff794cd050c]
	(No symbol) [0x0x7ff794d23887]
	(No symbol) [0x0x7ff794cf84af]
	(No symbol) [0x0x7ff794d2065c]
	(No symbol) [0x0x7ff794cf8243]
	(No symbol) [0x0x7ff794cc1431]
	(No symbol) [0x0x7ff794cc21c3]
	GetHandleVerifier [0x0x7ff79519d2ad+3051437]
	GetHandleVerifier [0x0x7ff795197903+3028483]
	GetHandleVerifier [0x0x7ff7951b589d+3151261]
	GetHandleVerifier [0x0x7ff794ee183e+185662]
	GetHandleVerifier [0x0x7ff794ee96ff+218111]
	GetHandleVerifier [0x0x7ff794ecfaf4+112628]
	GetHandleVerifier [0x0x7ff794ecfca9+113065]
	GetHandleVerifier [0x0x7ff794eb6c78+10616]
	BaseThreadInitThunk [0x0x7ffc7245e8d7+23]
	RtlUserThreadStart [0x0x7ffc7387c34c+44]
"
Dynamite,방탄소년단,"실패: Message: no such element: Unable to locate element: {""method"":""css selector"",""selector"":""img.rg_i""}
  (Session info: chrome=138.0.7204.101); For documentation on this error, please visit: https://www.selenium.dev/documentation/webdriver/troubleshooting/errors#nosuchelementexception
Stacktrace:
	GetHandleVerifier [0x0x7ff794ec6f75+76917]
	GetHandleVerifier [0x0x7ff794ec6fd0+77008]
	(No symbol) [0x0x7ff794c79dea]
	(No symbol) [0x0x7ff794cd0256]
	(No symbol) [0x0x7ff794cd050c]
	(No symbol) [0x0x7ff794d23887]
	(No symbol) [0x0x7ff794cf84af]
	(No symbol) [0x0x7ff794d2065c]
	(No symbol) [0x0x7ff794cf8243]
	(No symbol) [0x0x7ff794cc1431]
	(No symbol) [0x0x7ff794cc21c3]
	GetHandleVerifier [0x0x7ff79519d2ad+3051437]
	GetHandleVerifier [0x0x7ff795197903+3028483]
	GetHandleVerifier [0x0x7ff7951b589d+3151261]
	GetHandleVerifier [0x0x7ff794ee183e+185662]
	GetHandleVerifier [0x0x7ff794ee96ff+218111]
	GetHandleVerifier [0x0x7ff794ecfaf4+112628]
	GetHandleVerifier [0x0x7ff794ecfca9+113065]
	GetHandleVerifier [0x0x7ff794eb6c78+10616]
	BaseThreadInitThunk [0x0x7ffc7245e8d7+23]
	RtlUserThreadStart [0x0x7ffc7387c34c+44]
"
봄날,방탄소년단,"실패: Message: no such element: Unable to locate element: {""method"":""css selector"",""selector"":""img.rg_i""}
  (Session info: chrome=138.0.7204.101); For documentation on this error, please visit: https://www.selenium.dev/documentation/webdriver/troubleshooting/errors#nosuchelementexception
Stacktrace:
	GetHandleVerifier [0x0x7ff794ec6f75+76917]
	GetHandleVerifier [0x0x7ff794ec6fd0+77008]
	(No symbol) [0x0x7ff794c79dea]
	(No symbol) [0x0x7ff794cd0256]
	(No symbol) [0x0x7ff794cd050c]
	(No symbol) [0x0x7ff794d23887]
	(No symbol) [0x0x7ff794cf84af]
	(No symbol) [0x0x7ff794d2065c]
	(No symbol) [0x0x7ff794cf8243]
	(No symbol) [0x0x7ff794cc1431]
	(No symbol) [0x0x7ff794cc21c3]
	GetHandleVerifier [0x0x7ff79519d2ad+3051437]
	GetHandleVerifier [0x0x7ff795197903+3028483]
	GetHandleVerifier [0x0x7ff7951b589d+3151261]
	GetHandleVerifier [0x0x7ff794ee183e+185662]
	GetHandleVerifier [0x0x7ff794ee96ff+218111]
	GetHandleVerifier [0x0x7ff794ecfaf4+112628]
	GetHandleVerifier [0x0x7ff794ecfca9+113065]
	GetHandleVerifier [0x0x7ff794eb6c78+10616]
	BaseThreadInitThunk [0x0x7ffc7245e8d7+23]
	RtlUserThreadStart [0x0x7ffc7387c34c+44]
"
벚꽃 엔딩,버스커 버스커,"실패: Message: no such element: Unable to locate element: {""method"":""css selector"",""selector"":""img.rg_i""}
  (Session info: chrome=138.0.7204.101); For documentation on this error, please visit: https://www.selenium.dev/documentation/webdriver/troubleshooting/errors#nosuchelementexception
Stacktrace:
	GetHandleVerifier [0x0x7ff794ec6f75+76917]
	GetHandleVerifier [0x0x7ff794ec6fd0+77008]
	(No symbol) [0x0x7ff794c79dea]
	(No symbol) [0x0x7ff794cd0256]
	(No symbol) [0x0x7ff794cd050c]
	(No symbol) [0x0x7ff794d23887]
	(No symbol) [0x0x7ff794cf84af]
	(No symbol) [0x0x7ff794d2065c]
	(No symbol) [0x0x7ff794cf8243]
	(No symbol) [0x0x7ff794cc1431]
	(No symbol) [0x0x7ff794cc21c3]
	GetHandleVerifier [0x0x7ff79519d2ad+3051437]
	GetHandleVerifier [0x0x7ff795197903+3028483]
	GetHandleVerifier [0x0x7ff7951b589d+3151261]
	GetHandleVerifier [0x0x7ff794ee183e+185662]
	GetHandleVerifier [0x0x7ff794ee96ff+218111]
	GetHandleVerifier [0x0x7ff794ecfaf4+112628]
	GetHandleVerifier [0x0x7ff794ecfca9+113065]
	GetHandleVerifier [0x0x7ff794eb6c78+10616]
	BaseThreadInitThunk [0x0x7ffc7245e8d7+23]
	RtlUserThreadStart [0x0x7ffc7387c34c+44]
"
인사,범진,"실패: Message: no such element: Unable to locate element: {""method"":""css selector"",""selector"":""img.rg_i""}
  (Session info: chrome=138.0.7204.101); For documentation on this error, please visit: https://www.selenium.dev/documentation/webdriver/troubleshooting/errors#nosuchelementexception
Stacktrace:
	GetHandleVerifier [0x0x7ff794ec6f75+76917]
	GetHandleVerifier [0x0x7ff794ec6fd0+77008]
	(No symbol) [0x0x7ff794c79dea]
	(No symbol) [0x0x7ff794cd0256]
	(No symbol) [0x0x7ff794cd050c]
	(No symbol) [0x0x7ff794d23887]
	(No symbol) [0x0x7ff794cf84af]
	(No symbol) [0x0x7ff794d2065c]
	(No symbol) [0x0x7ff794cf8243]
	(No symbol) [0x0x7ff794cc1431]
	(No symbol) [0x0x7ff794cc21c3]
	GetHandleVerifier [0x0x7ff79519d2ad+3051437]
	GetHandleVerifier [0x0x7ff795197903+3028483]
	GetHandleVerifier [0x0x7ff7951b589d+3151261]
	GetHandleVerifier [0x0x7ff794ee183e+185662]
	GetHandleVerifier [0x0x7ff794ee96ff+218111]
	GetHandleVerifier [0x0x7ff794ecfaf4+112628]
	GetHandleVerifier [0x0x7ff794ecfca9+113065]
	GetHandleVerifier [0x0x7ff794eb6c78+10616]
	BaseThreadInitThunk [0x0x7ffc7245e8d7+23]
	RtlUserThreadStart [0x0x7ffc7387c34c+44]
"
사랑할 수밖에,볼빨간사춘기,"실패: Message: no such element: Unable to locate element: {""method"":""css selector"",""selector"":""img.rg_i""}
  (Session info: chrome=138.0.7204.101); For documentation on this error, please visit: https://www.selenium.dev/documentation/webdriver/troubleshooting/errors#nosuchelementexception
Stacktrace:
	GetHandleVerifier [0x0x7ff794ec6f75+76917]
	GetHandleVerifier [0x0x7ff794ec6fd0+77008]
	(No symbol) [0x0x7ff794c79dea]
	(No symbol) [0x0x7ff794cd0256]
	(No symbol) [0x0x7ff794cd050c]
	(No symbol) [0x0x7ff794d23887]
	(No symbol) [0x0x7ff794cf84af]
	(No symbol) [0x0x7ff794d2065c]
	(No symbol) [0x0x7ff794cf8243]
	(No symbol) [0x0x7ff794cc1431]
	(No symbol) [0x0x7ff794cc21c3]
	GetHandleVerifier [0x0x7ff79519d2ad+3051437]
	GetHandleVerifier [0x0x7ff795197903+3028483]
	GetHandleVerifier [0x0x7ff7951b589d+3151261]
	GetHandleVerifier [0x0x7ff794ee183e+185662]
	GetHandleVerifier [0x0x7ff794ee96ff+218111]
	GetHandleVerifier [0x0x7ff794ecfaf4+112628]
	GetHandleVerifier [0x0x7ff794ecfca9+113065]
	GetHandleVerifier [0x0x7ff794eb6c78+10616]
	BaseThreadInitThunk [0x0x7ffc7245e8d7+23]
	RtlUserThreadStart [0x0x7ffc7387c34c+44]
"
청바지,부석순 (SEVENTEEN),"실패: Message: no such element: Unable to locate element: {""method"":""css selector"",""selector"":""img.rg_i""}
  (Session info: chrome=138.0.7204.101); For documentation on this error, please visit: https://www.selenium.dev/documentation/webdriver/troubleshooting/errors#nosuchelementexception
Stacktrace:
	GetHandleVerifier [0x0x7ff794ec6f75+76917]
	GetHandleVerifier [0x0x7ff794ec6fd0+77008]
	(No symbol) [0x0x7ff794c79dea]
	(No symbol) [0x0x7ff794cd0256]
	(No symbol) [0x0x7ff794cd050c]
	(No symbol) [0x0x7ff794d23887]
	(No symbol) [0x0x7ff794cf84af]
	(No symbol) [0x0x7ff794d2065c]
	(No symbol) [0x0x7ff794cf8243]
	(No symbol) [0x0x7ff794cc1431]
	(No symbol) [0x0x7ff794cc21c3]
	GetHandleVerifier [0x0x7ff79519d2ad+3051437]
	GetHandleVerifier [0x0x7ff795197903+3028483]
	GetHandleVerifier [0x0x7ff7951b589d+3151261]
	GetHandleVerifier [0x0x7ff794ee183e+185662]
	GetHandleVerifier [0x0x7ff794ee96ff+218111]
	GetHandleVerifier [0x0x7ff794ecfaf4+112628]
	GetHandleVerifier [0x0x7ff794ecfca9+113065]
	GetHandleVerifier [0x0x7ff794eb6c78+10616]
	BaseThreadInitThunk [0x0x7ffc7245e8d7+23]
	RtlUserThreadStart [0x0x7ffc7387c34c+44]
"
파이팅 해야지 (Feat. 이영지),부석순 (SEVENTEEN),"실패: Message: no such element: Unable to locate element: {""method"":""css selector"",""selector"":""img.rg_i""}
  (Session info: chrome=138.0.7204.101); For documentation on this error, please visit: https://www.selenium.dev/documentation/webdriver/troubleshooting/errors#nosuchelementexception
Stacktrace:
	GetHandleVerifier [0x0x7ff794ec6f75+76917]
	GetHandleVerifier [0x0x7ff794ec6fd0+77008]
	(No symbol) [0x0x7ff794c79dea]
	(No symbol) [0x0x7ff794cd0256]
	(No symbol) [0x0x7ff794cd050c]
	(No symbol) [0x0x7ff794d23887]
	(No symbol) [0x0x7ff794cf84af]
	(No symbol) [0x0x7ff794d2065c]
	(No symbol) [0x0x7ff794cf8243]
	(No symbol) [0x0x7ff794cc1431]
	(No symbol) [0x0x7ff794cc21c3]
	GetHandleVerifier [0x0x7ff79519d2ad+3051437]
	GetHandleVerifier [0x0x7ff795197903+3028483]
	GetHandleVerifier [0x0x7ff7951b589d+3151261]
	GetHandleVerifier [0x0x7ff794ee183e+185662]
	GetHandleVerifier [0x0x7ff794ee96ff+218111]
	GetHandleVerifier [0x0x7ff794ecfaf4+112628]
	GetHandleVerifier [0x0x7ff794ecfca9+113065]
	GetHandleVerifier [0x0x7ff794eb6c78+10616]
	BaseThreadInitThunk [0x0x7ffc7245e8d7+23]
	RtlUserThreadStart [0x0x7ffc7387c34c+44]
"
밤양갱,비비 (BIBI),"실패: Message: no such element: Unable to locate element: {""method"":""css selector"",""selector"":""img.rg_i""}
  (Session info: chrome=138.0.7204.101); For documentation on this error, please visit: https://www.selenium.dev/documentation/webdriver/troubleshooting/errors#nosuchelementexception
Stacktrace:
	GetHandleVerifier [0x0x7ff794ec6f75+76917]
	GetHandleVerifier [0x0x7ff794ec6fd0+77008]
	(No symbol) [0x0x7ff794c79dea]
	(No symbol) [0x0x7ff794cd0256]
	(No symbol) [0x0x7ff794cd050c]
	(No symbol) [0x0x7ff794d23887]
	(No symbol) [0x0x7ff794cf84af]
	(No symbol) [0x0x7ff794d2065c]
	(No symbol) [0x0x7ff794cf8243]
	(No symbol) [0x0x7ff794cc1431]
	(No symbol) [0x0x7ff794cc21c3]
	GetHandleVerifier [0x0x7ff79519d2ad+3051437]
	GetHandleVerifier [0x0x7ff795197903+3028483]
	GetHandleVerifier [0x0x7ff7951b589d+3151261]
	GetHandleVerifier [0x0x7ff794ee183e+185662]
	GetHandleVerifier [0x0x7ff794ee96ff+218111]
	GetHandleVerifier [0x0x7ff794ecfaf4+112628]
	GetHandleVerifier [0x0x7ff794ecfca9+113065]
	GetHandleVerifier [0x0x7ff794eb6c78+10616]
	BaseThreadInitThunk [0x0x7ffc7245e8d7+23]
	RtlUserThreadStart [0x0x7ffc7387c34c+44]
"
너의 모든 순간,성시경,"실패: Message: no such element: Unable to locate element: {""method"":""css selector"",""selector"":""img.rg_i""}
  (Session info: chrome=138.0.7204.101); For documentation on this error, please visit: https://www.selenium.dev/documentation/webdriver/troubleshooting/errors#nosuchelementexception
Stacktrace:
	GetHandleVerifier [0x0x7ff794ec6f75+76917]
	GetHandleVerifier [0x0x7ff794ec6fd0+77008]
	(No symbol) [0x0x7ff794c79dea]
	(No symbol) [0x0x7ff794cd0256]
	(No symbol) [0x0x7ff794cd050c]
	(No symbol) [0x0x7ff794d23887]
	(No symbol) [0x0x7ff794cf84af]
	(No symbol) [0x0x7ff794d2065c]
	(No symbol) [0x0x7ff794cf8243]
	(No symbol) [0x0x7ff794cc1431]
	(No symbol) [0x0x7ff794cc21c3]
	GetHandleVerifier [0x0x7ff79519d2ad+3051437]
	GetHandleVerifier [0x0x7ff795197903+3028483]
	GetHandleVerifier [0x0x7ff7951b589d+3151261]
	GetHandleVerifier [0x0x7ff794ee183e+185662]
	GetHandleVerifier [0x0x7ff794ee96ff+218111]
	GetHandleVerifier [0x0x7ff794ecfaf4+112628]
	GetHandleVerifier [0x0x7ff794ecfca9+113065]
	GetHandleVerifier [0x0x7ff794eb6c78+10616]
	BaseThreadInitThunk [0x0x7ffc7245e8d7+23]
	RtlUserThreadStart [0x0x7ffc7387c34c+44]
"
희재,성시경,"실패: Message: no such element: Unable to locate element: {""method"":""css selector"",""selector"":""img.rg_i""}
  (Session info: chrome=138.0.7204.101); For documentation on this error, please visit: https://www.selenium.dev/documentation/webdriver/troubleshooting/errors#nosuchelementexception
Stacktrace:
	GetHandleVerifier [0x0x7ff794ec6f75+76917]
	GetHandleVerifier [0x0x7ff794ec6fd0+77008]
	(No symbol) [0x0x7ff794c79dea]
	(No symbol) [0x0x7ff794cd0256]
	(No symbol) [0x0x7ff794cd050c]
	(No symbol) [0x0x7ff794d23887]
	(No symbol) [0x0x7ff794cf84af]
	(No symbol) [0x0x7ff794d2065c]
	(No symbol) [0x0x7ff794cf8243]
	(No symbol) [0x0x7ff794cc1431]
	(No symbol) [0x0x7ff794cc21c3]
	GetHandleVerifier [0x0x7ff79519d2ad+3051437]
	GetHandleVerifier [0x0x7ff795197903+3028483]
	GetHandleVerifier [0x0x7ff7951b589d+3151261]
	GetHandleVerifier [0x0x7ff794ee183e+185662]
	GetHandleVerifier [0x0x7ff794ee96ff+218111]
	GetHandleVerifier [0x0x7ff794ecfaf4+112628]
	GetHandleVerifier [0x0x7ff794ecfca9+113065]
	GetHandleVerifier [0x0x7ff794eb6c78+10616]
	BaseThreadInitThunk [0x0x7ffc7245e8d7+23]
	RtlUserThreadStart [0x0x7ffc7387c34c+44]
"
잠시라도 우리,"성시경, 나얼","실패: Message: no such element: Unable to locate element: {""method"":""css selector"",""selector"":""img.rg_i""}
  (Session info: chrome=138.0.7204.101); For documentation on this error, please visit: https://www.selenium.dev/documentation/webdriver/troubleshooting/errors#nosuchelementexception
Stacktrace:
	GetHandleVerifier [0x0x7ff794ec6f75+76917]
	GetHandleVerifier [0x0x7ff794ec6fd0+77008]
	(No symbol) [0x0x7ff794c79dea]
	(No symbol) [0x0x7ff794cd0256]
	(No symbol) [0x0x7ff794cd050c]
	(No symbol) [0x0x7ff794d23887]
	(No symbol) [0x0x7ff794cf84af]
	(No symbol) [0x0x7ff794d2065c]
	(No symbol) [0x0x7ff794cf8243]
	(No symbol) [0x0x7ff794cc1431]
	(No symbol) [0x0x7ff794cc21c3]
	GetHandleVerifier [0x0x7ff79519d2ad+3051437]
	GetHandleVerifier [0x0x7ff795197903+3028483]
	GetHandleVerifier [0x0x7ff7951b589d+3151261]
	GetHandleVerifier [0x0x7ff794ee183e+185662]
	GetHandleVerifier [0x0x7ff794ee96ff+218111]
	GetHandleVerifier [0x0x7ff794ecfaf4+112628]
	GetHandleVerifier [0x0x7ff794ecfca9+113065]
	GetHandleVerifier [0x0x7ff794eb6c78+10616]
	BaseThreadInitThunk [0x0x7ffc7245e8d7+23]
	RtlUserThreadStart [0x0x7ffc7387c34c+44]
"
크리스마스니까,"성시경, 박효신, 이석훈, 서인국, VIXX (빅스)","실패: Message: no such element: Unable to locate element: {""method"":""css selector"",""selector"":""img.rg_i""}
  (Session info: chrome=138.0.7204.101); For documentation on this error, please visit: https://www.selenium.dev/documentation/webdriver/troubleshooting/errors#nosuchelementexception
Stacktrace:
	GetHandleVerifier [0x0x7ff794ec6f75+76917]
	GetHandleVerifier [0x0x7ff794ec6fd0+77008]
	(No symbol) [0x0x7ff794c79dea]
	(No symbol) [0x0x7ff794cd0256]
	(No symbol) [0x0x7ff794cd050c]
	(No symbol) [0x0x7ff794d23887]
	(No symbol) [0x0x7ff794cf84af]
	(No symbol) [0x0x7ff794d2065c]
	(No symbol) [0x0x7ff794cf8243]
	(No symbol) [0x0x7ff794cc1431]
	(No symbol) [0x0x7ff794cc21c3]
	GetHandleVerifier [0x0x7ff79519d2ad+3051437]
	GetHandleVerifier [0x0x7ff795197903+3028483]
	GetHandleVerifier [0x0x7ff7951b589d+3151261]
	GetHandleVerifier [0x0x7ff794ee183e+185662]
	GetHandleVerifier [0x0x7ff794ee96ff+218111]
	GetHandleVerifier [0x0x7ff794ecfaf4+112628]
	GetHandleVerifier [0x0x7ff794ecfca9+113065]
	GetHandleVerifier [0x0x7ff794eb6c78+10616]
	BaseThreadInitThunk [0x0x7ffc7245e8d7+23]
	RtlUserThreadStart [0x0x7ffc7387c34c+44]
"
HBD,세븐틴 (SEVENTEEN),"실패: Message: no such element: Unable to locate element: {""method"":""css selector"",""selector"":""img.rg_i""}
  (Session info: chrome=138.0.7204.101); For documentation on this error, please visit: https://www.selenium.dev/documentation/webdriver/troubleshooting/errors#nosuchelementexception
Stacktrace:
	GetHandleVerifier [0x0x7ff794ec6f75+76917]
	GetHandleVerifier [0x0x7ff794ec6fd0+77008]
	(No symbol) [0x0x7ff794c79dea]
	(No symbol) [0x0x7ff794cd0256]
	(No symbol) [0x0x7ff794cd050c]
	(No symbol) [0x0x7ff794d23887]
	(No symbol) [0x0x7ff794cf84af]
	(No symbol) [0x0x7ff794d2065c]
	(No symbol) [0x0x7ff794cf8243]
	(No symbol) [0x0x7ff794cc1431]
	(No symbol) [0x0x7ff794cc21c3]
	GetHandleVerifier [0x0x7ff79519d2ad+3051437]
	GetHandleVerifier [0x0x7ff795197903+3028483]
	GetHandleVerifier [0x0x7ff7951b589d+3151261]
	GetHandleVerifier [0x0x7ff794ee183e+185662]
	GetHandleVerifier [0x0x7ff794ee96ff+218111]
	GetHandleVerifier [0x0x7ff794ecfaf4+112628]
	GetHandleVerifier [0x0x7ff794ecfca9+113065]
	GetHandleVerifier [0x0x7ff794eb6c78+10616]
	BaseThreadInitThunk [0x0x7ffc7245e8d7+23]
	RtlUserThreadStart [0x0x7ffc7387c34c+44]
"
"LOVE, MONEY, FAME (feat. DJ Khaled)",세븐틴 (SEVENTEEN),"실패: Message: no such element: Unable to locate element: {""method"":""css selector"",""selector"":""img.rg_i""}
  (Session info: chrome=138.0.7204.101); For documentation on this error, please visit: https://www.selenium.dev/documentation/webdriver/troubleshooting/errors#nosuchelementexception
Stacktrace:
	GetHandleVerifier [0x0x7ff794ec6f75+76917]
	GetHandleVerifier [0x0x7ff794ec6fd0+77008]
	(No symbol) [0x0x7ff794c79dea]
	(No symbol) [0x0x7ff794cd0256]
	(No symbol) [0x0x7ff794cd050c]
	(No symbol) [0x0x7ff794d23887]
	(No symbol) [0x0x7ff794cf84af]
	(No symbol) [0x0x7ff794d2065c]
	(No symbol) [0x0x7ff794cf8243]
	(No symbol) [0x0x7ff794cc1431]
	(No symbol) [0x0x7ff794cc21c3]
	GetHandleVerifier [0x0x7ff79519d2ad+3051437]
	GetHandleVerifier [0x0x7ff795197903+3028483]
	GetHandleVerifier [0x0x7ff7951b589d+3151261]
	GetHandleVerifier [0x0x7ff794ee183e+185662]
	GetHandleVerifier [0x0x7ff794ee96ff+218111]
	GetHandleVerifier [0x0x7ff794ecfaf4+112628]
	GetHandleVerifier [0x0x7ff794ecfca9+113065]
	GetHandleVerifier [0x0x7ff794eb6c78+10616]
	BaseThreadInitThunk [0x0x7ffc7245e8d7+23]
	RtlUserThreadStart [0x0x7ffc7387c34c+44]
"
MAESTRO,세븐틴 (SEVENTEEN),"실패: Message: no such element: Unable to locate element: {""method"":""css selector"",""selector"":""img.rg_i""}
  (Session info: chrome=138.0.7204.101); For documentation on this error, please visit: https://www.selenium.dev/documentation/webdriver/troubleshooting/errors#nosuchelementexception
Stacktrace:
	GetHandleVerifier [0x0x7ff794ec6f75+76917]
	GetHandleVerifier [0x0x7ff794ec6fd0+77008]
	(No symbol) [0x0x7ff794c79dea]
	(No symbol) [0x0x7ff794cd0256]
	(No symbol) [0x0x7ff794cd050c]
	(No symbol) [0x0x7ff794d23887]
	(No symbol) [0x0x7ff794cf84af]
	(No symbol) [0x0x7ff794d2065c]
	(No symbol) [0x0x7ff794cf8243]
	(No symbol) [0x0x7ff794cc1431]
	(No symbol) [0x0x7ff794cc21c3]
	GetHandleVerifier [0x0x7ff79519d2ad+3051437]
	GetHandleVerifier [0x0x7ff795197903+3028483]
	GetHandleVerifier [0x0x7ff7951b589d+3151261]
	GetHandleVerifier [0x0x7ff794ee183e+185662]
	GetHandleVerifier [0x0x7ff794ee96ff+218111]
	GetHandleVerifier [0x0x7ff794ecfaf4+112628]
	GetHandleVerifier [0x0x7ff794ecfca9+113065]
	GetHandleVerifier [0x0x7ff794eb6c78+10616]
	BaseThreadInitThunk [0x0x7ffc7245e8d7+23]
	RtlUserThreadStart [0x0x7ffc7387c34c+44]
"
THUNDER,세븐틴 (SEVENTEEN),"실패: Message: no such element: Unable to locate element: {""method"":""css selector"",""selector"":""img.rg_i""}
  (Session info: chrome=138.0.7204.101); For documentation on this error, please visit: https://www.selenium.dev/documentation/webdriver/troubleshooting/errors#nosuchelementexception
Stacktrace:
	GetHandleVerifier [0x0x7ff794ec6f75+76917]
	GetHandleVerifier [0x0x7ff794ec6fd0+77008]
	(No symbol) [0x0x7ff794c79dea]
	(No symbol) [0x0x7ff794cd0256]
	(No symbol) [0x0x7ff794cd050c]
	(No symbol) [0x0x7ff794d23887]
	(No symbol) [0x0x7ff794cf84af]
	(No symbol) [0x0x7ff794d2065c]
	(No symbol) [0x0x7ff794cf8243]
	(No symbol) [0x0x7ff794cc1431]
	(No symbol) [0x0x7ff794cc21c3]
	GetHandleVerifier [0x0x7ff79519d2ad+3051437]
	GetHandleVerifier [0x0x7ff795197903+3028483]
	GetHandleVerifier [0x0x7ff7951b589d+3151261]
	GetHandleVerifier [0x0x7ff794ee183e+185662]
	GetHandleVerifier [0x0x7ff794ee96ff+218111]
	GetHandleVerifier [0x0x7ff794ecfaf4+112628]
	GetHandleVerifier [0x0x7ff794ecfca9+113065]
	GetHandleVerifier [0x0x7ff794eb6c78+10616]
	BaseThreadInitThunk [0x0x7ffc7245e8d7+23]
	RtlUserThreadStart [0x0x7ffc7387c34c+44]
"
손오공,세븐틴 (SEVENTEEN),"실패: Message: no such element: Unable to locate element: {""method"":""css selector"",""selector"":""img.rg_i""}
  (Session info: chrome=138.0.7204.101); For documentation on this error, please visit: https://www.selenium.dev/documentation/webdriver/troubleshooting/errors#nosuchelementexception
Stacktrace:
	GetHandleVerifier [0x0x7ff794ec6f75+76917]
	GetHandleVerifier [0x0x7ff794ec6fd0+77008]
	(No symbol) [0x0x7ff794c79dea]
	(No symbol) [0x0x7ff794cd0256]
	(No symbol) [0x0x7ff794cd050c]
	(No symbol) [0x0x7ff794d23887]
	(No symbol) [0x0x7ff794cf84af]
	(No symbol) [0x0x7ff794d2065c]
	(No symbol) [0x0x7ff794cf8243]
	(No symbol) [0x0x7ff794cc1431]
	(No symbol) [0x0x7ff794cc21c3]
	GetHandleVerifier [0x0x7ff79519d2ad+3051437]
	GetHandleVerifier [0x0x7ff795197903+3028483]
	GetHandleVerifier [0x0x7ff7951b589d+3151261]
	GetHandleVerifier [0x0x7ff794ee183e+185662]
	GetHandleVerifier [0x0x7ff794ee96ff+218111]
	GetHandleVerifier [0x0x7ff794ecfaf4+112628]
	GetHandleVerifier [0x0x7ff794ecfca9+113065]
	GetHandleVerifier [0x0x7ff794eb6c78+10616]
	BaseThreadInitThunk [0x0x7ffc7245e8d7+23]
	RtlUserThreadStart [0x0x7ffc7387c34c+44]
"
음악의 신,세븐틴 (SEVENTEEN),"실패: Message: no such element: Unable to locate element: {""method"":""css selector"",""selector"":""img.rg_i""}
  (Session info: chrome=138.0.7204.101); For documentation on this error, please visit: https://www.selenium.dev/documentation/webdriver/troubleshooting/errors#nosuchelementexception
Stacktrace:
	GetHandleVerifier [0x0x7ff794ec6f75+76917]
	GetHandleVerifier [0x0x7ff794ec6fd0+77008]
	(No symbol) [0x0x7ff794c79dea]
	(No symbol) [0x0x7ff794cd0256]
	(No symbol) [0x0x7ff794cd050c]
	(No symbol) [0x0x7ff794d23887]
	(No symbol) [0x0x7ff794cf84af]
	(No symbol) [0x0x7ff794d2065c]
	(No symbol) [0x0x7ff794cf8243]
	(No symbol) [0x0x7ff794cc1431]
	(No symbol) [0x0x7ff794cc21c3]
	GetHandleVerifier [0x0x7ff79519d2ad+3051437]
	GetHandleVerifier [0x0x7ff795197903+3028483]
	GetHandleVerifier [0x0x7ff7951b589d+3151261]
	GetHandleVerifier [0x0x7ff794ee183e+185662]
	GetHandleVerifier [0x0x7ff794ee96ff+218111]
	GetHandleVerifier [0x0x7ff794ecfaf4+112628]
	GetHandleVerifier [0x0x7ff794ecfca9+113065]
	GetHandleVerifier [0x0x7ff794eb6c78+10616]
	BaseThreadInitThunk [0x0x7ffc7245e8d7+23]
	RtlUserThreadStart [0x0x7ffc7387c34c+44]
"
청춘찬가,세븐틴 (SEVENTEEN),"실패: Message: no such element: Unable to locate element: {""method"":""css selector"",""selector"":""img.rg_i""}
  (Session info: chrome=138.0.7204.101); For documentation on this error, please visit: https://www.selenium.dev/documentation/webdriver/troubleshooting/errors#nosuchelementexception
Stacktrace:
	GetHandleVerifier [0x0x7ff794ec6f75+76917]
	GetHandleVerifier [0x0x7ff794ec6fd0+77008]
	(No symbol) [0x0x7ff794c79dea]
	(No symbol) [0x0x7ff794cd0256]
	(No symbol) [0x0x7ff794cd050c]
	(No symbol) [0x0x7ff794d23887]
	(No symbol) [0x0x7ff794cf84af]
	(No symbol) [0x0x7ff794d2065c]
	(No symbol) [0x0x7ff794cf8243]
	(No symbol) [0x0x7ff794cc1431]
	(No symbol) [0x0x7ff794cc21c3]
	GetHandleVerifier [0x0x7ff79519d2ad+3051437]
	GetHandleVerifier [0x0x7ff795197903+3028483]
	GetHandleVerifier [0x0x7ff7951b589d+3151261]
	GetHandleVerifier [0x0x7ff794ee183e+185662]
	GetHandleVerifier [0x0x7ff794ee96ff+218111]
	GetHandleVerifier [0x0x7ff794ecfaf4+112628]
	GetHandleVerifier [0x0x7ff794ecfca9+113065]
	GetHandleVerifier [0x0x7ff794eb6c78+10616]
	BaseThreadInitThunk [0x0x7ffc7245e8d7+23]
	RtlUserThreadStart [0x0x7ffc7387c34c+44]
"
숙녀에게,송필근,"실패: Message: no such element: Unable to locate element: {""method"":""css selector"",""selector"":""img.rg_i""}
  (Session info: chrome=138.0.7204.101); For documentation on this error, please visit: https://www.selenium.dev/documentation/webdriver/troubleshooting/errors#nosuchelementexception
Stacktrace:
	GetHandleVerifier [0x0x7ff794ec6f75+76917]
	GetHandleVerifier [0x0x7ff794ec6fd0+77008]
	(No symbol) [0x0x7ff794c79dea]
	(No symbol) [0x0x7ff794cd0256]
	(No symbol) [0x0x7ff794cd050c]
	(No symbol) [0x0x7ff794d23887]
	(No symbol) [0x0x7ff794cf84af]
	(No symbol) [0x0x7ff794d2065c]
	(No symbol) [0x0x7ff794cf8243]
	(No symbol) [0x0x7ff794cc1431]
	(No symbol) [0x0x7ff794cc21c3]
	GetHandleVerifier [0x0x7ff79519d2ad+3051437]
	GetHandleVerifier [0x0x7ff795197903+3028483]
	GetHandleVerifier [0x0x7ff7951b589d+3151261]
	GetHandleVerifier [0x0x7ff794ee183e+185662]
	GetHandleVerifier [0x0x7ff794ee96ff+218111]
	GetHandleVerifier [0x0x7ff794ecfaf4+112628]
	GetHandleVerifier [0x0x7ff794ecfca9+113065]
	GetHandleVerifier [0x0x7ff794eb6c78+10616]
	BaseThreadInitThunk [0x0x7ffc7245e8d7+23]
	RtlUserThreadStart [0x0x7ffc7387c34c+44]
"
살기 위해서,순순희,"실패: Message: no such element: Unable to locate element: {""method"":""css selector"",""selector"":""img.rg_i""}
  (Session info: chrome=138.0.7204.101); For documentation on this error, please visit: https://www.selenium.dev/documentation/webdriver/troubleshooting/errors#nosuchelementexception
Stacktrace:
	GetHandleVerifier [0x0x7ff794ec6f75+76917]
	GetHandleVerifier [0x0x7ff794ec6fd0+77008]
	(No symbol) [0x0x7ff794c79dea]
	(No symbol) [0x0x7ff794cd0256]
	(No symbol) [0x0x7ff794cd050c]
	(No symbol) [0x0x7ff794d23887]
	(No symbol) [0x0x7ff794cf84af]
	(No symbol) [0x0x7ff794d2065c]
	(No symbol) [0x0x7ff794cf8243]
	(No symbol) [0x0x7ff794cc1431]
	(No symbol) [0x0x7ff794cc21c3]
	GetHandleVerifier [0x0x7ff79519d2ad+3051437]
	GetHandleVerifier [0x0x7ff795197903+3028483]
	GetHandleVerifier [0x0x7ff7951b589d+3151261]
	GetHandleVerifier [0x0x7ff794ee183e+185662]
	GetHandleVerifier [0x0x7ff794ee96ff+218111]
	GetHandleVerifier [0x0x7ff794ecfaf4+112628]
	GetHandleVerifier [0x0x7ff794ecfca9+113065]
	GetHandleVerifier [0x0x7ff794eb6c78+10616]
	BaseThreadInitThunk [0x0x7ffc7245e8d7+23]
	RtlUserThreadStart [0x0x7ffc7387c34c+44]
"
그대가 내 안에 박혔다(그내박),순순희(기태),"실패: Message: no such element: Unable to locate element: {""method"":""css selector"",""selector"":""img.rg_i""}
  (Session info: chrome=138.0.7204.101); For documentation on this error, please visit: https://www.selenium.dev/documentation/webdriver/troubleshooting/errors#nosuchelementexception
Stacktrace:
	GetHandleVerifier [0x0x7ff794ec6f75+76917]
	GetHandleVerifier [0x0x7ff794ec6fd0+77008]
	(No symbol) [0x0x7ff794c79dea]
	(No symbol) [0x0x7ff794cd0256]
	(No symbol) [0x0x7ff794cd050c]
	(No symbol) [0x0x7ff794d23887]
	(No symbol) [0x0x7ff794cf84af]
	(No symbol) [0x0x7ff794d2065c]
	(No symbol) [0x0x7ff794cf8243]
	(No symbol) [0x0x7ff794cc1431]
	(No symbol) [0x0x7ff794cc21c3]
	GetHandleVerifier [0x0x7ff79519d2ad+3051437]
	GetHandleVerifier [0x0x7ff795197903+3028483]
	GetHandleVerifier [0x0x7ff7951b589d+3151261]
	GetHandleVerifier [0x0x7ff794ee183e+185662]
	GetHandleVerifier [0x0x7ff794ee96ff+218111]
	GetHandleVerifier [0x0x7ff794ecfaf4+112628]
	GetHandleVerifier [0x0x7ff794ecfca9+113065]
	GetHandleVerifier [0x0x7ff794eb6c78+10616]
	BaseThreadInitThunk [0x0x7ffc7245e8d7+23]
	RtlUserThreadStart [0x0x7ffc7387c34c+44]
"
슬픈 초대장,순순희(지환),"실패: Message: no such element: Unable to locate element: {""method"":""css selector"",""selector"":""img.rg_i""}
  (Session info: chrome=138.0.7204.101); For documentation on this error, please visit: https://www.selenium.dev/documentation/webdriver/troubleshooting/errors#nosuchelementexception
Stacktrace:
	GetHandleVerifier [0x0x7ff794ec6f75+76917]
	GetHandleVerifier [0x0x7ff794ec6fd0+77008]
	(No symbol) [0x0x7ff794c79dea]
	(No symbol) [0x0x7ff794cd0256]
	(No symbol) [0x0x7ff794cd050c]
	(No symbol) [0x0x7ff794d23887]
	(No symbol) [0x0x7ff794cf84af]
	(No symbol) [0x0x7ff794d2065c]
	(No symbol) [0x0x7ff794cf8243]
	(No symbol) [0x0x7ff794cc1431]
	(No symbol) [0x0x7ff794cc21c3]
	GetHandleVerifier [0x0x7ff79519d2ad+3051437]
	GetHandleVerifier [0x0x7ff795197903+3028483]
	GetHandleVerifier [0x0x7ff7951b589d+3151261]
	GetHandleVerifier [0x0x7ff794ee183e+185662]
	GetHandleVerifier [0x0x7ff794ee96ff+218111]
	GetHandleVerifier [0x0x7ff794ecfaf4+112628]
	GetHandleVerifier [0x0x7ff794ecfca9+113065]
	GetHandleVerifier [0x0x7ff794eb6c78+10616]
	BaseThreadInitThunk [0x0x7ffc7245e8d7+23]
	RtlUserThreadStart [0x0x7ffc7387c34c+44]
"
Love wins all,아이유,"실패: Message: no such element: Unable to locate element: {""method"":""css selector"",""selector"":""img.rg_i""}
  (Session info: chrome=138.0.7204.101); For documentation on this error, please visit: https://www.selenium.dev/documentation/webdriver/troubleshooting/errors#nosuchelementexception
Stacktrace:
	GetHandleVerifier [0x0x7ff794ec6f75+76917]
	GetHandleVerifier [0x0x7ff794ec6fd0+77008]
	(No symbol) [0x0x7ff794c79dea]
	(No symbol) [0x0x7ff794cd0256]
	(No symbol) [0x0x7ff794cd050c]
	(No symbol) [0x0x7ff794d23887]
	(No symbol) [0x0x7ff794cf84af]
	(No symbol) [0x0x7ff794d2065c]
	(No symbol) [0x0x7ff794cf8243]
	(No symbol) [0x0x7ff794cc1431]
	(No symbol) [0x0x7ff794cc21c3]
	GetHandleVerifier [0x0x7ff79519d2ad+3051437]
	GetHandleVerifier [0x0x7ff795197903+3028483]
	GetHandleVerifier [0x0x7ff7951b589d+3151261]
	GetHandleVerifier [0x0x7ff794ee183e+185662]
	GetHandleVerifier [0x0x7ff794ee96ff+218111]
	GetHandleVerifier [0x0x7ff794ecfaf4+112628]
	GetHandleVerifier [0x0x7ff794ecfca9+113065]
	GetHandleVerifier [0x0x7ff794eb6c78+10616]
	BaseThreadInitThunk [0x0x7ffc7245e8d7+23]
	RtlUserThreadStart [0x0x7ffc7387c34c+44]
"
Never Ending Story,아이유,"실패: Message: no such element: Unable to locate element: {""method"":""css selector"",""selector"":""img.rg_i""}
  (Session info: chrome=138.0.7204.101); For documentation on this error, please visit: https://www.selenium.dev/documentation/webdriver/troubleshooting/errors#nosuchelementexception
Stacktrace:
	GetHandleVerifier [0x0x7ff794ec6f75+76917]
	GetHandleVerifier [0x0x7ff794ec6fd0+77008]
	(No symbol) [0x0x7ff794c79dea]
	(No symbol) [0x0x7ff794cd0256]
	(No symbol) [0x0x7ff794cd050c]
	(No symbol) [0x0x7ff794d23887]
	(No symbol) [0x0x7ff794cf84af]
	(No symbol) [0x0x7ff794d2065c]
	(No symbol) [0x0x7ff794cf8243]
	(No symbol) [0x0x7ff794cc1431]
	(No symbol) [0x0x7ff794cc21c3]
	GetHandleVerifier [0x0x7ff79519d2ad+3051437]
	GetHandleVerifier [0x0x7ff795197903+3028483]
	GetHandleVerifier [0x0x7ff7951b589d+3151261]
	GetHandleVerifier [0x0x7ff794ee183e+185662]
	GetHandleVerifier [0x0x7ff794ee96ff+218111]
	GetHandleVerifier [0x0x7ff794ecfaf4+112628]
	GetHandleVerifier [0x0x7ff794ecfca9+113065]
	GetHandleVerifier [0x0x7ff794eb6c78+10616]
	BaseThreadInitThunk [0x0x7ffc7245e8d7+23]
	RtlUserThreadStart [0x0x7ffc7387c34c+44]
"
"Shh.. (Feat. 혜인(HYEIN), 조원선 & Special Narr. 패티김)",아이유,"실패: Message: no such element: Unable to locate element: {""method"":""css selector"",""selector"":""img.rg_i""}
  (Session info: chrome=138.0.7204.101); For documentation on this error, please visit: https://www.selenium.dev/documentation/webdriver/troubleshooting/errors#nosuchelementexception
Stacktrace:
	GetHandleVerifier [0x0x7ff794ec6f75+76917]
	GetHandleVerifier [0x0x7ff794ec6fd0+77008]
	(No symbol) [0x0x7ff794c79dea]
	(No symbol) [0x0x7ff794cd0256]
	(No symbol) [0x0x7ff794cd050c]
	(No symbol) [0x0x7ff794d23887]
	(No symbol) [0x0x7ff794cf84af]
	(No symbol) [0x0x7ff794d2065c]
	(No symbol) [0x0x7ff794cf8243]
	(No symbol) [0x0x7ff794cc1431]
	(No symbol) [0x0x7ff794cc21c3]
	GetHandleVerifier [0x0x7ff79519d2ad+3051437]
	GetHandleVerifier [0x0x7ff795197903+3028483]
	GetHandleVerifier [0x0x7ff7951b589d+3151261]
	GetHandleVerifier [0x0x7ff794ee183e+185662]
	GetHandleVerifier [0x0x7ff794ee96ff+218111]
	GetHandleVerifier [0x0x7ff794ecfaf4+112628]
	GetHandleVerifier [0x0x7ff794ecfca9+113065]
	GetHandleVerifier [0x0x7ff794eb6c78+10616]
	BaseThreadInitThunk [0x0x7ffc7245e8d7+23]
	RtlUserThreadStart [0x0x7ffc7387c34c+44]
"
Shopper,아이유,"실패: Message: no such element: Unable to locate element: {""method"":""css selector"",""selector"":""img.rg_i""}
  (Session info: chrome=138.0.7204.101); For documentation on this error, please visit: https://www.selenium.dev/documentation/webdriver/troubleshooting/errors#nosuchelementexception
Stacktrace:
	GetHandleVerifier [0x0x7ff794ec6f75+76917]
	GetHandleVerifier [0x0x7ff794ec6fd0+77008]
	(No symbol) [0x0x7ff794c79dea]
	(No symbol) [0x0x7ff794cd0256]
	(No symbol) [0x0x7ff794cd050c]
	(No symbol) [0x0x7ff794d23887]
	(No symbol) [0x0x7ff794cf84af]
	(No symbol) [0x0x7ff794d2065c]
	(No symbol) [0x0x7ff794cf8243]
	(No symbol) [0x0x7ff794cc1431]
	(No symbol) [0x0x7ff794cc21c3]
	GetHandleVerifier [0x0x7ff79519d2ad+3051437]
	GetHandleVerifier [0x0x7ff795197903+3028483]
	GetHandleVerifier [0x0x7ff7951b589d+3151261]
	GetHandleVerifier [0x0x7ff794ee183e+185662]
	GetHandleVerifier [0x0x7ff794ee96ff+218111]
	GetHandleVerifier [0x0x7ff794ecfaf4+112628]
	GetHandleVerifier [0x0x7ff794ecfca9+113065]
	GetHandleVerifier [0x0x7ff794eb6c78+10616]
	BaseThreadInitThunk [0x0x7ffc7245e8d7+23]
	RtlUserThreadStart [0x0x7ffc7387c34c+44]
"
관객이 될게 (I stan U),아이유,"실패: Message: no such element: Unable to locate element: {""method"":""css selector"",""selector"":""img.rg_i""}
  (Session info: chrome=138.0.7204.101); For documentation on this error, please visit: https://www.selenium.dev/documentation/webdriver/troubleshooting/errors#nosuchelementexception
Stacktrace:
	GetHandleVerifier [0x0x7ff794ec6f75+76917]
	GetHandleVerifier [0x0x7ff794ec6fd0+77008]
	(No symbol) [0x0x7ff794c79dea]
	(No symbol) [0x0x7ff794cd0256]
	(No symbol) [0x0x7ff794cd050c]
	(No symbol) [0x0x7ff794d23887]
	(No symbol) [0x0x7ff794cf84af]
	(No symbol) [0x0x7ff794d2065c]
	(No symbol) [0x0x7ff794cf8243]
	(No symbol) [0x0x7ff794cc1431]
	(No symbol) [0x0x7ff794cc21c3]
	GetHandleVerifier [0x0x7ff79519d2ad+3051437]
	GetHandleVerifier [0x0x7ff795197903+3028483]
	GetHandleVerifier [0x0x7ff7951b589d+3151261]
	GetHandleVerifier [0x0x7ff794ee183e+185662]
	GetHandleVerifier [0x0x7ff794ee96ff+218111]
	GetHandleVerifier [0x0x7ff794ecfaf4+112628]
	GetHandleVerifier [0x0x7ff794ecfca9+113065]
	GetHandleVerifier [0x0x7ff794eb6c78+10616]
	BaseThreadInitThunk [0x0x7ffc7245e8d7+23]
	RtlUserThreadStart [0x0x7ffc7387c34c+44]
"
네모의 꿈,아이유,"실패: Message: no such element: Unable to locate element: {""method"":""css selector"",""selector"":""img.rg_i""}
  (Session info: chrome=138.0.7204.101); For documentation on this error, please visit: https://www.selenium.dev/documentation/webdriver/troubleshooting/errors#nosuchelementexception
Stacktrace:
	GetHandleVerifier [0x0x7ff794ec6f75+76917]
	GetHandleVerifier [0x0x7ff794ec6fd0+77008]
	(No symbol) [0x0x7ff794c79dea]
	(No symbol) [0x0x7ff794cd0256]
	(No symbol) [0x0x7ff794cd050c]
	(No symbol) [0x0x7ff794d23887]
	(No symbol) [0x0x7ff794cf84af]
	(No symbol) [0x0x7ff794d2065c]
	(No symbol) [0x0x7ff794cf8243]
	(No symbol) [0x0x7ff794cc1431]
	(No symbol) [0x0x7ff794cc21c3]
	GetHandleVerifier [0x0x7ff79519d2ad+3051437]
	GetHandleVerifier [0x0x7ff795197903+3028483]
	GetHandleVerifier [0x0x7ff7951b589d+3151261]
	GetHandleVerifier [0x0x7ff794ee183e+185662]
	GetHandleVerifier [0x0x7ff794ee96ff+218111]
	GetHandleVerifier [0x0x7ff794ecfaf4+112628]
	GetHandleVerifier [0x0x7ff794ecfca9+113065]
	GetHandleVerifier [0x0x7ff794eb6c78+10616]
	BaseThreadInitThunk [0x0x7ffc7245e8d7+23]
	RtlUserThreadStart [0x0x7ffc7387c34c+44]
"
미리 메리 크리스마스 (Feat. 천둥 Of MBLAQ),아이유,"실패: Message: no such element: Unable to locate element: {""method"":""css selector"",""selector"":""img.rg_i""}
  (Session info: chrome=138.0.7204.101); For documentation on this error, please visit: https://www.selenium.dev/documentation/webdriver/troubleshooting/errors#nosuchelementexception
Stacktrace:
	GetHandleVerifier [0x0x7ff794ec6f75+76917]
	GetHandleVerifier [0x0x7ff794ec6fd0+77008]
	(No symbol) [0x0x7ff794c79dea]
	(No symbol) [0x0x7ff794cd0256]
	(No symbol) [0x0x7ff794cd050c]
	(No symbol) [0x0x7ff794d23887]
	(No symbol) [0x0x7ff794cf84af]
	(No symbol) [0x0x7ff794d2065c]
	(No symbol) [0x0x7ff794cf8243]
	(No symbol) [0x0x7ff794cc1431]
	(No symbol) [0x0x7ff794cc21c3]
	GetHandleVerifier [0x0x7ff79519d2ad+3051437]
	GetHandleVerifier [0x0x7ff795197903+3028483]
	GetHandleVerifier [0x0x7ff7951b589d+3151261]
	GetHandleVerifier [0x0x7ff794ee183e+185662]
	GetHandleVerifier [0x0x7ff794ee96ff+218111]
	GetHandleVerifier [0x0x7ff794ecfaf4+112628]
	GetHandleVerifier [0x0x7ff794ecfca9+113065]
	GetHandleVerifier [0x0x7ff794eb6c78+10616]
	BaseThreadInitThunk [0x0x7ffc7245e8d7+23]
	RtlUserThreadStart [0x0x7ffc7387c34c+44]
"
홀씨,아이유,"실패: Message: no such element: Unable to locate element: {""method"":""css selector"",""selector"":""img.rg_i""}
  (Session info: chrome=138.0.7204.101); For documentation on this error, please visit: https://www.selenium.dev/documentation/webdriver/troubleshooting/errors#nosuchelementexception
Stacktrace:
	GetHandleVerifier [0x0x7ff794ec6f75+76917]
	GetHandleVerifier [0x0x7ff794ec6fd0+77008]
	(No symbol) [0x0x7ff794c79dea]
	(No symbol) [0x0x7ff794cd0256]
	(No symbol) [0x0x7ff794cd050c]
	(No symbol) [0x0x7ff794d23887]
	(No symbol) [0x0x7ff794cf84af]
	(No symbol) [0x0x7ff794d2065c]
	(No symbol) [0x0x7ff794cf8243]
	(No symbol) [0x0x7ff794cc1431]
	(No symbol) [0x0x7ff794cc21c3]
	GetHandleVerifier [0x0x7ff79519d2ad+3051437]
	GetHandleVerifier [0x0x7ff795197903+3028483]
	GetHandleVerifier [0x0x7ff7951b589d+3151261]
	GetHandleVerifier [0x0x7ff794ee183e+185662]
	GetHandleVerifier [0x0x7ff794ee96ff+218111]
	GetHandleVerifier [0x0x7ff794ecfaf4+112628]
	GetHandleVerifier [0x0x7ff794ecfca9+113065]
	GetHandleVerifier [0x0x7ff794eb6c78+10616]
	BaseThreadInitThunk [0x0x7ffc7245e8d7+23]
	RtlUserThreadStart [0x0x7ffc7387c34c+44]
"
Cherish (My Love),아일릿(ILLIT),"실패: Message: no such element: Unable to locate element: {""method"":""css selector"",""selector"":""img.rg_i""}
  (Session info: chrome=138.0.7204.101); For documentation on this error, please visit: https://www.selenium.dev/documentation/webdriver/troubleshooting/errors#nosuchelementexception
Stacktrace:
	GetHandleVerifier [0x0x7ff794ec6f75+76917]
	GetHandleVerifier [0x0x7ff794ec6fd0+77008]
	(No symbol) [0x0x7ff794c79dea]
	(No symbol) [0x0x7ff794cd0256]
	(No symbol) [0x0x7ff794cd050c]
	(No symbol) [0x0x7ff794d23887]
	(No symbol) [0x0x7ff794cf84af]
	(No symbol) [0x0x7ff794d2065c]
	(No symbol) [0x0x7ff794cf8243]
	(No symbol) [0x0x7ff794cc1431]
	(No symbol) [0x0x7ff794cc21c3]
	GetHandleVerifier [0x0x7ff79519d2ad+3051437]
	GetHandleVerifier [0x0x7ff795197903+3028483]
	GetHandleVerifier [0x0x7ff7951b589d+3151261]
	GetHandleVerifier [0x0x7ff794ee183e+185662]
	GetHandleVerifier [0x0x7ff794ee96ff+218111]
	GetHandleVerifier [0x0x7ff794ecfaf4+112628]
	GetHandleVerifier [0x0x7ff794ecfca9+113065]
	GetHandleVerifier [0x0x7ff794eb6c78+10616]
	BaseThreadInitThunk [0x0x7ffc7245e8d7+23]
	RtlUserThreadStart [0x0x7ffc7387c34c+44]
"
Lucky Girl Syndrome,아일릿(ILLIT),"실패: Message: no such element: Unable to locate element: {""method"":""css selector"",""selector"":""img.rg_i""}
  (Session info: chrome=138.0.7204.101); For documentation on this error, please visit: https://www.selenium.dev/documentation/webdriver/troubleshooting/errors#nosuchelementexception
Stacktrace:
	GetHandleVerifier [0x0x7ff794ec6f75+76917]
	GetHandleVerifier [0x0x7ff794ec6fd0+77008]
	(No symbol) [0x0x7ff794c79dea]
	(No symbol) [0x0x7ff794cd0256]
	(No symbol) [0x0x7ff794cd050c]
	(No symbol) [0x0x7ff794d23887]
	(No symbol) [0x0x7ff794cf84af]
	(No symbol) [0x0x7ff794d2065c]
	(No symbol) [0x0x7ff794cf8243]
	(No symbol) [0x0x7ff794cc1431]
	(No symbol) [0x0x7ff794cc21c3]
	GetHandleVerifier [0x0x7ff79519d2ad+3051437]
	GetHandleVerifier [0x0x7ff795197903+3028483]
	GetHandleVerifier [0x0x7ff7951b589d+3151261]
	GetHandleVerifier [0x0x7ff794ee183e+185662]
	GetHandleVerifier [0x0x7ff794ee96ff+218111]
	GetHandleVerifier [0x0x7ff794ecfaf4+112628]
	GetHandleVerifier [0x0x7ff794ecfca9+113065]
	GetHandleVerifier [0x0x7ff794eb6c78+10616]
	BaseThreadInitThunk [0x0x7ffc7245e8d7+23]
	RtlUserThreadStart [0x0x7ffc7387c34c+44]
"
Magnetic,아일릿(ILLIT),"실패: Message: no such element: Unable to locate element: {""method"":""css selector"",""selector"":""img.rg_i""}
  (Session info: chrome=138.0.7204.101); For documentation on this error, please visit: https://www.selenium.dev/documentation/webdriver/troubleshooting/errors#nosuchelementexception
Stacktrace:
	GetHandleVerifier [0x0x7ff794ec6f75+76917]
	GetHandleVerifier [0x0x7ff794ec6fd0+77008]
	(No symbol) [0x0x7ff794c79dea]
	(No symbol) [0x0x7ff794cd0256]
	(No symbol) [0x0x7ff794cd050c]
	(No symbol) [0x0x7ff794d23887]
	(No symbol) [0x0x7ff794cf84af]
	(No symbol) [0x0x7ff794d2065c]
	(No symbol) [0x0x7ff794cf8243]
	(No symbol) [0x0x7ff794cc1431]
	(No symbol) [0x0x7ff794cc21c3]
	GetHandleVerifier [0x0x7ff79519d2ad+3051437]
	GetHandleVerifier [0x0x7ff795197903+3028483]
	GetHandleVerifier [0x0x7ff7951b589d+3151261]
	GetHandleVerifier [0x0x7ff794ee183e+185662]
	GetHandleVerifier [0x0x7ff794ee96ff+218111]
	GetHandleVerifier [0x0x7ff794ecfaf4+112628]
	GetHandleVerifier [0x0x7ff794ecfca9+113065]
	GetHandleVerifier [0x0x7ff794eb6c78+10616]
	BaseThreadInitThunk [0x0x7ffc7245e8d7+23]
	RtlUserThreadStart [0x0x7ffc7387c34c+44]
"
I Love You,안세하,"실패: Message: no such element: Unable to locate element: {""method"":""css selector"",""selector"":""img.rg_i""}
  (Session info: chrome=138.0.7204.101); For documentation on this error, please visit: https://www.selenium.dev/documentation/webdriver/troubleshooting/errors#nosuchelementexception
Stacktrace:
	GetHandleVerifier [0x0x7ff794ec6f75+76917]
	GetHandleVerifier [0x0x7ff794ec6fd0+77008]
	(No symbol) [0x0x7ff794c79dea]
	(No symbol) [0x0x7ff794cd0256]
	(No symbol) [0x0x7ff794cd050c]
	(No symbol) [0x0x7ff794d23887]
	(No symbol) [0x0x7ff794cf84af]
	(No symbol) [0x0x7ff794d2065c]
	(No symbol) [0x0x7ff794cf8243]
	(No symbol) [0x0x7ff794cc1431]
	(No symbol) [0x0x7ff794cc21c3]
	GetHandleVerifier [0x0x7ff79519d2ad+3051437]
	GetHandleVerifier [0x0x7ff795197903+3028483]
	GetHandleVerifier [0x0x7ff7951b589d+3151261]
	GetHandleVerifier [0x0x7ff794ee183e+185662]
	GetHandleVerifier [0x0x7ff794ee96ff+218111]
	GetHandleVerifier [0x0x7ff794ecfaf4+112628]
	GetHandleVerifier [0x0x7ff794ecfca9+113065]
	GetHandleVerifier [0x0x7ff794eb6c78+10616]
	BaseThreadInitThunk [0x0x7ffc7245e8d7+23]
	RtlUserThreadStart [0x0x7ffc7387c34c+44]
"
네가 내 마음에 자리 잡았다 (Into You),엔플라잉 (N.Flying),"실패: Message: no such element: Unable to locate element: {""method"":""css selector"",""selector"":""img.rg_i""}
  (Session info: chrome=138.0.7204.101); For documentation on this error, please visit: https://www.selenium.dev/documentation/webdriver/troubleshooting/errors#nosuchelementexception
Stacktrace:
	GetHandleVerifier [0x0x7ff794ec6f75+76917]
	GetHandleVerifier [0x0x7ff794ec6fd0+77008]
	(No symbol) [0x0x7ff794c79dea]
	(No symbol) [0x0x7ff794cd0256]
	(No symbol) [0x0x7ff794cd050c]
	(No symbol) [0x0x7ff794d23887]
	(No symbol) [0x0x7ff794cf84af]
	(No symbol) [0x0x7ff794d2065c]
	(No symbol) [0x0x7ff794cf8243]
	(No symbol) [0x0x7ff794cc1431]
	(No symbol) [0x0x7ff794cc21c3]
	GetHandleVerifier [0x0x7ff79519d2ad+3051437]
	GetHandleVerifier [0x0x7ff795197903+3028483]
	GetHandleVerifier [0x0x7ff7951b589d+3151261]
	GetHandleVerifier [0x0x7ff794ee183e+185662]
	GetHandleVerifier [0x0x7ff794ee96ff+218111]
	GetHandleVerifier [0x0x7ff794ecfaf4+112628]
	GetHandleVerifier [0x0x7ff794ecfca9+113065]
	GetHandleVerifier [0x0x7ff794eb6c78+10616]
	BaseThreadInitThunk [0x0x7ffc7245e8d7+23]
	RtlUserThreadStart [0x0x7ffc7387c34c+44]
"
만년설 (Everlasting),엔플라잉 (N.Flying),"실패: Message: no such element: Unable to locate element: {""method"":""css selector"",""selector"":""img.rg_i""}
  (Session info: chrome=138.0.7204.101); For documentation on this error, please visit: https://www.selenium.dev/documentation/webdriver/troubleshooting/errors#nosuchelementexception
Stacktrace:
	GetHandleVerifier [0x0x7ff794ec6f75+76917]
	GetHandleVerifier [0x0x7ff794ec6fd0+77008]
	(No symbol) [0x0x7ff794c79dea]
	(No symbol) [0x0x7ff794cd0256]
	(No symbol) [0x0x7ff794cd050c]
	(No symbol) [0x0x7ff794d23887]
	(No symbol) [0x0x7ff794cf84af]
	(No symbol) [0x0x7ff794d2065c]
	(No symbol) [0x0x7ff794cf8243]
	(No symbol) [0x0x7ff794cc1431]
	(No symbol) [0x0x7ff794cc21c3]
	GetHandleVerifier [0x0x7ff79519d2ad+3051437]
	GetHandleVerifier [0x0x7ff795197903+3028483]
	GetHandleVerifier [0x0x7ff7951b589d+3151261]
	GetHandleVerifier [0x0x7ff794ee183e+185662]
	GetHandleVerifier [0x0x7ff794ee96ff+218111]
	GetHandleVerifier [0x0x7ff794ecfaf4+112628]
	GetHandleVerifier [0x0x7ff794ecfca9+113065]
	GetHandleVerifier [0x0x7ff794eb6c78+10616]
	BaseThreadInitThunk [0x0x7ffc7245e8d7+23]
	RtlUserThreadStart [0x0x7ffc7387c34c+44]
"
Flower,오반(OVAN),"실패: Message: no such element: Unable to locate element: {""method"":""css selector"",""selector"":""img.rg_i""}
  (Session info: chrome=138.0.7204.101); For documentation on this error, please visit: https://www.selenium.dev/documentation/webdriver/troubleshooting/errors#nosuchelementexception
Stacktrace:
	GetHandleVerifier [0x0x7ff794ec6f75+76917]
	GetHandleVerifier [0x0x7ff794ec6fd0+77008]
	(No symbol) [0x0x7ff794c79dea]
	(No symbol) [0x0x7ff794cd0256]
	(No symbol) [0x0x7ff794cd050c]
	(No symbol) [0x0x7ff794d23887]
	(No symbol) [0x0x7ff794cf84af]
	(No symbol) [0x0x7ff794d2065c]
	(No symbol) [0x0x7ff794cf8243]
	(No symbol) [0x0x7ff794cc1431]
	(No symbol) [0x0x7ff794cc21c3]
	GetHandleVerifier [0x0x7ff79519d2ad+3051437]
	GetHandleVerifier [0x0x7ff795197903+3028483]
	GetHandleVerifier [0x0x7ff7951b589d+3151261]
	GetHandleVerifier [0x0x7ff794ee183e+185662]
	GetHandleVerifier [0x0x7ff794ee96ff+218111]
	GetHandleVerifier [0x0x7ff794ecfaf4+112628]
	GetHandleVerifier [0x0x7ff794ecfca9+113065]
	GetHandleVerifier [0x0x7ff794eb6c78+10616]
	BaseThreadInitThunk [0x0x7ffc7245e8d7+23]
	RtlUserThreadStart [0x0x7ffc7387c34c+44]
"
위태로울걸,오반(OVAN),"실패: Message: no such element: Unable to locate element: {""method"":""css selector"",""selector"":""img.rg_i""}
  (Session info: chrome=138.0.7204.101); For documentation on this error, please visit: https://www.selenium.dev/documentation/webdriver/troubleshooting/errors#nosuchelementexception
Stacktrace:
	GetHandleVerifier [0x0x7ff794ec6f75+76917]
	GetHandleVerifier [0x0x7ff794ec6fd0+77008]
	(No symbol) [0x0x7ff794c79dea]
	(No symbol) [0x0x7ff794cd0256]
	(No symbol) [0x0x7ff794cd050c]
	(No symbol) [0x0x7ff794d23887]
	(No symbol) [0x0x7ff794cf84af]
	(No symbol) [0x0x7ff794d2065c]
	(No symbol) [0x0x7ff794cf8243]
	(No symbol) [0x0x7ff794cc1431]
	(No symbol) [0x0x7ff794cc21c3]
	GetHandleVerifier [0x0x7ff79519d2ad+3051437]
	GetHandleVerifier [0x0x7ff795197903+3028483]
	GetHandleVerifier [0x0x7ff7951b589d+3151261]
	GetHandleVerifier [0x0x7ff794ee183e+185662]
	GetHandleVerifier [0x0x7ff794ee96ff+218111]
	GetHandleVerifier [0x0x7ff794ecfaf4+112628]
	GetHandleVerifier [0x0x7ff794ecfca9+113065]
	GetHandleVerifier [0x0x7ff794eb6c78+10616]
	BaseThreadInitThunk [0x0x7ffc7245e8d7+23]
	RtlUserThreadStart [0x0x7ffc7387c34c+44]
"
사막에서 꽃을 피우듯,우디 (Woody),"실패: Message: no such element: Unable to locate element: {""method"":""css selector"",""selector"":""img.rg_i""}
  (Session info: chrome=138.0.7204.101); For documentation on this error, please visit: https://www.selenium.dev/documentation/webdriver/troubleshooting/errors#nosuchelementexception
Stacktrace:
	GetHandleVerifier [0x0x7ff794ec6f75+76917]
	GetHandleVerifier [0x0x7ff794ec6fd0+77008]
	(No symbol) [0x0x7ff794c79dea]
	(No symbol) [0x0x7ff794cd0256]
	(No symbol) [0x0x7ff794cd050c]
	(No symbol) [0x0x7ff794d23887]
	(No symbol) [0x0x7ff794cf84af]
	(No symbol) [0x0x7ff794d2065c]
	(No symbol) [0x0x7ff794cf8243]
	(No symbol) [0x0x7ff794cc1431]
	(No symbol) [0x0x7ff794cc21c3]
	GetHandleVerifier [0x0x7ff79519d2ad+3051437]
	GetHandleVerifier [0x0x7ff795197903+3028483]
	GetHandleVerifier [0x0x7ff7951b589d+3151261]
	GetHandleVerifier [0x0x7ff794ee183e+185662]
	GetHandleVerifier [0x0x7ff794ee96ff+218111]
	GetHandleVerifier [0x0x7ff794ecfaf4+112628]
	GetHandleVerifier [0x0x7ff794ecfca9+113065]
	GetHandleVerifier [0x0x7ff794eb6c78+10616]
	BaseThreadInitThunk [0x0x7ffc7245e8d7+23]
	RtlUserThreadStart [0x0x7ffc7387c34c+44]
"
어제보다 슬픈 오늘,우디 (Woody),"실패: Message: no such element: Unable to locate element: {""method"":""css selector"",""selector"":""img.rg_i""}
  (Session info: chrome=138.0.7204.101); For documentation on this error, please visit: https://www.selenium.dev/documentation/webdriver/troubleshooting/errors#nosuchelementexception
Stacktrace:
	GetHandleVerifier [0x0x7ff794ec6f75+76917]
	GetHandleVerifier [0x0x7ff794ec6fd0+77008]
	(No symbol) [0x0x7ff794c79dea]
	(No symbol) [0x0x7ff794cd0256]
	(No symbol) [0x0x7ff794cd050c]
	(No symbol) [0x0x7ff794d23887]
	(No symbol) [0x0x7ff794cf84af]
	(No symbol) [0x0x7ff794d2065c]
	(No symbol) [0x0x7ff794cf8243]
	(No symbol) [0x0x7ff794cc1431]
	(No symbol) [0x0x7ff794cc21c3]
	GetHandleVerifier [0x0x7ff79519d2ad+3051437]
	GetHandleVerifier [0x0x7ff795197903+3028483]
	GetHandleVerifier [0x0x7ff7951b589d+3151261]
	GetHandleVerifier [0x0x7ff794ee183e+185662]
	GetHandleVerifier [0x0x7ff794ee96ff+218111]
	GetHandleVerifier [0x0x7ff794ecfaf4+112628]
	GetHandleVerifier [0x0x7ff794ecfca9+113065]
	GetHandleVerifier [0x0x7ff794eb6c78+10616]
	BaseThreadInitThunk [0x0x7ffc7245e8d7+23]
	RtlUserThreadStart [0x0x7ffc7387c34c+44]
"
혹시 세상에 혼자 남겨진 것 같다면,우디 (Woody),"실패: Message: no such element: Unable to locate element: {""method"":""css selector"",""selector"":""img.rg_i""}
  (Session info: chrome=138.0.7204.101); For documentation on this error, please visit: https://www.selenium.dev/documentation/webdriver/troubleshooting/errors#nosuchelementexception
Stacktrace:
	GetHandleVerifier [0x0x7ff794ec6f75+76917]
	GetHandleVerifier [0x0x7ff794ec6fd0+77008]
	(No symbol) [0x0x7ff794c79dea]
	(No symbol) [0x0x7ff794cd0256]
	(No symbol) [0x0x7ff794cd050c]
	(No symbol) [0x0x7ff794d23887]
	(No symbol) [0x0x7ff794cf84af]
	(No symbol) [0x0x7ff794d2065c]
	(No symbol) [0x0x7ff794cf8243]
	(No symbol) [0x0x7ff794cc1431]
	(No symbol) [0x0x7ff794cc21c3]
	GetHandleVerifier [0x0x7ff79519d2ad+3051437]
	GetHandleVerifier [0x0x7ff795197903+3028483]
	GetHandleVerifier [0x0x7ff7951b589d+3151261]
	GetHandleVerifier [0x0x7ff794ee183e+185662]
	GetHandleVerifier [0x0x7ff794ee96ff+218111]
	GetHandleVerifier [0x0x7ff794ecfaf4+112628]
	GetHandleVerifier [0x0x7ff794ecfca9+113065]
	GetHandleVerifier [0x0x7ff794eb6c78+10616]
	BaseThreadInitThunk [0x0x7ffc7245e8d7+23]
	RtlUserThreadStart [0x0x7ffc7387c34c+44]
"
그랬나봐,유회승 (엔플라잉),"실패: Message: no such element: Unable to locate element: {""method"":""css selector"",""selector"":""img.rg_i""}
  (Session info: chrome=138.0.7204.101); For documentation on this error, please visit: https://www.selenium.dev/documentation/webdriver/troubleshooting/errors#nosuchelementexception
Stacktrace:
	GetHandleVerifier [0x0x7ff794ec6f75+76917]
	GetHandleVerifier [0x0x7ff794ec6fd0+77008]
	(No symbol) [0x0x7ff794c79dea]
	(No symbol) [0x0x7ff794cd0256]
	(No symbol) [0x0x7ff794cd050c]
	(No symbol) [0x0x7ff794d23887]
	(No symbol) [0x0x7ff794cf84af]
	(No symbol) [0x0x7ff794d2065c]
	(No symbol) [0x0x7ff794cf8243]
	(No symbol) [0x0x7ff794cc1431]
	(No symbol) [0x0x7ff794cc21c3]
	GetHandleVerifier [0x0x7ff79519d2ad+3051437]
	GetHandleVerifier [0x0x7ff795197903+3028483]
	GetHandleVerifier [0x0x7ff7951b589d+3151261]
	GetHandleVerifier [0x0x7ff794ee183e+185662]
	GetHandleVerifier [0x0x7ff794ee96ff+218111]
	GetHandleVerifier [0x0x7ff794ecfaf4+112628]
	GetHandleVerifier [0x0x7ff794ecfca9+113065]
	GetHandleVerifier [0x0x7ff794eb6c78+10616]
	BaseThreadInitThunk [0x0x7ffc7245e8d7+23]
	RtlUserThreadStart [0x0x7ffc7387c34c+44]
"
사건의 지평선,윤하 (YOUNHA),"실패: Message: no such element: Unable to locate element: {""method"":""css selector"",""selector"":""img.rg_i""}
  (Session info: chrome=138.0.7204.101); For documentation on this error, please visit: https://www.selenium.dev/documentation/webdriver/troubleshooting/errors#nosuchelementexception
Stacktrace:
	GetHandleVerifier [0x0x7ff794ec6f75+76917]
	GetHandleVerifier [0x0x7ff794ec6fd0+77008]
	(No symbol) [0x0x7ff794c79dea]
	(No symbol) [0x0x7ff794cd0256]
	(No symbol) [0x0x7ff794cd050c]
	(No symbol) [0x0x7ff794d23887]
	(No symbol) [0x0x7ff794cf84af]
	(No symbol) [0x0x7ff794d2065c]
	(No symbol) [0x0x7ff794cf8243]
	(No symbol) [0x0x7ff794cc1431]
	(No symbol) [0x0x7ff794cc21c3]
	GetHandleVerifier [0x0x7ff79519d2ad+3051437]
	GetHandleVerifier [0x0x7ff795197903+3028483]
	GetHandleVerifier [0x0x7ff7951b589d+3151261]
	GetHandleVerifier [0x0x7ff794ee183e+185662]
	GetHandleVerifier [0x0x7ff794ee96ff+218111]
	GetHandleVerifier [0x0x7ff794ecfaf4+112628]
	GetHandleVerifier [0x0x7ff794ecfca9+113065]
	GetHandleVerifier [0x0x7ff794eb6c78+10616]
	BaseThreadInitThunk [0x0x7ffc7245e8d7+23]
	RtlUserThreadStart [0x0x7ffc7387c34c+44]
"
눈이 오잖아(Feat.헤이즈),이무진,"실패: Message: no such element: Unable to locate element: {""method"":""css selector"",""selector"":""img.rg_i""}
  (Session info: chrome=138.0.7204.101); For documentation on this error, please visit: https://www.selenium.dev/documentation/webdriver/troubleshooting/errors#nosuchelementexception
Stacktrace:
	GetHandleVerifier [0x0x7ff794ec6f75+76917]
	GetHandleVerifier [0x0x7ff794ec6fd0+77008]
	(No symbol) [0x0x7ff794c79dea]
	(No symbol) [0x0x7ff794cd0256]
	(No symbol) [0x0x7ff794cd050c]
	(No symbol) [0x0x7ff794d23887]
	(No symbol) [0x0x7ff794cf84af]
	(No symbol) [0x0x7ff794d2065c]
	(No symbol) [0x0x7ff794cf8243]
	(No symbol) [0x0x7ff794cc1431]
	(No symbol) [0x0x7ff794cc21c3]
	GetHandleVerifier [0x0x7ff79519d2ad+3051437]
	GetHandleVerifier [0x0x7ff795197903+3028483]
	GetHandleVerifier [0x0x7ff7951b589d+3151261]
	GetHandleVerifier [0x0x7ff794ee183e+185662]
	GetHandleVerifier [0x0x7ff794ee96ff+218111]
	GetHandleVerifier [0x0x7ff794ecfaf4+112628]
	GetHandleVerifier [0x0x7ff794ecfca9+113065]
	GetHandleVerifier [0x0x7ff794eb6c78+10616]
	BaseThreadInitThunk [0x0x7ffc7245e8d7+23]
	RtlUserThreadStart [0x0x7ffc7387c34c+44]
"
에피소드,이무진,"실패: Message: no such element: Unable to locate element: {""method"":""css selector"",""selector"":""img.rg_i""}
  (Session info: chrome=138.0.7204.101); For documentation on this error, please visit: https://www.selenium.dev/documentation/webdriver/troubleshooting/errors#nosuchelementexception
Stacktrace:
	GetHandleVerifier [0x0x7ff794ec6f75+76917]
	GetHandleVerifier [0x0x7ff794ec6fd0+77008]
	(No symbol) [0x0x7ff794c79dea]
	(No symbol) [0x0x7ff794cd0256]
	(No symbol) [0x0x7ff794cd050c]
	(No symbol) [0x0x7ff794d23887]
	(No symbol) [0x0x7ff794cf84af]
	(No symbol) [0x0x7ff794d2065c]
	(No symbol) [0x0x7ff794cf8243]
	(No symbol) [0x0x7ff794cc1431]
	(No symbol) [0x0x7ff794cc21c3]
	GetHandleVerifier [0x0x7ff79519d2ad+3051437]
	GetHandleVerifier [0x0x7ff795197903+3028483]
	GetHandleVerifier [0x0x7ff7951b589d+3151261]
	GetHandleVerifier [0x0x7ff794ee183e+185662]
	GetHandleVerifier [0x0x7ff794ee96ff+218111]
	GetHandleVerifier [0x0x7ff794ecfaf4+112628]
	GetHandleVerifier [0x0x7ff794ecfca9+113065]
	GetHandleVerifier [0x0x7ff794eb6c78+10616]
	BaseThreadInitThunk [0x0x7ffc7245e8d7+23]
	RtlUserThreadStart [0x0x7ffc7387c34c+44]
"
청춘만화,이무진,"실패: Message: no such element: Unable to locate element: {""method"":""css selector"",""selector"":""img.rg_i""}
  (Session info: chrome=138.0.7204.101); For documentation on this error, please visit: https://www.selenium.dev/documentation/webdriver/troubleshooting/errors#nosuchelementexception
Stacktrace:
	GetHandleVerifier [0x0x7ff794ec6f75+76917]
	GetHandleVerifier [0x0x7ff794ec6fd0+77008]
	(No symbol) [0x0x7ff794c79dea]
	(No symbol) [0x0x7ff794cd0256]
	(No symbol) [0x0x7ff794cd050c]
	(No symbol) [0x0x7ff794d23887]
	(No symbol) [0x0x7ff794cf84af]
	(No symbol) [0x0x7ff794d2065c]
	(No symbol) [0x0x7ff794cf8243]
	(No symbol) [0x0x7ff794cc1431]
	(No symbol) [0x0x7ff794cc21c3]
	GetHandleVerifier [0x0x7ff79519d2ad+3051437]
	GetHandleVerifier [0x0x7ff795197903+3028483]
	GetHandleVerifier [0x0x7ff7951b589d+3151261]
	GetHandleVerifier [0x0x7ff794ee183e+185662]
	GetHandleVerifier [0x0x7ff794ee96ff+218111]
	GetHandleVerifier [0x0x7ff794ecfaf4+112628]
	GetHandleVerifier [0x0x7ff794ecfca9+113065]
	GetHandleVerifier [0x0x7ff794eb6c78+10616]
	BaseThreadInitThunk [0x0x7ffc7245e8d7+23]
	RtlUserThreadStart [0x0x7ffc7387c34c+44]
"
청혼하지 않을 이유를 못 찾았어,이무진,"실패: Message: no such element: Unable to locate element: {""method"":""css selector"",""selector"":""img.rg_i""}
  (Session info: chrome=138.0.7204.101); For documentation on this error, please visit: https://www.selenium.dev/documentation/webdriver/troubleshooting/errors#nosuchelementexception
Stacktrace:
	GetHandleVerifier [0x0x7ff794ec6f75+76917]
	GetHandleVerifier [0x0x7ff794ec6fd0+77008]
	(No symbol) [0x0x7ff794c79dea]
	(No symbol) [0x0x7ff794cd0256]
	(No symbol) [0x0x7ff794cd050c]
	(No symbol) [0x0x7ff794d23887]
	(No symbol) [0x0x7ff794cf84af]
	(No symbol) [0x0x7ff794d2065c]
	(No symbol) [0x0x7ff794cf8243]
	(No symbol) [0x0x7ff794cc1431]
	(No symbol) [0x0x7ff794cc21c3]
	GetHandleVerifier [0x0x7ff79519d2ad+3051437]
	GetHandleVerifier [0x0x7ff795197903+3028483]
	GetHandleVerifier [0x0x7ff7951b589d+3151261]
	GetHandleVerifier [0x0x7ff794ee183e+185662]
	GetHandleVerifier [0x0x7ff794ee96ff+218111]
	GetHandleVerifier [0x0x7ff794ecfaf4+112628]
	GetHandleVerifier [0x0x7ff794ecfca9+113065]
	GetHandleVerifier [0x0x7ff794eb6c78+10616]
	BaseThreadInitThunk [0x0x7ffc7245e8d7+23]
	RtlUserThreadStart [0x0x7ffc7387c34c+44]
"
Small girl (feat. 도경수(D.O.)),이영지,"실패: Message: no such element: Unable to locate element: {""method"":""css selector"",""selector"":""img.rg_i""}
  (Session info: chrome=138.0.7204.101); For documentation on this error, please visit: https://www.selenium.dev/documentation/webdriver/troubleshooting/errors#nosuchelementexception
Stacktrace:
	GetHandleVerifier [0x0x7ff794ec6f75+76917]
	GetHandleVerifier [0x0x7ff794ec6fd0+77008]
	(No symbol) [0x0x7ff794c79dea]
	(No symbol) [0x0x7ff794cd0256]
	(No symbol) [0x0x7ff794cd050c]
	(No symbol) [0x0x7ff794d23887]
	(No symbol) [0x0x7ff794cf84af]
	(No symbol) [0x0x7ff794d2065c]
	(No symbol) [0x0x7ff794cf8243]
	(No symbol) [0x0x7ff794cc1431]
	(No symbol) [0x0x7ff794cc21c3]
	GetHandleVerifier [0x0x7ff79519d2ad+3051437]
	GetHandleVerifier [0x0x7ff795197903+3028483]
	GetHandleVerifier [0x0x7ff7951b589d+3151261]
	GetHandleVerifier [0x0x7ff794ee183e+185662]
	GetHandleVerifier [0x0x7ff794ee96ff+218111]
	GetHandleVerifier [0x0x7ff794ecfaf4+112628]
	GetHandleVerifier [0x0x7ff794ecfca9+113065]
	GetHandleVerifier [0x0x7ff794eb6c78+10616]
	BaseThreadInitThunk [0x0x7ffc7245e8d7+23]
	RtlUserThreadStart [0x0x7ffc7387c34c+44]
"
MY LOVE(2025),"이예은, 아샤트리, 전건호","실패: Message: no such element: Unable to locate element: {""method"":""css selector"",""selector"":""img.rg_i""}
  (Session info: chrome=138.0.7204.101); For documentation on this error, please visit: https://www.selenium.dev/documentation/webdriver/troubleshooting/errors#nosuchelementexception
Stacktrace:
	GetHandleVerifier [0x0x7ff794ec6f75+76917]
	GetHandleVerifier [0x0x7ff794ec6fd0+77008]
	(No symbol) [0x0x7ff794c79dea]
	(No symbol) [0x0x7ff794cd0256]
	(No symbol) [0x0x7ff794cd050c]
	(No symbol) [0x0x7ff794d23887]
	(No symbol) [0x0x7ff794cf84af]
	(No symbol) [0x0x7ff794d2065c]
	(No symbol) [0x0x7ff794cf8243]
	(No symbol) [0x0x7ff794cc1431]
	(No symbol) [0x0x7ff794cc21c3]
	GetHandleVerifier [0x0x7ff79519d2ad+3051437]
	GetHandleVerifier [0x0x7ff795197903+3028483]
	GetHandleVerifier [0x0x7ff7951b589d+3151261]
	GetHandleVerifier [0x0x7ff794ee183e+185662]
	GetHandleVerifier [0x0x7ff794ee96ff+218111]
	GetHandleVerifier [0x0x7ff794ecfaf4+112628]
	GetHandleVerifier [0x0x7ff794ecfca9+113065]
	GetHandleVerifier [0x0x7ff794eb6c78+10616]
	BaseThreadInitThunk [0x0x7ffc7245e8d7+23]
	RtlUserThreadStart [0x0x7ffc7387c34c+44]
"
천상연,이창섭,"실패: Message: no such element: Unable to locate element: {""method"":""css selector"",""selector"":""img.rg_i""}
  (Session info: chrome=138.0.7204.101); For documentation on this error, please visit: https://www.selenium.dev/documentation/webdriver/troubleshooting/errors#nosuchelementexception
Stacktrace:
	GetHandleVerifier [0x0x7ff794ec6f75+76917]
	GetHandleVerifier [0x0x7ff794ec6fd0+77008]
	(No symbol) [0x0x7ff794c79dea]
	(No symbol) [0x0x7ff794cd0256]
	(No symbol) [0x0x7ff794cd050c]
	(No symbol) [0x0x7ff794d23887]
	(No symbol) [0x0x7ff794cf84af]
	(No symbol) [0x0x7ff794d2065c]
	(No symbol) [0x0x7ff794cf8243]
	(No symbol) [0x0x7ff794cc1431]
	(No symbol) [0x0x7ff794cc21c3]
	GetHandleVerifier [0x0x7ff79519d2ad+3051437]
	GetHandleVerifier [0x0x7ff795197903+3028483]
	GetHandleVerifier [0x0x7ff7951b589d+3151261]
	GetHandleVerifier [0x0x7ff794ee183e+185662]
	GetHandleVerifier [0x0x7ff794ee96ff+218111]
	GetHandleVerifier [0x0x7ff794ecfaf4+112628]
	GetHandleVerifier [0x0x7ff794ecfca9+113065]
	GetHandleVerifier [0x0x7ff794eb6c78+10616]
	BaseThreadInitThunk [0x0x7ffc7245e8d7+23]
	RtlUserThreadStart [0x0x7ffc7387c34c+44]
"
Run Run,이클립스 (ECLIPSE),"실패: Message: no such element: Unable to locate element: {""method"":""css selector"",""selector"":""img.rg_i""}
  (Session info: chrome=138.0.7204.101); For documentation on this error, please visit: https://www.selenium.dev/documentation/webdriver/troubleshooting/errors#nosuchelementexception
Stacktrace:
	GetHandleVerifier [0x0x7ff794ec6f75+76917]
	GetHandleVerifier [0x0x7ff794ec6fd0+77008]
	(No symbol) [0x0x7ff794c79dea]
	(No symbol) [0x0x7ff794cd0256]
	(No symbol) [0x0x7ff794cd050c]
	(No symbol) [0x0x7ff794d23887]
	(No symbol) [0x0x7ff794cf84af]
	(No symbol) [0x0x7ff794d2065c]
	(No symbol) [0x0x7ff794cf8243]
	(No symbol) [0x0x7ff794cc1431]
	(No symbol) [0x0x7ff794cc21c3]
	GetHandleVerifier [0x0x7ff79519d2ad+3051437]
	GetHandleVerifier [0x0x7ff795197903+3028483]
	GetHandleVerifier [0x0x7ff7951b589d+3151261]
	GetHandleVerifier [0x0x7ff794ee183e+185662]
	GetHandleVerifier [0x0x7ff794ee96ff+218111]
	GetHandleVerifier [0x0x7ff794ecfaf4+112628]
	GetHandleVerifier [0x0x7ff794ecfca9+113065]
	GetHandleVerifier [0x0x7ff794eb6c78+10616]
	BaseThreadInitThunk [0x0x7ffc7245e8d7+23]
	RtlUserThreadStart [0x0x7ffc7387c34c+44]
"
소나기,이클립스 (ECLIPSE),"실패: Message: no such element: Unable to locate element: {""method"":""css selector"",""selector"":""img.rg_i""}
  (Session info: chrome=138.0.7204.101); For documentation on this error, please visit: https://www.selenium.dev/documentation/webdriver/troubleshooting/errors#nosuchelementexception
Stacktrace:
	GetHandleVerifier [0x0x7ff794ec6f75+76917]
	GetHandleVerifier [0x0x7ff794ec6fd0+77008]
	(No symbol) [0x0x7ff794c79dea]
	(No symbol) [0x0x7ff794cd0256]
	(No symbol) [0x0x7ff794cd050c]
	(No symbol) [0x0x7ff794d23887]
	(No symbol) [0x0x7ff794cf84af]
	(No symbol) [0x0x7ff794d2065c]
	(No symbol) [0x0x7ff794cf8243]
	(No symbol) [0x0x7ff794cc1431]
	(No symbol) [0x0x7ff794cc21c3]
	GetHandleVerifier [0x0x7ff79519d2ad+3051437]
	GetHandleVerifier [0x0x7ff795197903+3028483]
	GetHandleVerifier [0x0x7ff7951b589d+3151261]
	GetHandleVerifier [0x0x7ff794ee183e+185662]
	GetHandleVerifier [0x0x7ff794ee96ff+218111]
	GetHandleVerifier [0x0x7ff794ecfaf4+112628]
	GetHandleVerifier [0x0x7ff794ecfca9+113065]
	GetHandleVerifier [0x0x7ff794eb6c78+10616]
	BaseThreadInitThunk [0x0x7ffc7245e8d7+23]
	RtlUserThreadStart [0x0x7ffc7387c34c+44]
"
A bientot,임영웅,"실패: Message: no such element: Unable to locate element: {""method"":""css selector"",""selector"":""img.rg_i""}
  (Session info: chrome=138.0.7204.101); For documentation on this error, please visit: https://www.selenium.dev/documentation/webdriver/troubleshooting/errors#nosuchelementexception
Stacktrace:
	GetHandleVerifier [0x0x7ff794ec6f75+76917]
	GetHandleVerifier [0x0x7ff794ec6fd0+77008]
	(No symbol) [0x0x7ff794c79dea]
	(No symbol) [0x0x7ff794cd0256]
	(No symbol) [0x0x7ff794cd050c]
	(No symbol) [0x0x7ff794d23887]
	(No symbol) [0x0x7ff794cf84af]
	(No symbol) [0x0x7ff794d2065c]
	(No symbol) [0x0x7ff794cf8243]
	(No symbol) [0x0x7ff794cc1431]
	(No symbol) [0x0x7ff794cc21c3]
	GetHandleVerifier [0x0x7ff79519d2ad+3051437]
	GetHandleVerifier [0x0x7ff795197903+3028483]
	GetHandleVerifier [0x0x7ff7951b589d+3151261]
	GetHandleVerifier [0x0x7ff794ee183e+185662]
	GetHandleVerifier [0x0x7ff794ee96ff+218111]
	GetHandleVerifier [0x0x7ff794ecfaf4+112628]
	GetHandleVerifier [0x0x7ff794ecfca9+113065]
	GetHandleVerifier [0x0x7ff794eb6c78+10616]
	BaseThreadInitThunk [0x0x7ffc7245e8d7+23]
	RtlUserThreadStart [0x0x7ffc7387c34c+44]
"
Do or Die,임영웅,"실패: Message: no such element: Unable to locate element: {""method"":""css selector"",""selector"":""img.rg_i""}
  (Session info: chrome=138.0.7204.101); For documentation on this error, please visit: https://www.selenium.dev/documentation/webdriver/troubleshooting/errors#nosuchelementexception
Stacktrace:
	GetHandleVerifier [0x0x7ff794ec6f75+76917]
	GetHandleVerifier [0x0x7ff794ec6fd0+77008]
	(No symbol) [0x0x7ff794c79dea]
	(No symbol) [0x0x7ff794cd0256]
	(No symbol) [0x0x7ff794cd050c]
	(No symbol) [0x0x7ff794d23887]
	(No symbol) [0x0x7ff794cf84af]
	(No symbol) [0x0x7ff794d2065c]
	(No symbol) [0x0x7ff794cf8243]
	(No symbol) [0x0x7ff794cc1431]
	(No symbol) [0x0x7ff794cc21c3]
	GetHandleVerifier [0x0x7ff79519d2ad+3051437]
	GetHandleVerifier [0x0x7ff795197903+3028483]
	GetHandleVerifier [0x0x7ff7951b589d+3151261]
	GetHandleVerifier [0x0x7ff794ee183e+185662]
	GetHandleVerifier [0x0x7ff794ee96ff+218111]
	GetHandleVerifier [0x0x7ff794ecfaf4+112628]
	GetHandleVerifier [0x0x7ff794ecfca9+113065]
	GetHandleVerifier [0x0x7ff794eb6c78+10616]
	BaseThreadInitThunk [0x0x7ffc7245e8d7+23]
	RtlUserThreadStart [0x0x7ffc7387c34c+44]
"
Home,임영웅,"실패: Message: no such element: Unable to locate element: {""method"":""css selector"",""selector"":""img.rg_i""}
  (Session info: chrome=138.0.7204.101); For documentation on this error, please visit: https://www.selenium.dev/documentation/webdriver/troubleshooting/errors#nosuchelementexception
Stacktrace:
	GetHandleVerifier [0x0x7ff794ec6f75+76917]
	GetHandleVerifier [0x0x7ff794ec6fd0+77008]
	(No symbol) [0x0x7ff794c79dea]
	(No symbol) [0x0x7ff794cd0256]
	(No symbol) [0x0x7ff794cd050c]
	(No symbol) [0x0x7ff794d23887]
	(No symbol) [0x0x7ff794cf84af]
	(No symbol) [0x0x7ff794d2065c]
	(No symbol) [0x0x7ff794cf8243]
	(No symbol) [0x0x7ff794cc1431]
	(No symbol) [0x0x7ff794cc21c3]
	GetHandleVerifier [0x0x7ff79519d2ad+3051437]
	GetHandleVerifier [0x0x7ff795197903+3028483]
	GetHandleVerifier [0x0x7ff7951b589d+3151261]
	GetHandleVerifier [0x0x7ff794ee183e+185662]
	GetHandleVerifier [0x0x7ff794ee96ff+218111]
	GetHandleVerifier [0x0x7ff794ecfaf4+112628]
	GetHandleVerifier [0x0x7ff794ecfca9+113065]
	GetHandleVerifier [0x0x7ff794eb6c78+10616]
	BaseThreadInitThunk [0x0x7ffc7245e8d7+23]
	RtlUserThreadStart [0x0x7ffc7387c34c+44]
"
London Boy,임영웅,"실패: Message: no such element: Unable to locate element: {""method"":""css selector"",""selector"":""img.rg_i""}
  (Session info: chrome=138.0.7204.101); For documentation on this error, please visit: https://www.selenium.dev/documentation/webdriver/troubleshooting/errors#nosuchelementexception
Stacktrace:
	GetHandleVerifier [0x0x7ff794ec6f75+76917]
	GetHandleVerifier [0x0x7ff794ec6fd0+77008]
	(No symbol) [0x0x7ff794c79dea]
	(No symbol) [0x0x7ff794cd0256]
	(No symbol) [0x0x7ff794cd050c]
	(No symbol) [0x0x7ff794d23887]
	(No symbol) [0x0x7ff794cf84af]
	(No symbol) [0x0x7ff794d2065c]
	(No symbol) [0x0x7ff794cf8243]
	(No symbol) [0x0x7ff794cc1431]
	(No symbol) [0x0x7ff794cc21c3]
	GetHandleVerifier [0x0x7ff79519d2ad+3051437]
	GetHandleVerifier [0x0x7ff795197903+3028483]
	GetHandleVerifier [0x0x7ff7951b589d+3151261]
	GetHandleVerifier [0x0x7ff794ee183e+185662]
	GetHandleVerifier [0x0x7ff794ee96ff+218111]
	GetHandleVerifier [0x0x7ff794ecfaf4+112628]
	GetHandleVerifier [0x0x7ff794ecfca9+113065]
	GetHandleVerifier [0x0x7ff794eb6c78+10616]
	BaseThreadInitThunk [0x0x7ffc7245e8d7+23]
	RtlUserThreadStart [0x0x7ffc7387c34c+44]
"
Polaroid,임영웅,"실패: Message: no such element: Unable to locate element: {""method"":""css selector"",""selector"":""img.rg_i""}
  (Session info: chrome=138.0.7204.101); For documentation on this error, please visit: https://www.selenium.dev/documentation/webdriver/troubleshooting/errors#nosuchelementexception
Stacktrace:
	GetHandleVerifier [0x0x7ff794ec6f75+76917]
	GetHandleVerifier [0x0x7ff794ec6fd0+77008]
	(No symbol) [0x0x7ff794c79dea]
	(No symbol) [0x0x7ff794cd0256]
	(No symbol) [0x0x7ff794cd050c]
	(No symbol) [0x0x7ff794d23887]
	(No symbol) [0x0x7ff794cf84af]
	(No symbol) [0x0x7ff794d2065c]
	(No symbol) [0x0x7ff794cf8243]
	(No symbol) [0x0x7ff794cc1431]
	(No symbol) [0x0x7ff794cc21c3]
	GetHandleVerifier [0x0x7ff79519d2ad+3051437]
	GetHandleVerifier [0x0x7ff795197903+3028483]
	GetHandleVerifier [0x0x7ff7951b589d+3151261]
	GetHandleVerifier [0x0x7ff794ee183e+185662]
	GetHandleVerifier [0x0x7ff794ee96ff+218111]
	GetHandleVerifier [0x0x7ff794ecfaf4+112628]
	GetHandleVerifier [0x0x7ff794ecfca9+113065]
	GetHandleVerifier [0x0x7ff794eb6c78+10616]
	BaseThreadInitThunk [0x0x7ffc7245e8d7+23]
	RtlUserThreadStart [0x0x7ffc7387c34c+44]
"
다시 만날 수 있을까,임영웅,"실패: Message: no such element: Unable to locate element: {""method"":""css selector"",""selector"":""img.rg_i""}
  (Session info: chrome=138.0.7204.101); For documentation on this error, please visit: https://www.selenium.dev/documentation/webdriver/troubleshooting/errors#nosuchelementexception
Stacktrace:
	GetHandleVerifier [0x0x7ff794ec6f75+76917]
	GetHandleVerifier [0x0x7ff794ec6fd0+77008]
	(No symbol) [0x0x7ff794c79dea]
	(No symbol) [0x0x7ff794cd0256]
	(No symbol) [0x0x7ff794cd050c]
	(No symbol) [0x0x7ff794d23887]
	(No symbol) [0x0x7ff794cf84af]
	(No symbol) [0x0x7ff794d2065c]
	(No symbol) [0x0x7ff794cf8243]
	(No symbol) [0x0x7ff794cc1431]
	(No symbol) [0x0x7ff794cc21c3]
	GetHandleVerifier [0x0x7ff79519d2ad+3051437]
	GetHandleVerifier [0x0x7ff795197903+3028483]
	GetHandleVerifier [0x0x7ff7951b589d+3151261]
	GetHandleVerifier [0x0x7ff794ee183e+185662]
	GetHandleVerifier [0x0x7ff794ee96ff+218111]
	GetHandleVerifier [0x0x7ff794ecfaf4+112628]
	GetHandleVerifier [0x0x7ff794ecfca9+113065]
	GetHandleVerifier [0x0x7ff794eb6c78+10616]
	BaseThreadInitThunk [0x0x7ffc7245e8d7+23]
	RtlUserThreadStart [0x0x7ffc7387c34c+44]
"
모래 알갱이,임영웅,"실패: Message: no such element: Unable to locate element: {""method"":""css selector"",""selector"":""img.rg_i""}
  (Session info: chrome=138.0.7204.101); For documentation on this error, please visit: https://www.selenium.dev/documentation/webdriver/troubleshooting/errors#nosuchelementexception
Stacktrace:
	GetHandleVerifier [0x0x7ff794ec6f75+76917]
	GetHandleVerifier [0x0x7ff794ec6fd0+77008]
	(No symbol) [0x0x7ff794c79dea]
	(No symbol) [0x0x7ff794cd0256]
	(No symbol) [0x0x7ff794cd050c]
	(No symbol) [0x0x7ff794d23887]
	(No symbol) [0x0x7ff794cf84af]
	(No symbol) [0x0x7ff794d2065c]
	(No symbol) [0x0x7ff794cf8243]
	(No symbol) [0x0x7ff794cc1431]
	(No symbol) [0x0x7ff794cc21c3]
	GetHandleVerifier [0x0x7ff79519d2ad+3051437]
	GetHandleVerifier [0x0x7ff795197903+3028483]
	GetHandleVerifier [0x0x7ff7951b589d+3151261]
	GetHandleVerifier [0x0x7ff794ee183e+185662]
	GetHandleVerifier [0x0x7ff794ee96ff+218111]
	GetHandleVerifier [0x0x7ff794ecfaf4+112628]
	GetHandleVerifier [0x0x7ff794ecfca9+113065]
	GetHandleVerifier [0x0x7ff794eb6c78+10616]
	BaseThreadInitThunk [0x0x7ffc7245e8d7+23]
	RtlUserThreadStart [0x0x7ffc7387c34c+44]
"
무지개,임영웅,"실패: Message: no such element: Unable to locate element: {""method"":""css selector"",""selector"":""img.rg_i""}
  (Session info: chrome=138.0.7204.101); For documentation on this error, please visit: https://www.selenium.dev/documentation/webdriver/troubleshooting/errors#nosuchelementexception
Stacktrace:
	GetHandleVerifier [0x0x7ff794ec6f75+76917]
	GetHandleVerifier [0x0x7ff794ec6fd0+77008]
	(No symbol) [0x0x7ff794c79dea]
	(No symbol) [0x0x7ff794cd0256]
	(No symbol) [0x0x7ff794cd050c]
	(No symbol) [0x0x7ff794d23887]
	(No symbol) [0x0x7ff794cf84af]
	(No symbol) [0x0x7ff794d2065c]
	(No symbol) [0x0x7ff794cf8243]
	(No symbol) [0x0x7ff794cc1431]
	(No symbol) [0x0x7ff794cc21c3]
	GetHandleVerifier [0x0x7ff79519d2ad+3051437]
	GetHandleVerifier [0x0x7ff795197903+3028483]
	GetHandleVerifier [0x0x7ff7951b589d+3151261]
	GetHandleVerifier [0x0x7ff794ee183e+185662]
	GetHandleVerifier [0x0x7ff794ee96ff+218111]
	GetHandleVerifier [0x0x7ff794ecfaf4+112628]
	GetHandleVerifier [0x0x7ff794ecfca9+113065]
	GetHandleVerifier [0x0x7ff794eb6c78+10616]
	BaseThreadInitThunk [0x0x7ffc7245e8d7+23]
	RtlUserThreadStart [0x0x7ffc7387c34c+44]
"
사랑은 늘 도망가,임영웅,"실패: Message: no such element: Unable to locate element: {""method"":""css selector"",""selector"":""img.rg_i""}
  (Session info: chrome=138.0.7204.101); For documentation on this error, please visit: https://www.selenium.dev/documentation/webdriver/troubleshooting/errors#nosuchelementexception
Stacktrace:
	GetHandleVerifier [0x0x7ff794ec6f75+76917]
	GetHandleVerifier [0x0x7ff794ec6fd0+77008]
	(No symbol) [0x0x7ff794c79dea]
	(No symbol) [0x0x7ff794cd0256]
	(No symbol) [0x0x7ff794cd050c]
	(No symbol) [0x0x7ff794d23887]
	(No symbol) [0x0x7ff794cf84af]
	(No symbol) [0x0x7ff794d2065c]
	(No symbol) [0x0x7ff794cf8243]
	(No symbol) [0x0x7ff794cc1431]
	(No symbol) [0x0x7ff794cc21c3]
	GetHandleVerifier [0x0x7ff79519d2ad+3051437]
	GetHandleVerifier [0x0x7ff795197903+3028483]
	GetHandleVerifier [0x0x7ff7951b589d+3151261]
	GetHandleVerifier [0x0x7ff794ee183e+185662]
	GetHandleVerifier [0x0x7ff794ee96ff+218111]
	GetHandleVerifier [0x0x7ff794ecfaf4+112628]
	GetHandleVerifier [0x0x7ff794ecfca9+113065]
	GetHandleVerifier [0x0x7ff794eb6c78+10616]
	BaseThreadInitThunk [0x0x7ffc7245e8d7+23]
	RtlUserThreadStart [0x0x7ffc7387c34c+44]
"
아버지,임영웅,"실패: Message: no such element: Unable to locate element: {""method"":""css selector"",""selector"":""img.rg_i""}
  (Session info: chrome=138.0.7204.101); For documentation on this error, please visit: https://www.selenium.dev/documentation/webdriver/troubleshooting/errors#nosuchelementexception
Stacktrace:
	GetHandleVerifier [0x0x7ff794ec6f75+76917]
	GetHandleVerifier [0x0x7ff794ec6fd0+77008]
	(No symbol) [0x0x7ff794c79dea]
	(No symbol) [0x0x7ff794cd0256]
	(No symbol) [0x0x7ff794cd050c]
	(No symbol) [0x0x7ff794d23887]
	(No symbol) [0x0x7ff794cf84af]
	(No symbol) [0x0x7ff794d2065c]
	(No symbol) [0x0x7ff794cf8243]
	(No symbol) [0x0x7ff794cc1431]
	(No symbol) [0x0x7ff794cc21c3]
	GetHandleVerifier [0x0x7ff79519d2ad+3051437]
	GetHandleVerifier [0x0x7ff795197903+3028483]
	GetHandleVerifier [0x0x7ff7951b589d+3151261]
	GetHandleVerifier [0x0x7ff794ee183e+185662]
	GetHandleVerifier [0x0x7ff794ee96ff+218111]
	GetHandleVerifier [0x0x7ff794ecfaf4+112628]
	GetHandleVerifier [0x0x7ff794ecfca9+113065]
	GetHandleVerifier [0x0x7ff794eb6c78+10616]
	BaseThreadInitThunk [0x0x7ffc7245e8d7+23]
	RtlUserThreadStart [0x0x7ffc7387c34c+44]
"
온기,임영웅,"실패: Message: no such element: Unable to locate element: {""method"":""css selector"",""selector"":""img.rg_i""}
  (Session info: chrome=138.0.7204.101); For documentation on this error, please visit: https://www.selenium.dev/documentation/webdriver/troubleshooting/errors#nosuchelementexception
Stacktrace:
	GetHandleVerifier [0x0x7ff794ec6f75+76917]
	GetHandleVerifier [0x0x7ff794ec6fd0+77008]
	(No symbol) [0x0x7ff794c79dea]
	(No symbol) [0x0x7ff794cd0256]
	(No symbol) [0x0x7ff794cd050c]
	(No symbol) [0x0x7ff794d23887]
	(No symbol) [0x0x7ff794cf84af]
	(No symbol) [0x0x7ff794d2065c]
	(No symbol) [0x0x7ff794cf8243]
	(No symbol) [0x0x7ff794cc1431]
	(No symbol) [0x0x7ff794cc21c3]
	GetHandleVerifier [0x0x7ff79519d2ad+3051437]
	GetHandleVerifier [0x0x7ff795197903+3028483]
	GetHandleVerifier [0x0x7ff7951b589d+3151261]
	GetHandleVerifier [0x0x7ff794ee183e+185662]
	GetHandleVerifier [0x0x7ff794ee96ff+218111]
	GetHandleVerifier [0x0x7ff794ecfaf4+112628]
	GetHandleVerifier [0x0x7ff794ecfca9+113065]
	GetHandleVerifier [0x0x7ff794eb6c78+10616]
	BaseThreadInitThunk [0x0x7ffc7245e8d7+23]
	RtlUserThreadStart [0x0x7ffc7387c34c+44]
"
우리들의 블루스,임영웅,"실패: Message: no such element: Unable to locate element: {""method"":""css selector"",""selector"":""img.rg_i""}
  (Session info: chrome=138.0.7204.101); For documentation on this error, please visit: https://www.selenium.dev/documentation/webdriver/troubleshooting/errors#nosuchelementexception
Stacktrace:
	GetHandleVerifier [0x0x7ff794ec6f75+76917]
	GetHandleVerifier [0x0x7ff794ec6fd0+77008]
	(No symbol) [0x0x7ff794c79dea]
	(No symbol) [0x0x7ff794cd0256]
	(No symbol) [0x0x7ff794cd050c]
	(No symbol) [0x0x7ff794d23887]
	(No symbol) [0x0x7ff794cf84af]
	(No symbol) [0x0x7ff794d2065c]
	(No symbol) [0x0x7ff794cf8243]
	(No symbol) [0x0x7ff794cc1431]
	(No symbol) [0x0x7ff794cc21c3]
	GetHandleVerifier [0x0x7ff79519d2ad+3051437]
	GetHandleVerifier [0x0x7ff795197903+3028483]
	GetHandleVerifier [0x0x7ff7951b589d+3151261]
	GetHandleVerifier [0x0x7ff794ee183e+185662]
	GetHandleVerifier [0x0x7ff794ee96ff+218111]
	GetHandleVerifier [0x0x7ff794ecfaf4+112628]
	GetHandleVerifier [0x0x7ff794ecfca9+113065]
	GetHandleVerifier [0x0x7ff794eb6c78+10616]
	BaseThreadInitThunk [0x0x7ffc7245e8d7+23]
	RtlUserThreadStart [0x0x7ffc7387c34c+44]
"
이제 나만 믿어요,임영웅,"실패: Message: no such element: Unable to locate element: {""method"":""css selector"",""selector"":""img.rg_i""}
  (Session info: chrome=138.0.7204.101); For documentation on this error, please visit: https://www.selenium.dev/documentation/webdriver/troubleshooting/errors#nosuchelementexception
Stacktrace:
	GetHandleVerifier [0x0x7ff794ec6f75+76917]
	GetHandleVerifier [0x0x7ff794ec6fd0+77008]
	(No symbol) [0x0x7ff794c79dea]
	(No symbol) [0x0x7ff794cd0256]
	(No symbol) [0x0x7ff794cd050c]
	(No symbol) [0x0x7ff794d23887]
	(No symbol) [0x0x7ff794cf84af]
	(No symbol) [0x0x7ff794d2065c]
	(No symbol) [0x0x7ff794cf8243]
	(No symbol) [0x0x7ff794cc1431]
	(No symbol) [0x0x7ff794cc21c3]
	GetHandleVerifier [0x0x7ff79519d2ad+3051437]
	GetHandleVerifier [0x0x7ff795197903+3028483]
	GetHandleVerifier [0x0x7ff7951b589d+3151261]
	GetHandleVerifier [0x0x7ff794ee183e+185662]
	GetHandleVerifier [0x0x7ff794ee96ff+218111]
	GetHandleVerifier [0x0x7ff794ecfaf4+112628]
	GetHandleVerifier [0x0x7ff794ecfca9+113065]
	GetHandleVerifier [0x0x7ff794eb6c78+10616]
	BaseThreadInitThunk [0x0x7ffc7245e8d7+23]
	RtlUserThreadStart [0x0x7ffc7387c34c+44]
"
인생찬가,임영웅,"실패: Message: no such element: Unable to locate element: {""method"":""css selector"",""selector"":""img.rg_i""}
  (Session info: chrome=138.0.7204.101); For documentation on this error, please visit: https://www.selenium.dev/documentation/webdriver/troubleshooting/errors#nosuchelementexception
Stacktrace:
	GetHandleVerifier [0x0x7ff794ec6f75+76917]
	GetHandleVerifier [0x0x7ff794ec6fd0+77008]
	(No symbol) [0x0x7ff794c79dea]
	(No symbol) [0x0x7ff794cd0256]
	(No symbol) [0x0x7ff794cd050c]
	(No symbol) [0x0x7ff794d23887]
	(No symbol) [0x0x7ff794cf84af]
	(No symbol) [0x0x7ff794d2065c]
	(No symbol) [0x0x7ff794cf8243]
	(No symbol) [0x0x7ff794cc1431]
	(No symbol) [0x0x7ff794cc21c3]
	GetHandleVerifier [0x0x7ff79519d2ad+3051437]
	GetHandleVerifier [0x0x7ff795197903+3028483]
	GetHandleVerifier [0x0x7ff7951b589d+3151261]
	GetHandleVerifier [0x0x7ff794ee183e+185662]
	GetHandleVerifier [0x0x7ff794ee96ff+218111]
	GetHandleVerifier [0x0x7ff794ecfaf4+112628]
	GetHandleVerifier [0x0x7ff794ecfca9+113065]
	GetHandleVerifier [0x0x7ff794eb6c78+10616]
	BaseThreadInitThunk [0x0x7ffc7245e8d7+23]
	RtlUserThreadStart [0x0x7ffc7387c34c+44]
"
천국보다 아름다운,임영웅,"실패: Message: no such element: Unable to locate element: {""method"":""css selector"",""selector"":""img.rg_i""}
  (Session info: chrome=138.0.7204.101); For documentation on this error, please visit: https://www.selenium.dev/documentation/webdriver/troubleshooting/errors#nosuchelementexception
Stacktrace:
	GetHandleVerifier [0x0x7ff794ec6f75+76917]
	GetHandleVerifier [0x0x7ff794ec6fd0+77008]
	(No symbol) [0x0x7ff794c79dea]
	(No symbol) [0x0x7ff794cd0256]
	(No symbol) [0x0x7ff794cd050c]
	(No symbol) [0x0x7ff794d23887]
	(No symbol) [0x0x7ff794cf84af]
	(No symbol) [0x0x7ff794d2065c]
	(No symbol) [0x0x7ff794cf8243]
	(No symbol) [0x0x7ff794cc1431]
	(No symbol) [0x0x7ff794cc21c3]
	GetHandleVerifier [0x0x7ff79519d2ad+3051437]
	GetHandleVerifier [0x0x7ff795197903+3028483]
	GetHandleVerifier [0x0x7ff7951b589d+3151261]
	GetHandleVerifier [0x0x7ff794ee183e+185662]
	GetHandleVerifier [0x0x7ff794ee96ff+218111]
	GetHandleVerifier [0x0x7ff794ecfaf4+112628]
	GetHandleVerifier [0x0x7ff794ecfca9+113065]
	GetHandleVerifier [0x0x7ff794eb6c78+10616]
	BaseThreadInitThunk [0x0x7ffc7245e8d7+23]
	RtlUserThreadStart [0x0x7ffc7387c34c+44]
"
비의 랩소디,임재현,"실패: Message: no such element: Unable to locate element: {""method"":""css selector"",""selector"":""img.rg_i""}
  (Session info: chrome=138.0.7204.101); For documentation on this error, please visit: https://www.selenium.dev/documentation/webdriver/troubleshooting/errors#nosuchelementexception
Stacktrace:
	GetHandleVerifier [0x0x7ff794ec6f75+76917]
	GetHandleVerifier [0x0x7ff794ec6fd0+77008]
	(No symbol) [0x0x7ff794c79dea]
	(No symbol) [0x0x7ff794cd0256]
	(No symbol) [0x0x7ff794cd050c]
	(No symbol) [0x0x7ff794d23887]
	(No symbol) [0x0x7ff794cf84af]
	(No symbol) [0x0x7ff794d2065c]
	(No symbol) [0x0x7ff794cf8243]
	(No symbol) [0x0x7ff794cc1431]
	(No symbol) [0x0x7ff794cc21c3]
	GetHandleVerifier [0x0x7ff79519d2ad+3051437]
	GetHandleVerifier [0x0x7ff795197903+3028483]
	GetHandleVerifier [0x0x7ff7951b589d+3151261]
	GetHandleVerifier [0x0x7ff794ee183e+185662]
	GetHandleVerifier [0x0x7ff794ee96ff+218111]
	GetHandleVerifier [0x0x7ff794ecfaf4+112628]
	GetHandleVerifier [0x0x7ff794ecfca9+113065]
	GetHandleVerifier [0x0x7ff794eb6c78+10616]
	BaseThreadInitThunk [0x0x7ffc7245e8d7+23]
	RtlUserThreadStart [0x0x7ffc7387c34c+44]
"
사랑하지 않아서 그랬어,임한별,"실패: Message: no such element: Unable to locate element: {""method"":""css selector"",""selector"":""img.rg_i""}
  (Session info: chrome=138.0.7204.101); For documentation on this error, please visit: https://www.selenium.dev/documentation/webdriver/troubleshooting/errors#nosuchelementexception
Stacktrace:
	GetHandleVerifier [0x0x7ff794ec6f75+76917]
	GetHandleVerifier [0x0x7ff794ec6fd0+77008]
	(No symbol) [0x0x7ff794c79dea]
	(No symbol) [0x0x7ff794cd0256]
	(No symbol) [0x0x7ff794cd050c]
	(No symbol) [0x0x7ff794d23887]
	(No symbol) [0x0x7ff794cf84af]
	(No symbol) [0x0x7ff794d2065c]
	(No symbol) [0x0x7ff794cf8243]
	(No symbol) [0x0x7ff794cc1431]
	(No symbol) [0x0x7ff794cc21c3]
	GetHandleVerifier [0x0x7ff79519d2ad+3051437]
	GetHandleVerifier [0x0x7ff795197903+3028483]
	GetHandleVerifier [0x0x7ff7951b589d+3151261]
	GetHandleVerifier [0x0x7ff794ee183e+185662]
	GetHandleVerifier [0x0x7ff794ee96ff+218111]
	GetHandleVerifier [0x0x7ff794ecfaf4+112628]
	GetHandleVerifier [0x0x7ff794ecfca9+113065]
	GetHandleVerifier [0x0x7ff794eb6c78+10616]
	BaseThreadInitThunk [0x0x7ffc7245e8d7+23]
	RtlUserThreadStart [0x0x7ffc7387c34c+44]
"
주저하는 연인들을 위해,잔나비,"실패: Message: no such element: Unable to locate element: {""method"":""css selector"",""selector"":""img.rg_i""}
  (Session info: chrome=138.0.7204.101); For documentation on this error, please visit: https://www.selenium.dev/documentation/webdriver/troubleshooting/errors#nosuchelementexception
Stacktrace:
	GetHandleVerifier [0x0x7ff794ec6f75+76917]
	GetHandleVerifier [0x0x7ff794ec6fd0+77008]
	(No symbol) [0x0x7ff794c79dea]
	(No symbol) [0x0x7ff794cd0256]
	(No symbol) [0x0x7ff794cd050c]
	(No symbol) [0x0x7ff794d23887]
	(No symbol) [0x0x7ff794cf84af]
	(No symbol) [0x0x7ff794d2065c]
	(No symbol) [0x0x7ff794cf8243]
	(No symbol) [0x0x7ff794cc1431]
	(No symbol) [0x0x7ff794cc21c3]
	GetHandleVerifier [0x0x7ff79519d2ad+3051437]
	GetHandleVerifier [0x0x7ff795197903+3028483]
	GetHandleVerifier [0x0x7ff7951b589d+3151261]
	GetHandleVerifier [0x0x7ff794ee183e+185662]
	GetHandleVerifier [0x0x7ff794ee96ff+218111]
	GetHandleVerifier [0x0x7ff794ecfaf4+112628]
	GetHandleVerifier [0x0x7ff794ecfca9+113065]
	GetHandleVerifier [0x0x7ff794eb6c78+10616]
	BaseThreadInitThunk [0x0x7ffc7245e8d7+23]
	RtlUserThreadStart [0x0x7ffc7387c34c+44]
"
너와의 모든 지금,재쓰비 (JAESSBEE),"실패: Message: no such element: Unable to locate element: {""method"":""css selector"",""selector"":""img.rg_i""}
  (Session info: chrome=138.0.7204.101); For documentation on this error, please visit: https://www.selenium.dev/documentation/webdriver/troubleshooting/errors#nosuchelementexception
Stacktrace:
	GetHandleVerifier [0x0x7ff794ec6f75+76917]
	GetHandleVerifier [0x0x7ff794ec6fd0+77008]
	(No symbol) [0x0x7ff794c79dea]
	(No symbol) [0x0x7ff794cd0256]
	(No symbol) [0x0x7ff794cd050c]
	(No symbol) [0x0x7ff794d23887]
	(No symbol) [0x0x7ff794cf84af]
	(No symbol) [0x0x7ff794d2065c]
	(No symbol) [0x0x7ff794cf8243]
	(No symbol) [0x0x7ff794cc1431]
	(No symbol) [0x0x7ff794cc21c3]
	GetHandleVerifier [0x0x7ff79519d2ad+3051437]
	GetHandleVerifier [0x0x7ff795197903+3028483]
	GetHandleVerifier [0x0x7ff7951b589d+3151261]
	GetHandleVerifier [0x0x7ff794ee183e+185662]
	GetHandleVerifier [0x0x7ff794ee96ff+218111]
	GetHandleVerifier [0x0x7ff794ecfaf4+112628]
	GetHandleVerifier [0x0x7ff794ecfca9+113065]
	GetHandleVerifier [0x0x7ff794eb6c78+10616]
	BaseThreadInitThunk [0x0x7ffc7245e8d7+23]
	RtlUserThreadStart [0x0x7ffc7387c34c+44]
"
Fast Forward,전소미,"실패: Message: no such element: Unable to locate element: {""method"":""css selector"",""selector"":""img.rg_i""}
  (Session info: chrome=138.0.7204.101); For documentation on this error, please visit: https://www.selenium.dev/documentation/webdriver/troubleshooting/errors#nosuchelementexception
Stacktrace:
	GetHandleVerifier [0x0x7ff794ec6f75+76917]
	GetHandleVerifier [0x0x7ff794ec6fd0+77008]
	(No symbol) [0x0x7ff794c79dea]
	(No symbol) [0x0x7ff794cd0256]
	(No symbol) [0x0x7ff794cd050c]
	(No symbol) [0x0x7ff794d23887]
	(No symbol) [0x0x7ff794cf84af]
	(No symbol) [0x0x7ff794d2065c]
	(No symbol) [0x0x7ff794cf8243]
	(No symbol) [0x0x7ff794cc1431]
	(No symbol) [0x0x7ff794cc21c3]
	GetHandleVerifier [0x0x7ff79519d2ad+3051437]
	GetHandleVerifier [0x0x7ff795197903+3028483]
	GetHandleVerifier [0x0x7ff7951b589d+3151261]
	GetHandleVerifier [0x0x7ff794ee183e+185662]
	GetHandleVerifier [0x0x7ff794ee96ff+218111]
	GetHandleVerifier [0x0x7ff794ecfaf4+112628]
	GetHandleVerifier [0x0x7ff794ecfca9+113065]
	GetHandleVerifier [0x0x7ff794eb6c78+10616]
	BaseThreadInitThunk [0x0x7ffc7245e8d7+23]
	RtlUserThreadStart [0x0x7ffc7387c34c+44]
"
Seven (feat. Latto) - Clean Ver.,정국,"실패: Message: no such element: Unable to locate element: {""method"":""css selector"",""selector"":""img.rg_i""}
  (Session info: chrome=138.0.7204.101); For documentation on this error, please visit: https://www.selenium.dev/documentation/webdriver/troubleshooting/errors#nosuchelementexception
Stacktrace:
	GetHandleVerifier [0x0x7ff794ec6f75+76917]
	GetHandleVerifier [0x0x7ff794ec6fd0+77008]
	(No symbol) [0x0x7ff794c79dea]
	(No symbol) [0x0x7ff794cd0256]
	(No symbol) [0x0x7ff794cd050c]
	(No symbol) [0x0x7ff794d23887]
	(No symbol) [0x0x7ff794cf84af]
	(No symbol) [0x0x7ff794d2065c]
	(No symbol) [0x0x7ff794cf8243]
	(No symbol) [0x0x7ff794cc1431]
	(No symbol) [0x0x7ff794cc21c3]
	GetHandleVerifier [0x0x7ff79519d2ad+3051437]
	GetHandleVerifier [0x0x7ff795197903+3028483]
	GetHandleVerifier [0x0x7ff7951b589d+3151261]
	GetHandleVerifier [0x0x7ff794ee183e+185662]
	GetHandleVerifier [0x0x7ff794ee96ff+218111]
	GetHandleVerifier [0x0x7ff794ecfaf4+112628]
	GetHandleVerifier [0x0x7ff794ecfca9+113065]
	GetHandleVerifier [0x0x7ff794eb6c78+10616]
	BaseThreadInitThunk [0x0x7ffc7245e8d7+23]
	RtlUserThreadStart [0x0x7ffc7387c34c+44]
"
Standing Next to You,정국,"실패: Message: no such element: Unable to locate element: {""method"":""css selector"",""selector"":""img.rg_i""}
  (Session info: chrome=138.0.7204.101); For documentation on this error, please visit: https://www.selenium.dev/documentation/webdriver/troubleshooting/errors#nosuchelementexception
Stacktrace:
	GetHandleVerifier [0x0x7ff794ec6f75+76917]
	GetHandleVerifier [0x0x7ff794ec6fd0+77008]
	(No symbol) [0x0x7ff794c79dea]
	(No symbol) [0x0x7ff794cd0256]
	(No symbol) [0x0x7ff794cd050c]
	(No symbol) [0x0x7ff794d23887]
	(No symbol) [0x0x7ff794cf84af]
	(No symbol) [0x0x7ff794d2065c]
	(No symbol) [0x0x7ff794cf8243]
	(No symbol) [0x0x7ff794cc1431]
	(No symbol) [0x0x7ff794cc21c3]
	GetHandleVerifier [0x0x7ff79519d2ad+3051437]
	GetHandleVerifier [0x0x7ff795197903+3028483]
	GetHandleVerifier [0x0x7ff7951b589d+3151261]
	GetHandleVerifier [0x0x7ff794ee183e+185662]
	GetHandleVerifier [0x0x7ff794ee96ff+218111]
	GetHandleVerifier [0x0x7ff794ecfaf4+112628]
	GetHandleVerifier [0x0x7ff794ecfca9+113065]
	GetHandleVerifier [0x0x7ff794eb6c78+10616]
	BaseThreadInitThunk [0x0x7ffc7245e8d7+23]
	RtlUserThreadStart [0x0x7ffc7387c34c+44]
"
Yes or No,정국,"실패: Message: no such element: Unable to locate element: {""method"":""css selector"",""selector"":""img.rg_i""}
  (Session info: chrome=138.0.7204.101); For documentation on this error, please visit: https://www.selenium.dev/documentation/webdriver/troubleshooting/errors#nosuchelementexception
Stacktrace:
	GetHandleVerifier [0x0x7ff794ec6f75+76917]
	GetHandleVerifier [0x0x7ff794ec6fd0+77008]
	(No symbol) [0x0x7ff794c79dea]
	(No symbol) [0x0x7ff794cd0256]
	(No symbol) [0x0x7ff794cd050c]
	(No symbol) [0x0x7ff794d23887]
	(No symbol) [0x0x7ff794cf84af]
	(No symbol) [0x0x7ff794d2065c]
	(No symbol) [0x0x7ff794cf8243]
	(No symbol) [0x0x7ff794cc1431]
	(No symbol) [0x0x7ff794cc21c3]
	GetHandleVerifier [0x0x7ff79519d2ad+3051437]
	GetHandleVerifier [0x0x7ff795197903+3028483]
	GetHandleVerifier [0x0x7ff7951b589d+3151261]
	GetHandleVerifier [0x0x7ff794ee183e+185662]
	GetHandleVerifier [0x0x7ff794ee96ff+218111]
	GetHandleVerifier [0x0x7ff794ecfaf4+112628]
	GetHandleVerifier [0x0x7ff794ecfca9+113065]
	GetHandleVerifier [0x0x7ff794eb6c78+10616]
	BaseThreadInitThunk [0x0x7ffc7245e8d7+23]
	RtlUserThreadStart [0x0x7ffc7387c34c+44]
"
눈사람,정승환,"실패: Message: no such element: Unable to locate element: {""method"":""css selector"",""selector"":""img.rg_i""}
  (Session info: chrome=138.0.7204.101); For documentation on this error, please visit: https://www.selenium.dev/documentation/webdriver/troubleshooting/errors#nosuchelementexception
Stacktrace:
	GetHandleVerifier [0x0x7ff794ec6f75+76917]
	GetHandleVerifier [0x0x7ff794ec6fd0+77008]
	(No symbol) [0x0x7ff794c79dea]
	(No symbol) [0x0x7ff794cd0256]
	(No symbol) [0x0x7ff794cd050c]
	(No symbol) [0x0x7ff794d23887]
	(No symbol) [0x0x7ff794cf84af]
	(No symbol) [0x0x7ff794d2065c]
	(No symbol) [0x0x7ff794cf8243]
	(No symbol) [0x0x7ff794cc1431]
	(No symbol) [0x0x7ff794cc21c3]
	GetHandleVerifier [0x0x7ff79519d2ad+3051437]
	GetHandleVerifier [0x0x7ff795197903+3028483]
	GetHandleVerifier [0x0x7ff7951b589d+3151261]
	GetHandleVerifier [0x0x7ff794ee183e+185662]
	GetHandleVerifier [0x0x7ff794ee96ff+218111]
	GetHandleVerifier [0x0x7ff794ecfaf4+112628]
	GetHandleVerifier [0x0x7ff794ecfca9+113065]
	GetHandleVerifier [0x0x7ff794eb6c78+10616]
	BaseThreadInitThunk [0x0x7ffc7245e8d7+23]
	RtlUserThreadStart [0x0x7ffc7387c34c+44]
"
like JENNIE,제니 (JENNIE),"실패: Message: no such element: Unable to locate element: {""method"":""css selector"",""selector"":""img.rg_i""}
  (Session info: chrome=138.0.7204.101); For documentation on this error, please visit: https://www.selenium.dev/documentation/webdriver/troubleshooting/errors#nosuchelementexception
Stacktrace:
	GetHandleVerifier [0x0x7ff794ec6f75+76917]
	GetHandleVerifier [0x0x7ff794ec6fd0+77008]
	(No symbol) [0x0x7ff794c79dea]
	(No symbol) [0x0x7ff794cd0256]
	(No symbol) [0x0x7ff794cd050c]
	(No symbol) [0x0x7ff794d23887]
	(No symbol) [0x0x7ff794cf84af]
	(No symbol) [0x0x7ff794d2065c]
	(No symbol) [0x0x7ff794cf8243]
	(No symbol) [0x0x7ff794cc1431]
	(No symbol) [0x0x7ff794cc21c3]
	GetHandleVerifier [0x0x7ff79519d2ad+3051437]
	GetHandleVerifier [0x0x7ff795197903+3028483]
	GetHandleVerifier [0x0x7ff7951b589d+3151261]
	GetHandleVerifier [0x0x7ff794ee183e+185662]
	GetHandleVerifier [0x0x7ff794ee96ff+218111]
	GetHandleVerifier [0x0x7ff794ecfaf4+112628]
	GetHandleVerifier [0x0x7ff794ecfca9+113065]
	GetHandleVerifier [0x0x7ff794eb6c78+10616]
	BaseThreadInitThunk [0x0x7ffc7245e8d7+23]
	RtlUserThreadStart [0x0x7ffc7387c34c+44]
"
Mantra,제니 (JENNIE),"실패: Message: no such element: Unable to locate element: {""method"":""css selector"",""selector"":""img.rg_i""}
  (Session info: chrome=138.0.7204.101); For documentation on this error, please visit: https://www.selenium.dev/documentation/webdriver/troubleshooting/errors#nosuchelementexception
Stacktrace:
	GetHandleVerifier [0x0x7ff794ec6f75+76917]
	GetHandleVerifier [0x0x7ff794ec6fd0+77008]
	(No symbol) [0x0x7ff794c79dea]
	(No symbol) [0x0x7ff794cd0256]
	(No symbol) [0x0x7ff794cd050c]
	(No symbol) [0x0x7ff794d23887]
	(No symbol) [0x0x7ff794cf84af]
	(No symbol) [0x0x7ff794d2065c]
	(No symbol) [0x0x7ff794cf8243]
	(No symbol) [0x0x7ff794cc1431]
	(No symbol) [0x0x7ff794cc21c3]
	GetHandleVerifier [0x0x7ff79519d2ad+3051437]
	GetHandleVerifier [0x0x7ff795197903+3028483]
	GetHandleVerifier [0x0x7ff7951b589d+3151261]
	GetHandleVerifier [0x0x7ff794ee183e+185662]
	GetHandleVerifier [0x0x7ff794ee96ff+218111]
	GetHandleVerifier [0x0x7ff794ecfaf4+112628]
	GetHandleVerifier [0x0x7ff794ecfca9+113065]
	GetHandleVerifier [0x0x7ff794eb6c78+10616]
	BaseThreadInitThunk [0x0x7ffc7245e8d7+23]
	RtlUserThreadStart [0x0x7ffc7387c34c+44]
"
You & Me,제니 (JENNIE),"실패: Message: no such element: Unable to locate element: {""method"":""css selector"",""selector"":""img.rg_i""}
  (Session info: chrome=138.0.7204.101); For documentation on this error, please visit: https://www.selenium.dev/documentation/webdriver/troubleshooting/errors#nosuchelementexception
Stacktrace:
	GetHandleVerifier [0x0x7ff794ec6f75+76917]
	GetHandleVerifier [0x0x7ff794ec6fd0+77008]
	(No symbol) [0x0x7ff794c79dea]
	(No symbol) [0x0x7ff794cd0256]
	(No symbol) [0x0x7ff794cd050c]
	(No symbol) [0x0x7ff794d23887]
	(No symbol) [0x0x7ff794cf84af]
	(No symbol) [0x0x7ff794d2065c]
	(No symbol) [0x0x7ff794cf8243]
	(No symbol) [0x0x7ff794cc1431]
	(No symbol) [0x0x7ff794cc21c3]
	GetHandleVerifier [0x0x7ff79519d2ad+3051437]
	GetHandleVerifier [0x0x7ff795197903+3028483]
	GetHandleVerifier [0x0x7ff7951b589d+3151261]
	GetHandleVerifier [0x0x7ff794ee183e+185662]
	GetHandleVerifier [0x0x7ff794ee96ff+218111]
	GetHandleVerifier [0x0x7ff794ecfaf4+112628]
	GetHandleVerifier [0x0x7ff794ecfca9+113065]
	GetHandleVerifier [0x0x7ff794eb6c78+10616]
	BaseThreadInitThunk [0x0x7ffc7245e8d7+23]
	RtlUserThreadStart [0x0x7ffc7387c34c+44]
"
Love Hangover (feat. Dominic Fike),"제니 (JENNIE), Dominic Fike","실패: Message: no such element: Unable to locate element: {""method"":""css selector"",""selector"":""img.rg_i""}
  (Session info: chrome=138.0.7204.101); For documentation on this error, please visit: https://www.selenium.dev/documentation/webdriver/troubleshooting/errors#nosuchelementexception
Stacktrace:
	GetHandleVerifier [0x0x7ff794ec6f75+76917]
	GetHandleVerifier [0x0x7ff794ec6fd0+77008]
	(No symbol) [0x0x7ff794c79dea]
	(No symbol) [0x0x7ff794cd0256]
	(No symbol) [0x0x7ff794cd050c]
	(No symbol) [0x0x7ff794d23887]
	(No symbol) [0x0x7ff794cf84af]
	(No symbol) [0x0x7ff794d2065c]
	(No symbol) [0x0x7ff794cf8243]
	(No symbol) [0x0x7ff794cc1431]
	(No symbol) [0x0x7ff794cc21c3]
	GetHandleVerifier [0x0x7ff79519d2ad+3051437]
	GetHandleVerifier [0x0x7ff795197903+3028483]
	GetHandleVerifier [0x0x7ff7951b589d+3151261]
	GetHandleVerifier [0x0x7ff794ee183e+185662]
	GetHandleVerifier [0x0x7ff794ee96ff+218111]
	GetHandleVerifier [0x0x7ff794ecfaf4+112628]
	GetHandleVerifier [0x0x7ff794ecfca9+113065]
	GetHandleVerifier [0x0x7ff794eb6c78+10616]
	BaseThreadInitThunk [0x0x7ffc7245e8d7+23]
	RtlUserThreadStart [0x0x7ffc7387c34c+44]
"
모르시나요(PROD.로코베리),조째즈,"실패: Message: no such element: Unable to locate element: {""method"":""css selector"",""selector"":""img.rg_i""}
  (Session info: chrome=138.0.7204.101); For documentation on this error, please visit: https://www.selenium.dev/documentation/webdriver/troubleshooting/errors#nosuchelementexception
Stacktrace:
	GetHandleVerifier [0x0x7ff794ec6f75+76917]
	GetHandleVerifier [0x0x7ff794ec6fd0+77008]
	(No symbol) [0x0x7ff794c79dea]
	(No symbol) [0x0x7ff794cd0256]
	(No symbol) [0x0x7ff794cd050c]
	(No symbol) [0x0x7ff794d23887]
	(No symbol) [0x0x7ff794cf84af]
	(No symbol) [0x0x7ff794d2065c]
	(No symbol) [0x0x7ff794cf8243]
	(No symbol) [0x0x7ff794cc1431]
	(No symbol) [0x0x7ff794cc21c3]
	GetHandleVerifier [0x0x7ff79519d2ad+3051437]
	GetHandleVerifier [0x0x7ff795197903+3028483]
	GetHandleVerifier [0x0x7ff7951b589d+3151261]
	GetHandleVerifier [0x0x7ff794ee183e+185662]
	GetHandleVerifier [0x0x7ff794ee96ff+218111]
	GetHandleVerifier [0x0x7ff794ecfaf4+112628]
	GetHandleVerifier [0x0x7ff794ecfca9+113065]
	GetHandleVerifier [0x0x7ff794eb6c78+10616]
	BaseThreadInitThunk [0x0x7ffc7245e8d7+23]
	RtlUserThreadStart [0x0x7ffc7387c34c+44]
"
earthquake,지수 (JISOO),"실패: Message: no such element: Unable to locate element: {""method"":""css selector"",""selector"":""img.rg_i""}
  (Session info: chrome=138.0.7204.101); For documentation on this error, please visit: https://www.selenium.dev/documentation/webdriver/troubleshooting/errors#nosuchelementexception
Stacktrace:
	GetHandleVerifier [0x0x7ff794ec6f75+76917]
	GetHandleVerifier [0x0x7ff794ec6fd0+77008]
	(No symbol) [0x0x7ff794c79dea]
	(No symbol) [0x0x7ff794cd0256]
	(No symbol) [0x0x7ff794cd050c]
	(No symbol) [0x0x7ff794d23887]
	(No symbol) [0x0x7ff794cf84af]
	(No symbol) [0x0x7ff794d2065c]
	(No symbol) [0x0x7ff794cf8243]
	(No symbol) [0x0x7ff794cc1431]
	(No symbol) [0x0x7ff794cc21c3]
	GetHandleVerifier [0x0x7ff79519d2ad+3051437]
	GetHandleVerifier [0x0x7ff795197903+3028483]
	GetHandleVerifier [0x0x7ff7951b589d+3151261]
	GetHandleVerifier [0x0x7ff794ee183e+185662]
	GetHandleVerifier [0x0x7ff794ee96ff+218111]
	GetHandleVerifier [0x0x7ff794ecfaf4+112628]
	GetHandleVerifier [0x0x7ff794ecfca9+113065]
	GetHandleVerifier [0x0x7ff794eb6c78+10616]
	BaseThreadInitThunk [0x0x7ffc7245e8d7+23]
	RtlUserThreadStart [0x0x7ffc7387c34c+44]
"
사랑..그게 뭔데,지아,"실패: Message: no such element: Unable to locate element: {""method"":""css selector"",""selector"":""img.rg_i""}
  (Session info: chrome=138.0.7204.101); For documentation on this error, please visit: https://www.selenium.dev/documentation/webdriver/troubleshooting/errors#nosuchelementexception
Stacktrace:
	GetHandleVerifier [0x0x7ff794ec6f75+76917]
	GetHandleVerifier [0x0x7ff794ec6fd0+77008]
	(No symbol) [0x0x7ff794c79dea]
	(No symbol) [0x0x7ff794cd0256]
	(No symbol) [0x0x7ff794cd050c]
	(No symbol) [0x0x7ff794d23887]
	(No symbol) [0x0x7ff794cf84af]
	(No symbol) [0x0x7ff794d2065c]
	(No symbol) [0x0x7ff794cf8243]
	(No symbol) [0x0x7ff794cc1431]
	(No symbol) [0x0x7ff794cc21c3]
	GetHandleVerifier [0x0x7ff79519d2ad+3051437]
	GetHandleVerifier [0x0x7ff795197903+3028483]
	GetHandleVerifier [0x0x7ff7951b589d+3151261]
	GetHandleVerifier [0x0x7ff794ee183e+185662]
	GetHandleVerifier [0x0x7ff794ee96ff+218111]
	GetHandleVerifier [0x0x7ff794ecfaf4+112628]
	GetHandleVerifier [0x0x7ff794ecfca9+113065]
	GetHandleVerifier [0x0x7ff794eb6c78+10616]
	BaseThreadInitThunk [0x0x7ffc7245e8d7+23]
	RtlUserThreadStart [0x0x7ffc7387c34c+44]
"
SPOT! (feat. JENNIE),지코 (ZICO),"실패: Message: no such element: Unable to locate element: {""method"":""css selector"",""selector"":""img.rg_i""}
  (Session info: chrome=138.0.7204.101); For documentation on this error, please visit: https://www.selenium.dev/documentation/webdriver/troubleshooting/errors#nosuchelementexception
Stacktrace:
	GetHandleVerifier [0x0x7ff794ec6f75+76917]
	GetHandleVerifier [0x0x7ff794ec6fd0+77008]
	(No symbol) [0x0x7ff794c79dea]
	(No symbol) [0x0x7ff794cd0256]
	(No symbol) [0x0x7ff794cd050c]
	(No symbol) [0x0x7ff794d23887]
	(No symbol) [0x0x7ff794cf84af]
	(No symbol) [0x0x7ff794d2065c]
	(No symbol) [0x0x7ff794cf8243]
	(No symbol) [0x0x7ff794cc1431]
	(No symbol) [0x0x7ff794cc21c3]
	GetHandleVerifier [0x0x7ff79519d2ad+3051437]
	GetHandleVerifier [0x0x7ff795197903+3028483]
	GetHandleVerifier [0x0x7ff7951b589d+3151261]
	GetHandleVerifier [0x0x7ff794ee183e+185662]
	GetHandleVerifier [0x0x7ff794ee96ff+218111]
	GetHandleVerifier [0x0x7ff794ecfaf4+112628]
	GetHandleVerifier [0x0x7ff794ecfca9+113065]
	GetHandleVerifier [0x0x7ff794eb6c78+10616]
	BaseThreadInitThunk [0x0x7ffc7245e8d7+23]
	RtlUserThreadStart [0x0x7ffc7387c34c+44]
"
"밤, 바다",최유리,"실패: Message: no such element: Unable to locate element: {""method"":""css selector"",""selector"":""img.rg_i""}
  (Session info: chrome=138.0.7204.101); For documentation on this error, please visit: https://www.selenium.dev/documentation/webdriver/troubleshooting/errors#nosuchelementexception
Stacktrace:
	GetHandleVerifier [0x0x7ff794ec6f75+76917]
	GetHandleVerifier [0x0x7ff794ec6fd0+77008]
	(No symbol) [0x0x7ff794c79dea]
	(No symbol) [0x0x7ff794cd0256]
	(No symbol) [0x0x7ff794cd050c]
	(No symbol) [0x0x7ff794d23887]
	(No symbol) [0x0x7ff794cf84af]
	(No symbol) [0x0x7ff794d2065c]
	(No symbol) [0x0x7ff794cf8243]
	(No symbol) [0x0x7ff794cc1431]
	(No symbol) [0x0x7ff794cc21c3]
	GetHandleVerifier [0x0x7ff79519d2ad+3051437]
	GetHandleVerifier [0x0x7ff795197903+3028483]
	GetHandleVerifier [0x0x7ff7951b589d+3151261]
	GetHandleVerifier [0x0x7ff794ee183e+185662]
	GetHandleVerifier [0x0x7ff794ee96ff+218111]
	GetHandleVerifier [0x0x7ff794ecfaf4+112628]
	GetHandleVerifier [0x0x7ff794ecfca9+113065]
	GetHandleVerifier [0x0x7ff794eb6c78+10616]
	BaseThreadInitThunk [0x0x7ffc7245e8d7+23]
	RtlUserThreadStart [0x0x7ffc7387c34c+44]
"
숲,최유리,"실패: Message: no such element: Unable to locate element: {""method"":""css selector"",""selector"":""img.rg_i""}
  (Session info: chrome=138.0.7204.101); For documentation on this error, please visit: https://www.selenium.dev/documentation/webdriver/troubleshooting/errors#nosuchelementexception
Stacktrace:
	GetHandleVerifier [0x0x7ff794ec6f75+76917]
	GetHandleVerifier [0x0x7ff794ec6fd0+77008]
	(No symbol) [0x0x7ff794c79dea]
	(No symbol) [0x0x7ff794cd0256]
	(No symbol) [0x0x7ff794cd050c]
	(No symbol) [0x0x7ff794d23887]
	(No symbol) [0x0x7ff794cf84af]
	(No symbol) [0x0x7ff794d2065c]
	(No symbol) [0x0x7ff794cf8243]
	(No symbol) [0x0x7ff794cc1431]
	(No symbol) [0x0x7ff794cc21c3]
	GetHandleVerifier [0x0x7ff79519d2ad+3051437]
	GetHandleVerifier [0x0x7ff795197903+3028483]
	GetHandleVerifier [0x0x7ff7951b589d+3151261]
	GetHandleVerifier [0x0x7ff794ee183e+185662]
	GetHandleVerifier [0x0x7ff794ee96ff+218111]
	GetHandleVerifier [0x0x7ff794ecfaf4+112628]
	GetHandleVerifier [0x0x7ff794ecfca9+113065]
	GetHandleVerifier [0x0x7ff794eb6c78+10616]
	BaseThreadInitThunk [0x0x7ffc7245e8d7+23]
	RtlUserThreadStart [0x0x7ffc7387c34c+44]
"
가까운 듯 먼 그대여,카더가든,"실패: Message: no such element: Unable to locate element: {""method"":""css selector"",""selector"":""img.rg_i""}
  (Session info: chrome=138.0.7204.101); For documentation on this error, please visit: https://www.selenium.dev/documentation/webdriver/troubleshooting/errors#nosuchelementexception
Stacktrace:
	GetHandleVerifier [0x0x7ff794ec6f75+76917]
	GetHandleVerifier [0x0x7ff794ec6fd0+77008]
	(No symbol) [0x0x7ff794c79dea]
	(No symbol) [0x0x7ff794cd0256]
	(No symbol) [0x0x7ff794cd050c]
	(No symbol) [0x0x7ff794d23887]
	(No symbol) [0x0x7ff794cf84af]
	(No symbol) [0x0x7ff794d2065c]
	(No symbol) [0x0x7ff794cf8243]
	(No symbol) [0x0x7ff794cc1431]
	(No symbol) [0x0x7ff794cc21c3]
	GetHandleVerifier [0x0x7ff79519d2ad+3051437]
	GetHandleVerifier [0x0x7ff795197903+3028483]
	GetHandleVerifier [0x0x7ff7951b589d+3151261]
	GetHandleVerifier [0x0x7ff794ee183e+185662]
	GetHandleVerifier [0x0x7ff794ee96ff+218111]
	GetHandleVerifier [0x0x7ff794ecfaf4+112628]
	GetHandleVerifier [0x0x7ff794ecfca9+113065]
	GetHandleVerifier [0x0x7ff794eb6c78+10616]
	BaseThreadInitThunk [0x0x7ffc7245e8d7+23]
	RtlUserThreadStart [0x0x7ffc7387c34c+44]
"
나에게 그대만이,탑현,"실패: Message: no such element: Unable to locate element: {""method"":""css selector"",""selector"":""img.rg_i""}
  (Session info: chrome=138.0.7204.101); For documentation on this error, please visit: https://www.selenium.dev/documentation/webdriver/troubleshooting/errors#nosuchelementexception
Stacktrace:
	GetHandleVerifier [0x0x7ff794ec6f75+76917]
	GetHandleVerifier [0x0x7ff794ec6fd0+77008]
	(No symbol) [0x0x7ff794c79dea]
	(No symbol) [0x0x7ff794cd0256]
	(No symbol) [0x0x7ff794cd050c]
	(No symbol) [0x0x7ff794d23887]
	(No symbol) [0x0x7ff794cf84af]
	(No symbol) [0x0x7ff794d2065c]
	(No symbol) [0x0x7ff794cf8243]
	(No symbol) [0x0x7ff794cc1431]
	(No symbol) [0x0x7ff794cc21c3]
	GetHandleVerifier [0x0x7ff79519d2ad+3051437]
	GetHandleVerifier [0x0x7ff795197903+3028483]
	GetHandleVerifier [0x0x7ff7951b589d+3151261]
	GetHandleVerifier [0x0x7ff794ee183e+185662]
	GetHandleVerifier [0x0x7ff794ee96ff+218111]
	GetHandleVerifier [0x0x7ff794ecfaf4+112628]
	GetHandleVerifier [0x0x7ff794ecfca9+113065]
	GetHandleVerifier [0x0x7ff794eb6c78+10616]
	BaseThreadInitThunk [0x0x7ffc7245e8d7+23]
	RtlUserThreadStart [0x0x7ffc7387c34c+44]
"
Letter To Myself,태연 (TAEYEON),"실패: Message: no such element: Unable to locate element: {""method"":""css selector"",""selector"":""img.rg_i""}
  (Session info: chrome=138.0.7204.101); For documentation on this error, please visit: https://www.selenium.dev/documentation/webdriver/troubleshooting/errors#nosuchelementexception
Stacktrace:
	GetHandleVerifier [0x0x7ff794ec6f75+76917]
	GetHandleVerifier [0x0x7ff794ec6fd0+77008]
	(No symbol) [0x0x7ff794c79dea]
	(No symbol) [0x0x7ff794cd0256]
	(No symbol) [0x0x7ff794cd050c]
	(No symbol) [0x0x7ff794d23887]
	(No symbol) [0x0x7ff794cf84af]
	(No symbol) [0x0x7ff794d2065c]
	(No symbol) [0x0x7ff794cf8243]
	(No symbol) [0x0x7ff794cc1431]
	(No symbol) [0x0x7ff794cc21c3]
	GetHandleVerifier [0x0x7ff79519d2ad+3051437]
	GetHandleVerifier [0x0x7ff795197903+3028483]
	GetHandleVerifier [0x0x7ff7951b589d+3151261]
	GetHandleVerifier [0x0x7ff794ee183e+185662]
	GetHandleVerifier [0x0x7ff794ee96ff+218111]
	GetHandleVerifier [0x0x7ff794ecfaf4+112628]
	GetHandleVerifier [0x0x7ff794ecfca9+113065]
	GetHandleVerifier [0x0x7ff794eb6c78+10616]
	BaseThreadInitThunk [0x0x7ffc7245e8d7+23]
	RtlUserThreadStart [0x0x7ffc7387c34c+44]
"
To. X,태연 (TAEYEON),"실패: Message: no such element: Unable to locate element: {""method"":""css selector"",""selector"":""img.rg_i""}
  (Session info: chrome=138.0.7204.101); For documentation on this error, please visit: https://www.selenium.dev/documentation/webdriver/troubleshooting/errors#nosuchelementexception
Stacktrace:
	GetHandleVerifier [0x0x7ff794ec6f75+76917]
	GetHandleVerifier [0x0x7ff794ec6fd0+77008]
	(No symbol) [0x0x7ff794c79dea]
	(No symbol) [0x0x7ff794cd0256]
	(No symbol) [0x0x7ff794cd050c]
	(No symbol) [0x0x7ff794d23887]
	(No symbol) [0x0x7ff794cf84af]
	(No symbol) [0x0x7ff794d2065c]
	(No symbol) [0x0x7ff794cf8243]
	(No symbol) [0x0x7ff794cc1431]
	(No symbol) [0x0x7ff794cc21c3]
	GetHandleVerifier [0x0x7ff79519d2ad+3051437]
	GetHandleVerifier [0x0x7ff795197903+3028483]
	GetHandleVerifier [0x0x7ff7951b589d+3151261]
	GetHandleVerifier [0x0x7ff794ee183e+185662]
	GetHandleVerifier [0x0x7ff794ee96ff+218111]
	GetHandleVerifier [0x0x7ff794ecfaf4+112628]
	GetHandleVerifier [0x0x7ff794ecfca9+113065]
	GetHandleVerifier [0x0x7ff794eb6c78+10616]
	BaseThreadInitThunk [0x0x7ffc7245e8d7+23]
	RtlUserThreadStart [0x0x7ffc7387c34c+44]
"
꿈,태연 (TAEYEON),"실패: Message: no such element: Unable to locate element: {""method"":""css selector"",""selector"":""img.rg_i""}
  (Session info: chrome=138.0.7204.101); For documentation on this error, please visit: https://www.selenium.dev/documentation/webdriver/troubleshooting/errors#nosuchelementexception
Stacktrace:
	GetHandleVerifier [0x0x7ff794ec6f75+76917]
	GetHandleVerifier [0x0x7ff794ec6fd0+77008]
	(No symbol) [0x0x7ff794c79dea]
	(No symbol) [0x0x7ff794cd0256]
	(No symbol) [0x0x7ff794cd050c]
	(No symbol) [0x0x7ff794d23887]
	(No symbol) [0x0x7ff794cf84af]
	(No symbol) [0x0x7ff794d2065c]
	(No symbol) [0x0x7ff794cf8243]
	(No symbol) [0x0x7ff794cc1431]
	(No symbol) [0x0x7ff794cc21c3]
	GetHandleVerifier [0x0x7ff79519d2ad+3051437]
	GetHandleVerifier [0x0x7ff795197903+3028483]
	GetHandleVerifier [0x0x7ff7951b589d+3151261]
	GetHandleVerifier [0x0x7ff794ee183e+185662]
	GetHandleVerifier [0x0x7ff794ee96ff+218111]
	GetHandleVerifier [0x0x7ff794ecfaf4+112628]
	GetHandleVerifier [0x0x7ff794ecfca9+113065]
	GetHandleVerifier [0x0x7ff794eb6c78+10616]
	BaseThreadInitThunk [0x0x7ffc7245e8d7+23]
	RtlUserThreadStart [0x0x7ffc7387c34c+44]
"
Deja Vu,투모로우바이투게더,"실패: Message: no such element: Unable to locate element: {""method"":""css selector"",""selector"":""img.rg_i""}
  (Session info: chrome=138.0.7204.101); For documentation on this error, please visit: https://www.selenium.dev/documentation/webdriver/troubleshooting/errors#nosuchelementexception
Stacktrace:
	GetHandleVerifier [0x0x7ff794ec6f75+76917]
	GetHandleVerifier [0x0x7ff794ec6fd0+77008]
	(No symbol) [0x0x7ff794c79dea]
	(No symbol) [0x0x7ff794cd0256]
	(No symbol) [0x0x7ff794cd050c]
	(No symbol) [0x0x7ff794d23887]
	(No symbol) [0x0x7ff794cf84af]
	(No symbol) [0x0x7ff794d2065c]
	(No symbol) [0x0x7ff794cf8243]
	(No symbol) [0x0x7ff794cc1431]
	(No symbol) [0x0x7ff794cc21c3]
	GetHandleVerifier [0x0x7ff79519d2ad+3051437]
	GetHandleVerifier [0x0x7ff795197903+3028483]
	GetHandleVerifier [0x0x7ff7951b589d+3151261]
	GetHandleVerifier [0x0x7ff794ee183e+185662]
	GetHandleVerifier [0x0x7ff794ee96ff+218111]
	GetHandleVerifier [0x0x7ff794ecfaf4+112628]
	GetHandleVerifier [0x0x7ff794ecfca9+113065]
	GetHandleVerifier [0x0x7ff794eb6c78+10616]
	BaseThreadInitThunk [0x0x7ffc7245e8d7+23]
	RtlUserThreadStart [0x0x7ffc7387c34c+44]
"
그날이 오면,투모로우바이투게더,"실패: Message: no such element: Unable to locate element: {""method"":""css selector"",""selector"":""img.rg_i""}
  (Session info: chrome=138.0.7204.101); For documentation on this error, please visit: https://www.selenium.dev/documentation/webdriver/troubleshooting/errors#nosuchelementexception
Stacktrace:
	GetHandleVerifier [0x0x7ff794ec6f75+76917]
	GetHandleVerifier [0x0x7ff794ec6fd0+77008]
	(No symbol) [0x0x7ff794c79dea]
	(No symbol) [0x0x7ff794cd0256]
	(No symbol) [0x0x7ff794cd050c]
	(No symbol) [0x0x7ff794d23887]
	(No symbol) [0x0x7ff794cf84af]
	(No symbol) [0x0x7ff794d2065c]
	(No symbol) [0x0x7ff794cf8243]
	(No symbol) [0x0x7ff794cc1431]
	(No symbol) [0x0x7ff794cc21c3]
	GetHandleVerifier [0x0x7ff79519d2ad+3051437]
	GetHandleVerifier [0x0x7ff795197903+3028483]
	GetHandleVerifier [0x0x7ff7951b589d+3151261]
	GetHandleVerifier [0x0x7ff794ee183e+185662]
	GetHandleVerifier [0x0x7ff794ee96ff+218111]
	GetHandleVerifier [0x0x7ff794ecfaf4+112628]
	GetHandleVerifier [0x0x7ff794ecfca9+113065]
	GetHandleVerifier [0x0x7ff794eb6c78+10616]
	BaseThreadInitThunk [0x0x7ffc7245e8d7+23]
	RtlUserThreadStart [0x0x7ffc7387c34c+44]
"
"모든 날, 모든 순간 (Every day, Every Moment)",폴킴,"실패: Message: no such element: Unable to locate element: {""method"":""css selector"",""selector"":""img.rg_i""}
  (Session info: chrome=138.0.7204.101); For documentation on this error, please visit: https://www.selenium.dev/documentation/webdriver/troubleshooting/errors#nosuchelementexception
Stacktrace:
	GetHandleVerifier [0x0x7ff794ec6f75+76917]
	GetHandleVerifier [0x0x7ff794ec6fd0+77008]
	(No symbol) [0x0x7ff794c79dea]
	(No symbol) [0x0x7ff794cd0256]
	(No symbol) [0x0x7ff794cd050c]
	(No symbol) [0x0x7ff794d23887]
	(No symbol) [0x0x7ff794cf84af]
	(No symbol) [0x0x7ff794d2065c]
	(No symbol) [0x0x7ff794cf8243]
	(No symbol) [0x0x7ff794cc1431]
	(No symbol) [0x0x7ff794cc21c3]
	GetHandleVerifier [0x0x7ff79519d2ad+3051437]
	GetHandleVerifier [0x0x7ff795197903+3028483]
	GetHandleVerifier [0x0x7ff7951b589d+3151261]
	GetHandleVerifier [0x0x7ff794ee183e+185662]
	GetHandleVerifier [0x0x7ff794ee96ff+218111]
	GetHandleVerifier [0x0x7ff794ecfaf4+112628]
	GetHandleVerifier [0x0x7ff794ecfca9+113065]
	GetHandleVerifier [0x0x7ff794eb6c78+10616]
	BaseThreadInitThunk [0x0x7ffc7245e8d7+23]
	RtlUserThreadStart [0x0x7ffc7387c34c+44]
"
좋아해요,폴킴,"실패: Message: no such element: Unable to locate element: {""method"":""css selector"",""selector"":""img.rg_i""}
  (Session info: chrome=138.0.7204.101); For documentation on this error, please visit: https://www.selenium.dev/documentation/webdriver/troubleshooting/errors#nosuchelementexception
Stacktrace:
	GetHandleVerifier [0x0x7ff794ec6f75+76917]
	GetHandleVerifier [0x0x7ff794ec6fd0+77008]
	(No symbol) [0x0x7ff794c79dea]
	(No symbol) [0x0x7ff794cd0256]
	(No symbol) [0x0x7ff794cd050c]
	(No symbol) [0x0x7ff794d23887]
	(No symbol) [0x0x7ff794cf84af]
	(No symbol) [0x0x7ff794d2065c]
	(No symbol) [0x0x7ff794cf8243]
	(No symbol) [0x0x7ff794cc1431]
	(No symbol) [0x0x7ff794cc21c3]
	GetHandleVerifier [0x0x7ff79519d2ad+3051437]
	GetHandleVerifier [0x0x7ff795197903+3028483]
	GetHandleVerifier [0x0x7ff7951b589d+3151261]
	GetHandleVerifier [0x0x7ff794ee183e+185662]
	GetHandleVerifier [0x0x7ff794ee96ff+218111]
	GetHandleVerifier [0x0x7ff794ecfaf4+112628]
	GetHandleVerifier [0x0x7ff794ecfca9+113065]
	GetHandleVerifier [0x0x7ff794eb6c78+10616]
	BaseThreadInitThunk [0x0x7ffc7245e8d7+23]
	RtlUserThreadStart [0x0x7ffc7387c34c+44]
"
화이트 (White),폴킴,"실패: Message: no such element: Unable to locate element: {""method"":""css selector"",""selector"":""img.rg_i""}
  (Session info: chrome=138.0.7204.101); For documentation on this error, please visit: https://www.selenium.dev/documentation/webdriver/troubleshooting/errors#nosuchelementexception
Stacktrace:
	GetHandleVerifier [0x0x7ff794ec6f75+76917]
	GetHandleVerifier [0x0x7ff794ec6fd0+77008]
	(No symbol) [0x0x7ff794c79dea]
	(No symbol) [0x0x7ff794cd0256]
	(No symbol) [0x0x7ff794cd050c]
	(No symbol) [0x0x7ff794d23887]
	(No symbol) [0x0x7ff794cf84af]
	(No symbol) [0x0x7ff794d2065c]
	(No symbol) [0x0x7ff794cf8243]
	(No symbol) [0x0x7ff794cc1431]
	(No symbol) [0x0x7ff794cc21c3]
	GetHandleVerifier [0x0x7ff79519d2ad+3051437]
	GetHandleVerifier [0x0x7ff795197903+3028483]
	GetHandleVerifier [0x0x7ff7951b589d+3151261]
	GetHandleVerifier [0x0x7ff794ee183e+185662]
	GetHandleVerifier [0x0x7ff794ee96ff+218111]
	GetHandleVerifier [0x0x7ff794ecfaf4+112628]
	GetHandleVerifier [0x0x7ff794ecfca9+113065]
	GetHandleVerifier [0x0x7ff794eb6c78+10616]
	BaseThreadInitThunk [0x0x7ffc7245e8d7+23]
	RtlUserThreadStart [0x0x7ffc7387c34c+44]
"
Supersonic,프로미스나인,"실패: Message: no such element: Unable to locate element: {""method"":""css selector"",""selector"":""img.rg_i""}
  (Session info: chrome=138.0.7204.101); For documentation on this error, please visit: https://www.selenium.dev/documentation/webdriver/troubleshooting/errors#nosuchelementexception
Stacktrace:
	GetHandleVerifier [0x0x7ff794ec6f75+76917]
	GetHandleVerifier [0x0x7ff794ec6fd0+77008]
	(No symbol) [0x0x7ff794c79dea]
	(No symbol) [0x0x7ff794cd0256]
	(No symbol) [0x0x7ff794cd050c]
	(No symbol) [0x0x7ff794d23887]
	(No symbol) [0x0x7ff794cf84af]
	(No symbol) [0x0x7ff794d2065c]
	(No symbol) [0x0x7ff794cf8243]
	(No symbol) [0x0x7ff794cc1431]
	(No symbol) [0x0x7ff794cc21c3]
	GetHandleVerifier [0x0x7ff79519d2ad+3051437]
	GetHandleVerifier [0x0x7ff795197903+3028483]
	GetHandleVerifier [0x0x7ff7951b589d+3151261]
	GetHandleVerifier [0x0x7ff794ee183e+185662]
	GetHandleVerifier [0x0x7ff794ee96ff+218111]
	GetHandleVerifier [0x0x7ff794ecfaf4+112628]
	GetHandleVerifier [0x0x7ff794ecfca9+113065]
	GetHandleVerifier [0x0x7ff794eb6c78+10616]
	BaseThreadInitThunk [0x0x7ffc7245e8d7+23]
	RtlUserThreadStart [0x0x7ffc7387c34c+44]
"
내가 그댈,하동균,"실패: Message: no such element: Unable to locate element: {""method"":""css selector"",""selector"":""img.rg_i""}
  (Session info: chrome=138.0.7204.101); For documentation on this error, please visit: https://www.selenium.dev/documentation/webdriver/troubleshooting/errors#nosuchelementexception
Stacktrace:
	GetHandleVerifier [0x0x7ff794ec6f75+76917]
	GetHandleVerifier [0x0x7ff794ec6fd0+77008]
	(No symbol) [0x0x7ff794c79dea]
	(No symbol) [0x0x7ff794cd0256]
	(No symbol) [0x0x7ff794cd050c]
	(No symbol) [0x0x7ff794d23887]
	(No symbol) [0x0x7ff794cf84af]
	(No symbol) [0x0x7ff794d2065c]
	(No symbol) [0x0x7ff794cf8243]
	(No symbol) [0x0x7ff794cc1431]
	(No symbol) [0x0x7ff794cc21c3]
	GetHandleVerifier [0x0x7ff79519d2ad+3051437]
	GetHandleVerifier [0x0x7ff795197903+3028483]
	GetHandleVerifier [0x0x7ff7951b589d+3151261]
	GetHandleVerifier [0x0x7ff794ee183e+185662]
	GetHandleVerifier [0x0x7ff794ee96ff+218111]
	GetHandleVerifier [0x0x7ff794ecfaf4+112628]
	GetHandleVerifier [0x0x7ff794ecfca9+113065]
	GetHandleVerifier [0x0x7ff794eb6c78+10616]
	BaseThreadInitThunk [0x0x7ffc7245e8d7+23]
	RtlUserThreadStart [0x0x7ffc7387c34c+44]
"
물론,허각,"실패: Message: no such element: Unable to locate element: {""method"":""css selector"",""selector"":""img.rg_i""}
  (Session info: chrome=138.0.7204.101); For documentation on this error, please visit: https://www.selenium.dev/documentation/webdriver/troubleshooting/errors#nosuchelementexception
Stacktrace:
	GetHandleVerifier [0x0x7ff794ec6f75+76917]
	GetHandleVerifier [0x0x7ff794ec6fd0+77008]
	(No symbol) [0x0x7ff794c79dea]
	(No symbol) [0x0x7ff794cd0256]
	(No symbol) [0x0x7ff794cd050c]
	(No symbol) [0x0x7ff794d23887]
	(No symbol) [0x0x7ff794cf84af]
	(No symbol) [0x0x7ff794d2065c]
	(No symbol) [0x0x7ff794cf8243]
	(No symbol) [0x0x7ff794cc1431]
	(No symbol) [0x0x7ff794cc21c3]
	GetHandleVerifier [0x0x7ff79519d2ad+3051437]
	GetHandleVerifier [0x0x7ff795197903+3028483]
	GetHandleVerifier [0x0x7ff7951b589d+3151261]
	GetHandleVerifier [0x0x7ff794ee183e+185662]
	GetHandleVerifier [0x0x7ff794ee96ff+218111]
	GetHandleVerifier [0x0x7ff794ecfaf4+112628]
	GetHandleVerifier [0x0x7ff794ecfca9+113065]
	GetHandleVerifier [0x0x7ff794eb6c78+10616]
	BaseThreadInitThunk [0x0x7ffc7245e8d7+23]
	RtlUserThreadStart [0x0x7ffc7387c34c+44]
"
오래된 노래,"허각, 임한별, 이무진, 이진성 (먼데이 키즈), 김희재, #안녕","실패: Message: no such element: Unable to locate element: {""method"":""css selector"",""selector"":""img.rg_i""}
  (Session info: chrome=138.0.7204.101); For documentation on this error, please visit: https://www.selenium.dev/documentation/webdriver/troubleshooting/errors#nosuchelementexception
Stacktrace:
	GetHandleVerifier [0x0x7ff794ec6f75+76917]
	GetHandleVerifier [0x0x7ff794ec6fd0+77008]
	(No symbol) [0x0x7ff794c79dea]
	(No symbol) [0x0x7ff794cd0256]
	(No symbol) [0x0x7ff794cd050c]
	(No symbol) [0x0x7ff794d23887]
	(No symbol) [0x0x7ff794cf84af]
	(No symbol) [0x0x7ff794d2065c]
	(No symbol) [0x0x7ff794cf8243]
	(No symbol) [0x0x7ff794cc1431]
	(No symbol) [0x0x7ff794cc21c3]
	GetHandleVerifier [0x0x7ff79519d2ad+3051437]
	GetHandleVerifier [0x0x7ff795197903+3028483]
	GetHandleVerifier [0x0x7ff7951b589d+3151261]
	GetHandleVerifier [0x0x7ff794ee183e+185662]
	GetHandleVerifier [0x0x7ff794ee96ff+218111]
	GetHandleVerifier [0x0x7ff794ecfaf4+112628]
	GetHandleVerifier [0x0x7ff794ecfca9+113065]
	GetHandleVerifier [0x0x7ff794eb6c78+10616]
	BaseThreadInitThunk [0x0x7ffc7245e8d7+23]
	RtlUserThreadStart [0x0x7ffc7387c34c+44]
"
멈춰줘,헤이즈 (Heize),"실패: Message: no such element: Unable to locate element: {""method"":""css selector"",""selector"":""img.rg_i""}
  (Session info: chrome=138.0.7204.101); For documentation on this error, please visit: https://www.selenium.dev/documentation/webdriver/troubleshooting/errors#nosuchelementexception
Stacktrace:
	GetHandleVerifier [0x0x7ff794ec6f75+76917]
	GetHandleVerifier [0x0x7ff794ec6fd0+77008]
	(No symbol) [0x0x7ff794c79dea]
	(No symbol) [0x0x7ff794cd0256]
	(No symbol) [0x0x7ff794cd050c]
	(No symbol) [0x0x7ff794d23887]
	(No symbol) [0x0x7ff794cf84af]
	(No symbol) [0x0x7ff794d2065c]
	(No symbol) [0x0x7ff794cf8243]
	(No symbol) [0x0x7ff794cc1431]
	(No symbol) [0x0x7ff794cc21c3]
	GetHandleVerifier [0x0x7ff79519d2ad+3051437]
	GetHandleVerifier [0x0x7ff795197903+3028483]
	GetHandleVerifier [0x0x7ff7951b589d+3151261]
	GetHandleVerifier [0x0x7ff794ee183e+185662]
	GetHandleVerifier [0x0x7ff794ee96ff+218111]
	GetHandleVerifier [0x0x7ff794ecfaf4+112628]
	GetHandleVerifier [0x0x7ff794ecfca9+113065]
	GetHandleVerifier [0x0x7ff794eb6c78+10616]
	BaseThreadInitThunk [0x0x7ffc7245e8d7+23]
	RtlUserThreadStart [0x0x7ffc7387c34c+44]
"
춘몽,현서 (HYUN SEO),"실패: Message: no such element: Unable to locate element: {""method"":""css selector"",""selector"":""img.rg_i""}
  (Session info: chrome=138.0.7204.101); For documentation on this error, please visit: https://www.selenium.dev/documentation/webdriver/troubleshooting/errors#nosuchelementexception
Stacktrace:
	GetHandleVerifier [0x0x7ff794ec6f75+76917]
	GetHandleVerifier [0x0x7ff794ec6fd0+77008]
	(No symbol) [0x0x7ff794c79dea]
	(No symbol) [0x0x7ff794cd0256]
	(No symbol) [0x0x7ff794cd050c]
	(No symbol) [0x0x7ff794d23887]
	(No symbol) [0x0x7ff794cf84af]
	(No symbol) [0x0x7ff794d2065c]
	(No symbol) [0x0x7ff794cf8243]
	(No symbol) [0x0x7ff794cc1431]
	(No symbol) [0x0x7ff794cc21c3]
	GetHandleVerifier [0x0x7ff79519d2ad+3051437]
	GetHandleVerifier [0x0x7ff795197903+3028483]
	GetHandleVerifier [0x0x7ff7951b589d+3151261]
	GetHandleVerifier [0x0x7ff794ee183e+185662]
	GetHandleVerifier [0x0x7ff794ee96ff+218111]
	GetHandleVerifier [0x0x7ff794ecfaf4+112628]
	GetHandleVerifier [0x0x7ff794ecfca9+113065]
	GetHandleVerifier [0x0x7ff794eb6c78+10616]
	BaseThreadInitThunk [0x0x7ffc7245e8d7+23]
	RtlUserThreadStart [0x0x7ffc7387c34c+44]
"
기억해줘요 내 모든 날과 그때를,화곡동 청개구리,"실패: Message: no such element: Unable to locate element: {""method"":""css selector"",""selector"":""img.rg_i""}
  (Session info: chrome=138.0.7204.101); For documentation on this error, please visit: https://www.selenium.dev/documentation/webdriver/troubleshooting/errors#nosuchelementexception
Stacktrace:
	GetHandleVerifier [0x0x7ff794ec6f75+76917]
	GetHandleVerifier [0x0x7ff794ec6fd0+77008]
	(No symbol) [0x0x7ff794c79dea]
	(No symbol) [0x0x7ff794cd0256]
	(No symbol) [0x0x7ff794cd050c]
	(No symbol) [0x0x7ff794d23887]
	(No symbol) [0x0x7ff794cf84af]
	(No symbol) [0x0x7ff794d2065c]
	(No symbol) [0x0x7ff794cf8243]
	(No symbol) [0x0x7ff794cc1431]
	(No symbol) [0x0x7ff794cc21c3]
	GetHandleVerifier [0x0x7ff79519d2ad+3051437]
	GetHandleVerifier [0x0x7ff795197903+3028483]
	GetHandleVerifier [0x0x7ff7951b589d+3151261]
	GetHandleVerifier [0x0x7ff794ee183e+185662]
	GetHandleVerifier [0x0x7ff794ee96ff+218111]
	GetHandleVerifier [0x0x7ff794ecfaf4+112628]
	GetHandleVerifier [0x0x7ff794ecfca9+113065]
	GetHandleVerifier [0x0x7ff794eb6c78+10616]
	BaseThreadInitThunk [0x0x7ffc7245e8d7+23]
	RtlUserThreadStart [0x0x7ffc7387c34c+44]
"
I Love My Body,화사 (HWASA),"실패: Message: no such element: Unable to locate element: {""method"":""css selector"",""selector"":""img.rg_i""}
  (Session info: chrome=138.0.7204.101); For documentation on this error, please visit: https://www.selenium.dev/documentation/webdriver/troubleshooting/errors#nosuchelementexception
Stacktrace:
	GetHandleVerifier [0x0x7ff794ec6f75+76917]
	GetHandleVerifier [0x0x7ff794ec6fd0+77008]
	(No symbol) [0x0x7ff794c79dea]
	(No symbol) [0x0x7ff794cd0256]
	(No symbol) [0x0x7ff794cd050c]
	(No symbol) [0x0x7ff794d23887]
	(No symbol) [0x0x7ff794cf84af]
	(No symbol) [0x0x7ff794d2065c]
	(No symbol) [0x0x7ff794cf8243]
	(No symbol) [0x0x7ff794cc1431]
	(No symbol) [0x0x7ff794cc21c3]
	GetHandleVerifier [0x0x7ff79519d2ad+3051437]
	GetHandleVerifier [0x0x7ff795197903+3028483]
	GetHandleVerifier [0x0x7ff7951b589d+3151261]
	GetHandleVerifier [0x0x7ff794ee183e+185662]
	GetHandleVerifier [0x0x7ff794ee96ff+218111]
	GetHandleVerifier [0x0x7ff794ecfaf4+112628]
	GetHandleVerifier [0x0x7ff794ecfca9+113065]
	GetHandleVerifier [0x0x7ff794eb6c78+10616]
	BaseThreadInitThunk [0x0x7ffc7245e8d7+23]
	RtlUserThreadStart [0x0x7ffc7387c34c+44]
"
나는 반딧불,황가람,"실패: Message: no such element: Unable to locate element: {""method"":""css selector"",""selector"":""img.rg_i""}
  (Session info: chrome=138.0.7204.101); For documentation on this error, please visit: https://www.selenium.dev/documentation/webdriver/troubleshooting/errors#nosuchelementexception
Stacktrace:
	GetHandleVerifier [0x0x7ff794ec6f75+76917]
	GetHandleVerifier [0x0x7ff794ec6fd0+77008]
	(No symbol) [0x0x7ff794c79dea]
	(No symbol) [0x0x7ff794cd0256]
	(No symbol) [0x0x7ff794cd050c]
	(No symbol) [0x0x7ff794d23887]
	(No symbol) [0x0x7ff794cf84af]
	(No symbol) [0x0x7ff794d2065c]
	(No symbol) [0x0x7ff794cf8243]
	(No symbol) [0x0x7ff794cc1431]
	(No symbol) [0x0x7ff794cc21c3]
	GetHandleVerifier [0x0x7ff79519d2ad+3051437]
	GetHandleVerifier [0x0x7ff795197903+3028483]
	GetHandleVerifier [0x0x7ff7951b589d+3151261]
	GetHandleVerifier [0x0x7ff794ee183e+185662]
	GetHandleVerifier [0x0x7ff794ee96ff+218111]
	GetHandleVerifier [0x0x7ff794ecfaf4+112628]
	GetHandleVerifier [0x0x7ff794ecfca9+113065]
	GetHandleVerifier [0x0x7ff794eb6c78+10616]
	BaseThreadInitThunk [0x0x7ffc7245e8d7+23]
	RtlUserThreadStart [0x0x7ffc7387c34c+44]
"
미치게 그리워서,황가람,"실패: Message: no such element: Unable to locate element: {""method"":""css selector"",""selector"":""img.rg_i""}
  (Session info: chrome=138.0.7204.101); For documentation on this error, please visit: https://www.selenium.dev/documentation/webdriver/troubleshooting/errors#nosuchelementexception
Stacktrace:
	GetHandleVerifier [0x0x7ff794ec6f75+76917]
	GetHandleVerifier [0x0x7ff794ec6fd0+77008]
	(No symbol) [0x0x7ff794c79dea]
	(No symbol) [0x0x7ff794cd0256]
	(No symbol) [0x0x7ff794cd050c]
	(No symbol) [0x0x7ff794d23887]
	(No symbol) [0x0x7ff794cf84af]
	(No symbol) [0x0x7ff794d2065c]
	(No symbol) [0x0x7ff794cf8243]
	(No symbol) [0x0x7ff794cc1431]
	(No symbol) [0x0x7ff794cc21c3]
	GetHandleVerifier [0x0x7ff79519d2ad+3051437]
	GetHandleVerifier [0x0x7ff795197903+3028483]
	GetHandleVerifier [0x0x7ff7951b589d+3151261]
	GetHandleVerifier [0x0x7ff794ee183e+185662]
	GetHandleVerifier [0x0x7ff794ee96ff+218111]
	GetHandleVerifier [0x0x7ff794ecfaf4+112628]
	GetHandleVerifier [0x0x7ff794ecfca9+113065]
	GetHandleVerifier [0x0x7ff794eb6c78+10616]
	BaseThreadInitThunk [0x0x7ffc7245e8d7+23]
	RtlUserThreadStart [0x0x7ffc7387c34c+44]
"
플러팅,황인욱,"실패: Message: no such element: Unable to locate element: {""method"":""css selector"",""selector"":""img.rg_i""}
  (Session info: chrome=138.0.7204.101); For documentation on this error, please visit: https://www.selenium.dev/documentation/webdriver/troubleshooting/errors#nosuchelementexception
Stacktrace:
	GetHandleVerifier [0x0x7ff794ec6f75+76917]
	GetHandleVerifier [0x0x7ff794ec6fd0+77008]
	(No symbol) [0x0x7ff794c79dea]
	(No symbol) [0x0x7ff794cd0256]
	(No symbol) [0x0x7ff794cd050c]
	(No symbol) [0x0x7ff794d23887]
	(No symbol) [0x0x7ff794cf84af]
	(No symbol) [0x0x7ff794d2065c]
	(No symbol) [0x0x7ff794cf8243]
	(No symbol) [0x0x7ff794cc1431]
	(No symbol) [0x0x7ff794cc21c3]
	GetHandleVerifier [0x0x7ff79519d2ad+3051437]
	GetHandleVerifier [0x0x7ff795197903+3028483]
	GetHandleVerifier [0x0x7ff7951b589d+3151261]
	GetHandleVerifier [0x0x7ff794ee183e+185662]
	GetHandleVerifier [0x0x7ff794ee96ff+218111]
	GetHandleVerifier [0x0x7ff794ecfaf4+112628]
	GetHandleVerifier [0x0x7ff794ecfca9+113065]
	GetHandleVerifier [0x0x7ff794eb6c78+10616]
	BaseThreadInitThunk [0x0x7ffc7245e8d7+23]
	RtlUserThreadStart [0x0x7ffc7387c34c+44]
"
