노래제목,가수,가사,앨범커버,발매일
너에게 닿기를,10CM,"따사로운 햇살 속에서
종소리가 울려 퍼지네
뺨을 매만지는 바람
한숨만은 깊어져만 가고
저 멀리서 핑 도는 눈물
이름을 붙여준 내일
포개어지는 미래 빛 라인
천진난만한 이런 기분도
신이 나서 날아갈 정도로 웃었던 날도
사랑스럽고 소중하게 키울 수 있도록
어렵고 힘들었던 시간을 넘어서
아주 많은 처음을 주었잖아
이어져 가서는 닿기를
천진난만한 이런 기분도
신이 나서 날아갈 정도로 웃었던 날도
사랑스럽고 소중하게 키울 수 있도록
어렵고 힘들었던 시간을 넘어서
아주 많은 처음을 주었잖아
이어져 가서는
천진난만한 이런 기분도
신이 나서 날아갈 정도로 웃었던 날도
사랑스럽고 소중하게 키울 수 있도록
어렵고 힘들었던 시간을 넘어서
아주 많은 처음을 주었잖아
이어져 가서는
이어져 가서는 닿기를",https://ai-vocal-training.s3.ap-northeast-2.amazonaws.com/album_cover/10CM_너에게 닿기를.jpg,2025.03.06
Drowning,WOODZ,"미치도록 사랑했던
지겹도록 다투었던
네가 먼저 떠나고
여긴 온종일 비가 왔어
금세 턱 끝까지 차올랐고
숨이 막혀와
내 맘이란 추는 나를 더
깊게 더 깊게 붙잡아
Oh I’m drowning
It’s raining all day
I can't breathe
Oh oh I’m drowning
Oh I’m drowning
Oh I’m drowning
Oh I’m drowning
You’re taking my life from me
다 알면서 눈 감은 넌 왜
다정한 말로 나를 죽여놓고
날 누이고 너는 떠나갔지
You cut me bad,
I’m still waiting for you
너 떠나고 이곳은 잠겨 눈물로
날 너무 사랑했던 넌
어디로 흩어졌는지
내 맘이란 추는 나를 더
깊게 더 깊게 붙잡아
Oh I’m drowning
It’s raining all day
I can't breathe
Oh oh I’m drowning
Oh I’m drowning
Oh I’m drowning
Oh I’m drowning
You’re taking my life from me
더 깊이 빠져 죽어도 되니까
다시 한번만 돌아와 줄래
더 깊이 빠져 죽어도 되니까
다시 한번만
Oh I’m drowning
It’s raining all day
I can't breathe
Oh oh I’m drowning
Oh I’m drowning
Oh I’m drowning
Oh I’m drowning
You’re taking my life from me",https://ai-vocal-training.s3.ap-northeast-2.amazonaws.com/album_cover/WOODZ_Drowning.jpg,2023.04.26
Never Ending Story,아이유,"손 닿을 수 없는 저기 어딘가
오늘도 난 숨 쉬고 있지만
너와 머물던 작은 의자 위에
같은 모습의 바람이 지나네

너는 떠나며 마치 날 떠나가듯이
멀리 손을 흔들며
언젠가 추억에 남겨져 갈 거라고

그리워하면 언젠가 만나게 되는
어느 영화와 같은 일들이 이뤄져 가기를
힘겨워 한 날에 너를 지킬 수 없었던
아름다운 시절 속에 머문 그대이기에 

너는 떠나며 마치 날 떠나가듯이
멀리 손을 흔들며
언젠가 추억에 남겨져 갈 거라고

그리워하면 언젠가 만나게 되는
어느 영화와 같은 일들이 이뤄져 가기를
힘겨워 한 날에 너를 지킬 수 없었던
아름다운 시절 속에 머문 그대여

그리워하면 언젠가 만나게 되는
어느 영화와 같은 일들이 이뤄져 가기를
힘겨워 한 날에 너를 지킬 수 없었던
아름다운 시절 속에 머문 그대이기에",https://ai-vocal-training.s3.ap-northeast-2.amazonaws.com/album_cover/아이유_Never Ending Story.jpg,2025.05.27
모르시나요(PROD.로코베리),조째즈,"찬바람 불어오니
그대 생각에 눈물짓네
인사 없이 떠나시던 날
그리움만 남겨놓고
그리워 글썽이는 내 가슴속에
오늘 그대 수천 번은 다녀가시네
나는 목놓아 그대를 소리쳐 불러도
그댄 아무런 대답조차 하지 않네요..
기다리는 나를 왜 모르시나요
어느 계절마다 난 기다리는데
그저 소리 없이 울수록 서러워 서러워
돌아와요 나의 그대여
모르시나요
눈물은 한없이 쏟아져 내려도
슬픈 나의 두 눈은 끝내 마를 날 없네
나의 이별은 이토록 왜 가슴 시린지
왜 나 혼자만 이렇게 또 가슴 아픈지
기다리는 나를 왜 모르시나요
어느 계절마다 난 기다리는데
그저 소리 없이 울수록 서러워 서러워
돌아와요 나의 그대여
모르시나요..
찬바람 불어오니
그대 생각에 눈물짓네
인사 없이 떠나시던 날
그리움만 두고가네",https://ai-vocal-training.s3.ap-northeast-2.amazonaws.com/album_cover/조째즈_모르시나요PROD로코베리.jpg,2025.01.07
like JENNIE,제니 (JENNIE),"Come on, it’s gon be f*** hard

Special edition and your AI couldn’t copy 
I’m leaving clues in the fitting room and it’s hot tea 
No I’m not thinking ’bout no exes know they miss me 
I got the whole room spinning like it’s tipsy 

Don’t bore us take you to the chorus 
Whooooooo wanna rock with Jennie 
Keep your hair done, nails done like Jennie 
Who else got ‘em obsessed like Jennie 
Like like like 
Jennie Jennie Jennie 
I think I really like 
( Jennie Jennie Jennie )
Haters they don’t really like 
( Jennie Jennie Jennie )
Cause they can never ever be 
( Jennie Jennie Jennie )
But have you ever met 
Jennie Jennie Jennie Jennie 
Jennie 
It’s Jennie Jennie Jennie 
Jennie Jennie 
But have you ever met 
But have you ever met 
얼말 줘도 못해 서커스짓 
포징 한 번에 만들어 mosh pit 
They can't deal with me cause I’m priceless 
여러 셀럽들 속에 내 DNA 

Get get outta my way 
바비가 처키가 되기 전에
Name, shame, blame 
Tryna burst my bubble 
터트려봐 그럼 더 큰 홀에서
만나는 거야 제니를 

Keep shading 
예술작품엔 필요해 frame이 
I’ve slayed it, and I graved it 
Yes I'm guilty 잘난 게 죄니 
Whooooooo wanna rock with Jennie 
Keep you hair done, nails done like Jennie 
Who else got ’em obsessed like Jennie 
Like like like 
I think I really like Jennie 
Haters they don’t really like Jennie 
Cause they can never ever be Jennie 
But have you ever met 
Jennie Jennie Jennie 
Jennie Jennie Jennie Jennie 
It’s Jennie Jennie Jennie 
Jennie Jennie Jennie 
Jennie 
Like Jennie Jennie Jennie 
Jennie Jennie 
Rock with Jennie 
Keep your hair done, nails done like Jennie 
Who else got ’em obsessed like 
But have you ever met Jennie 
But have you ever met 
Jennie Jennie Jennie 
It’s Jennie Jennie Jennie Jennie",https://ai-vocal-training.s3.ap-northeast-2.amazonaws.com/album_cover/제니 JENNIE_like JENNIE.jpg,2025.03.07
시작의 아이,마크툽 (MAKTUB),"존재하는 이유
그런 건 아무래도 좋으니
그리 즐겁지도 괴롭지도 않은
바람아 불어라

달을 찾는 이유
예쁜 건 언제 봐도 좋으니
나는 세계의 시계를 부수고
너에게 닿는다

너와 함께 바라본
붕괴하는 세상의 반짝임을
그 찰나를 별의 시작이라고 부를 거야

시간의 중력으로는 우리의 모든 이야기를
따라잡을 수 없을 테니까

시작의 푸름에
모든 이름에
네가 새겨져있을 뿐
낮과 밤을 지나 새벽 속에도
잠들지 않는 아이 아이야

열 번의 기적처럼
널 가득 안은 채
그대로 멈춰라
내 하루에 번져가는 시작의 너

달이 예쁘다고
네게 말해줬던 그 밤은
너무 뜨겁지도 아쉽지도 않은
고요함이었지

너를 찾은 이유
어쩌면 찾지 않았을지도
사실 언제 만났어도 지금처럼 너를 좋아했을 거야

너와 함께 바라본
마주하는 눈빛의 반짝임을
그 찰나를 시작의 별이라고 부를 거야

처음 느낌 그대로
우리의 모든 이야기를
완성해낼 수 있을 테니까

시작의 푸름에
모든 이름에
네가 새겨져있을 뿐
낮과 밤을 지나 새벽 속에도
잠들지 않는 아이 아이야
백야의 하늘 아래
널 가득 안은 채
그대로 멈춰라 내 하루에 번져가는 시작의 너

숨 쉴 수 있는 순간에 한 번 더 너를 안고
그 품이 그리워 미래에 더 아파할 거야
언젠가 시간보다 늦었던 마음이 밉지 않도록
천 개의 바람으로 날아가 흩어지기 전에

내 모든 이름에
꿈의 흐름에
네가 새겨져 있는 걸
숨과 바람 사이 영원속에도
잠들지 않는 아이 아이야
만개의 계절 속에
태어나는 시작의 푸름으로 부르는 노래
널 사랑하는 나의 마음이야

숨 쉴 수 있는 순간에 한 번 더 너를 안고
그 품이 그리워 더 아파할 거야",https://ai-vocal-training.s3.ap-northeast-2.amazonaws.com/album_cover/마크툽 MAKTUB_시작의 아이.jpg,2025.01.01
어제보다 슬픈 오늘,우디 (Woody),"밤새도록 내리던 소낙비가 네 모습을 지울까
네가 떠난 어제보다도 난 오늘이 더 슬퍼지고

나의 창에 비친 아침 햇살이 어젯밤을 다 지울까
퉁퉁 부은 내 눈 속에는 아직 너를 보낸 눈물이

거울 속에 비친 내 모습은 괜찮다며 웃는데
거울 밖에 난 울고 있잖아

넌 괜찮니 지금도 나는 실감 나지 않는다
어제 네가 쓰던 컵이 아직 나와 둘이 앉아 있고

너의 사랑이 머물다 떠난
내 방안의 슬픔은 내 가슴에 스며
내게 어제보다 더 큰 아픔을 주네

밤새도록 힘들게 취한다고 네 모습을 잊을까
어제 네가 했던 이별 얘기는 도무지 기억이 안 나

내 얼굴에 드리운 아침 햇살 힘들게 나 눈을 뜨면
네가 없는 텅 빈 침대만이 내 이별을 말하네

거울 속에 비친 내 모습은 괜찮다며 웃는데
거울 밖에 난 울고 있잖아

넌 괜찮니 아직도 나는 믿어지지 않는다
문득 현관문을 열면 네가 웃으면서 올 것 같아

너의 사랑이 남겨진 여기
이 공간의 슬픔은 내 두 눈을 적셔
오늘 어제보다 더 큰 슬픔이 되어

넌 괜찮니 지금도 나는 실감 나지 않는다
어제 네가 쓰던 컵이 아직 나와 둘이 앉아 있고

너의 사랑이 머물다 떠난
내 방안의 슬픔은 내 가슴에 스며
내게 어제보다 더 큰 아픔을 주네

어제보다 더 오늘이 아프다",https://ai-vocal-training.s3.ap-northeast-2.amazonaws.com/album_cover/우디 Woody_어제보다 슬픈 오늘.jpg,2025.03.31
Whiplash,aespa,"One look give ‘em Whiplash
Beat drop with a big flash

집중해 좀 더
Think fast
이유 넌 이해 못 해
왜 이제야
Know I did that
Day 1 know I been bad
Don’t stop
흔들린 채
무리해도
Can’t touch that
(Can't touch that)

Under pressure,
body sweating
Can you focus
어디서나 거침없어
I’m the coldest
오직 나만이
이 판을 바꿀 Changer
Just close your eyes,
breathe in and visualize

One look give ‘em Whiplash
Beat drop with a big flash

집중해 좀 더
Think fast
이유 넌 이해 못 해
왜 이제야
Know I did that
Day 1 know I been bad
Don’t stop
흔들린 채
무리해도
Can’t touch that
(Can't touch that)

Whip-Whiplash
Whip-Whiplash
Whip-Whiplash
Whip-Whiplash
Whip-Whiplash
Whip-Whiplash
Whip-Whiplash
One look give ‘em Whiplash

Fancy
이건 참 화려해
It’s glowing and it’s flashy
알아 적당함이 뭔지
Keep it classy
따라 하지
넌 또 하나부터 열까지
아닌척하지
Yeah

Under pressure,
body sweating
Can you focus
(Hoo)
I deliver, I can promise
I’m the coldest
(Cold)
외면해도 소용없지
Don't you blow it
Just close your eyes,
breathe in and visualize

시작되는 순간
끝나버린 판단
기횐 오직 One time
Unforgettable

찾아낸 The right light
사라지지 않아
눈에 새긴 One time
Unforgettable

One look give ‘em Whiplash
Beat drop with a big flash

집중해 좀 더
Think fast
이유 넌 이해 못 해
왜 이제야
Know I did that
Day 1 know I been bad
Don’t stop
흔들린 채
무리해도
Can’t touch that
(Can't touch that)

I’m the highlight
비춰 Red light
Yeah Tonight,
it's all about me
(All about me)
You know it’s my site 
거친 Next sigh
만들어갈 History

One look give ‘em Whiplash
(Whip-Whip)
Beat drop with a big flash
따라와 어서 Move fast
(Move move move)
이유 넌 이해 못 해
왜 이제야
Know I did that
(Did that)
Day 1 know I been bad
(Been bad)
Don’t stop
흔들린 채
다가와도
Can’t touch that
(Can't touch that)

Whip-Whiplash
Whip-Whiplash
Whip-Whiplash
Whip-Whiplash
Whip-Whiplash
Whip-Whiplash
Whip-Whiplash
One look give ‘em Whiplash",https://ai-vocal-training.s3.ap-northeast-2.amazonaws.com/album_cover/aespa_Whiplash.jpg,2024.10.21
나는 반딧불,황가람,"나는 내가 빛나는 별인 줄 알았어요
한 번도 의심한 적 없었죠
몰랐어요 난 내가 벌레라는 것을
그래도 괜찮아 난 눈부시니까
하늘에서 떨어진 별인 줄 알았어요
소원을 들어주는 작은 별
몰랐어요 난 내가 개똥벌레라는 것을
그래도 괜찮아 나는 빛날 테니까
나는 내가 빛나는 별인 줄 알았어요
한 번도 의심한 적 없었죠
몰랐어요 난 내가 벌레라는 것을
그래도 괜찮아 난 눈부시니까
한참 동안 찾았던 내 손톱
하늘로 올라가 초승달 돼 버렸지
주워 담을 수도 없게 너무 멀리 갔죠
누가 저기 걸어놨어 누가 저기 걸어놨어
우주에서 무주로 날아온
밤하늘의 별들이 반딧불이 돼 버렸지
내가 널 만난 것처럼 마치 약속한 것처럼
나는 다시 태어났지 나는 다시 태어났지
나는 내가 빛나는 별인 줄 알았어요
한 번도 의심한 적 없었죠
몰랐어요 난 내가 벌레라는 것을
그래도 괜찮아 난 눈부시니까
하늘에서 떨어진 별인 줄 알았어요
소원을 들어주는 작은 별
몰랐어요 난 내가 개똥벌레란 것을
그래도 괜찮아 나는 빛날 테니까",https://ai-vocal-training.s3.ap-northeast-2.amazonaws.com/album_cover/황가람_나는 반딧불.jpg,2024.10.21
TOO BAD (feat. Anderson .Paak),G-DRAGON,"‘G’, ‘A.P’
“Let me kill ’em like I usually do, Man.” 

Check it How do you do?
‘Tiki-Taka’ 난무 
불이나 축이듯, 땀이 주르르르륵
빛 쬐, Beautiful (That’s cool) 
살짝쿵 손만 잡고 짝짝꿍 볼 맞장구
게슴츠르레, G’azm 오르게 
Dang, Is she that good?! 

Baby Girl! Too bad for me 
There you go! Toot that! As for me?
All I want! Is in arms’ reach 
Break me off! Passionately 
Baby Girl! Too bad for me
There you go! Toot that! As for me?
All I want! Is in arms’ reach 
Break me off! Passionately 

긴가민가 어딘가 아리까리해
Flirting인가? Bluffing인가? U got me bad 

MBTI가 SEXY TYPE 하니 내 색시나 해
GD be like that N.G M이 나이 Zett
“I don’t think so.”

Baby Girl! Too bad for me 
There you go! Toot that! As for me?
All I want! Is in arms’ reach 
Break me off! Passionately 
Baby Girl! Too bad for me 
There you go! Toot that! As for me?
All I want! Is in arms’ reach
Break me off! Passionately 

You do somethin’ (to me) 
The chills runnin’ (thru me) 
I feel somethin’ (pull me) 
I’m still runnin’ (til’ I reach) 
You do somethin’ (to me) 
The chills runnin’ (thru me) 
I feel somethin’ (pull me) 
I’m still runnin’ (til’ I reach)

Come do something to me 
Come do something to me 
Come do something to me 
Too hot to touch, Show me
Come do something to me 
Come do something to me 
Come do something to me 
1, 2, You Too. Shall we? 

Baby Girl! Too bad for me 
There you go! Toot that! As for me?
All I want! Is in arms’ reach 
Break me off! Passionately 
Baby Girl! Too bad for me 
There you go! Toot that! As for me?
All I want! Is in arms’ reach
Break me off! Passionately 

You do somethin’ (to me) 
The chills runnin’ (thru me) 
I feel somethin’ (pull me) 
I’m still runnin’ (til’ I reach) 
You do somethin’ (to me) 
The chills runnin’ (thru me) 
I feel somethin’ (pull me) 
I’m still runnin’ (til’ I reach) 

You do somethin’ 
The chills runnin’ 
I feel somethin’ 
I’m still runnin’ (til’ I reach) 
You do somethin’ 
The chills runnin’ 
I feel somethin’ 
I’m still runnin’",https://ai-vocal-training.s3.ap-northeast-2.amazonaws.com/album_cover/G-DRAGON_TOO BAD feat Anderson Paak.jpg,2025.02.25
"HOME SWEET HOME (feat. 태양, 대성)",G-DRAGON,"You say, It’s changed
Show must go on, Behave
오랜만에 옛 노래해
I’m feelin’ like I never left
(That’s right) I never left

But you ain’t know, O.K then lights camera, Act like you know
Don’t play on me no we’re
Air B&amp;B, You’re ‘Home-less’
혼비백산-해진-미-장센 (mise-en-scène)
도레미파시도 (Now you know it)

두껍아 두껍아 Came with the troops
뜯고 맛보고 즐기고 big bang when I shoot
‘King’ in the Zoo, He gotta do what I do
1 of 1, not of them (mirror)
Man in the ‘Views’ Aimin’ at you?!
Yea, I’m aiming at a man &amp; Amen achoo
Bless you all ‘Cleaned house’ Foo

Golden days are still alive
외롭다는 말하지 마
내가 있는 곳, 네가 있을 곳

The place that I belong 

HOME SWEET HOME
HOME SICK HOME
Well I said, I would be back
And I’d never let you go
Pick a petal off a flower
Daze you love me Nope? 
Well I said, I would be back
And I’d never let you go
Pick a petal off a flower
Do you love me or (STOP!)

Winner winner chicken killer, 삼계탕 dinner
하나 둘 set down (1, 2 step) ‘Fantastic’한 팀워크
Not mini, 많이. ‘More’
Rock, scissors, paper. ‘Toast’
This is how we do it just do it let’s do it y’all

Work- work- 월화수목금토- 일
They gon’ wait til’ I’m gone
So I came, I saw, I won
‘G just D’ Word is my bond

나 무대로 올라, Coup d’e shh
단숨에 호흡곤란, Hook catch this
아 ‘무제’ 도 몰라? Bull as shh
Whatever?! ‘Now or Never’

Golden days are still alive
외롭다는 말하지 마
네가 있을 곳에 내가 있는 걸

The place that I belong
 
HOME SWEET HOME
HOME SICK HOME
Well I said, I would be back
And I’d never let you go
Pick a petal off a flower
Daze you love me Nope? 
Well I said, I would be back
And I’d never let you go
Pick a petal off a flower
Do you love me or (STOP!)

We alike dead or alive, Your life? Still-life
It’s so nice, I missed u a lot, You’re welcome Back home, Wherever you are
We alike dead or alive, Your life is still with me Livin’ good-life, Day or Nights,
The high-light, It’s about time to ‘ROCK-ON’

HOME SWEET HOME
HOME SICK HOME
Well I said, I would be back
And I’d never let you go
Pick a petal off a flower
Daze you love me Nope? 
Well I said, I would be back
And I’d never let you go
Pick a petal off a flower
Do you love me or (STOP!)",https://ai-vocal-training.s3.ap-northeast-2.amazonaws.com/album_cover/G-DRAGON_HOME SWEET HOME feat 태양 대성.jpg,2024.11.22
HAPPY,DAY6 (데이식스),"그런 날이 있을까요? 
마냥 좋은 그런 날이요
내일 걱정 하나 없이 
웃게 되는 그런 날이요

뭔가 하나씩은 
걸리는 게 생기죠
과연 행복할 수 있을까요 

그런 날이 있을까요? 
꿈을 찾게 되는 날이요 
너무 기뻐 하늘 보고
소리를 지르는 날이요

뭐 이대로 계속해서 
버티고 있으면 언젠가
그런 날이 올까요 

May I be happy? 
매일 웃고 싶어요
걱정 없고 싶어요
아무나 좀 답을 알려주세요

So help me
주저앉고 있어요
눈물 날 것 같아요
그러니까 제발 제발 제발요
Tell me it’s okay to be happy

알고리즘엔 잘된 사람만 
수도 없이 뜨네요 

뭐 이대로 계속해서 
살아만 있으면 언젠가
저런 날이 올까요 

May I be happy? 
매일 웃고 싶어요
걱정 없고 싶어요
아무나 좀 답을 알려주세요

So help me
주저앉고 있어요
눈물 날 것 같아요
그러니까 
Tell me it’s okay to be happy

그냥 쉽게 쉽게 살고 싶은데
내 하루하루는 왜 이리
놀라울 정도로 어려운 건데

May I be happy? 
매일 웃고 싶어요
걱정 없고 싶어요
아무나 좀 답을 알려주세요

So help me
주저앉고 있어요
눈물 날 것 같아요
그러니까 제발 제발 제발요
Tell me it’s okay to be happy",https://ai-vocal-training.s3.ap-northeast-2.amazonaws.com/album_cover/DAY6 데이식스_HAPPY.jpg,2024.03.18
오늘만 I LOVE YOU,BOYNEXTDOOR,"그날 이후로 난 이렇게 살고
더는 기타 한 번도 들지 못 하고
그날 이후로 난 이렇게 살아
웃기지 그런데

세탁기는 가득히 밀려버린 빨래를 토해내고
머리는 붕 떠 부스스해
나 빼고 분주한 창밖은 벚꽃마저 바쁘고

한심하기로
퍽 짝이 없어도
당장에 내가 내일
환생할 리 만무해도
추억 팔아서
곡이나 쓰는 건
딱 죽기보다 싫은데

그날 이후로 난 이렇게 살고
더는 기타 한 번도 들지 못 하고 
그날 이후로 난 이렇게 살아
웃기지 그런데
오늘만 I love you 愛してる 사랑해라 말하고
말하고 후회하면 좀 괜찮을까
Love you

Dum dum dum yeah
Dum dum dum yeah

Wanna tell ya
영감을 받은 척하고
뻔한 가사를 써봐도
돌고 돌아 종착지는 결국 you
So sick of being sober
너에 대한 노래 아닌 척
살아가겠지 오늘 내일 또 모레 지겹지만

추억 팔아서
곡이나 쓰는 건
딱 죽기보다 싫은데

그날 이후로 난 이렇게 살고
더는 기타 한 번도 들지 못 하고
그날 이후로 난 이렇게 살아
웃기지 그런데
오늘만 I love you 愛してる 사랑해라 말하고
말하고 후회하면 좀 괜찮을까
Love you

솔직히 말해 음악 같은 건
감정 소모밖엔 안 되니까
가사 쓰고 기타 치는 건 의미도 없고
억지스러운 감동 코드로 변질될 것 같아서 이만 할래
다 별거 없는 거잖아

(I love you)
Dum dum dum yeah
(愛してる 사랑해)
Dum dum dum yeah",https://ai-vocal-training.s3.ap-northeast-2.amazonaws.com/album_cover/BOYNEXTDOOR_오늘만 I LOVE YOU.jpg,2025.01.06
REBEL HEART,IVE (아이브),"시작은 항상 다 이룬 것처럼
엔딩은 마치 승리한 것처럼
겁내지 않고 마음을 쏟을래 
내 모양대로

이제 더 이상 신경 쓰지 않아
어디에서도 내 맘을 지키기
오해 받을 땐 자유에 맡겨둘래
다 알게 될 거니까

So you can 

Love me, hate me
You will never be never be never be me
Try me, I’ll break free
You will never be never be never be me

We are rebels in our heart,
Rebels in our heart 
We are rebels in our heart
We are rebels in our heart,
꺾이지 않아
We are rebels in our heart

너는 어디가 조금 부족해
너는 거기가 뭔가 좀 넘쳐
I don’t care 뭐든 말은 참 쉽지
그래 실행이 어려운 거야

Do it, move it, do it 
우린 그냥 할게
내 갈 길은 멀고 
그 위에는 드라마가 있어 

또 외로움이 너무 길어지는 밤엔 
그 맘을 쏘아 올려

Love me, hate me
You will never be never be never be me
Try me, I’ll break free
You will never be never be never be me

We are rebels in our heart,
Rebels in our heart 
We are rebels in our heart
We are rebels in our heart,
꺾이지 않아
We are rebels in our heart

Rebels in our heart!

우린 따로 이유를 묻지 않고 
서로가 필요할 때가 있어
그런 맘이 어떤 건지 잘 알기에
영원을 바라는 사이보단
지금을 이해해주고 싶어
We will always be the rebels 

Come, join as who you are
We are rebels, we are one
이 마음만으로
We are rebels, we are one

We are rebels in our heart,
Rebels in our heart 
We are rebels in our heart
We are rebels in our heart,
꺾이지 않아
We are rebels in our heart",https://ai-vocal-training.s3.ap-northeast-2.amazonaws.com/album_cover/IVE 아이브_REBEL HEART.jpg,2025.01.13
청춘만화,이무진,"우린 멋진 나이야
좀 어리긴 하지만
하고픈 일이나 가고픈 길
해야 할 일들까지 많으니까
우린 확신 속에 숨은 불확실함
우리란 꽃말을 지닌 라일락
영원할 것만 같은 이 시간이다
던질게 이 청춘의 끝까지 날

깊이 잠겼어도 떠오른 때
쓰러졌어도 벅차오른 때
많은 어제를 지나왔으니
점이 되어버린 출발선에
무모했던 날의 날 데리러
언젠간 돌아갈 거라 믿어

푸르른 공기가 나를
사무친다 가득
하늘을 날을 수 있을 듯한 밤이다
잔요동이 헤엄쳐 오는 곳이
어딘지 몰라 안 가는 건 아니야

따사로운 온기가 닿을
구름을 향하는
비행이 망설여지기도 하겠지만
한 번뿐인 이 모험을 겁내진 않아
오늘보다 오래된 날은 없으니 어서
날아오르자

우린 멋진 나이지만
아직 어린아이라
빠르게 밀려오는 여정이
두렵게만 느껴질 때가 있다
오늘은 지나쳐가는 유람일까?
혹은 기나긴 꿈 이야긴가?
답을 찾는 건 어렵기만 하지만
따라야지 그게 청춘이라니까

누군 위에 누군 저기 아래
또 누군 다른 길로 떠났네
점점 혼잔 게 외롭긴 해도
멈추지만 않으면 도착해
끝과 시작의 과정 사이의 나의
쉼표를 그늘진 길가에다

푸르른 공기가 나를
사무친다 가득
하늘을 날을 수 있을 듯한 밤이다
잔요동이 헤엄쳐 오는 곳이
어딘지 몰라 안 가는 건 아니야

언젠가 마지막
안녕이란 인사 뒤에 나올 음악
시간은 흘러서 이건 명장면이 될 거야
조금은 씁쓸하겠지만서도

지나면 아련한 만화
그래서 찬란한
우리가 기다린 미래도 우릴 기다릴까
분명한 건 지금보다 환하게
빛날 거야 아직 서막일 뿐야

푸르른 공기가 날
사무쳐 안아
하늘을 날을 수 있을 듯한 밤이다
잔요동이 헤엄쳐 오는 곳으로 가자
이 세상에서 제일 높은 곳을 향해서
뛰어오르자",https://ai-vocal-training.s3.ap-northeast-2.amazonaws.com/album_cover/이무진_청춘만화.jpg,2024.10.07
Flower,오반(OVAN),"가장 위태로울 때
마치 구원처럼
내 삶 속에 들어와 준 사람

늘 잊지 않을게
그대를 기다렸던 밤
그 설레었던 맘

이제 나의 기쁨이 되어 주겠니
아름다운 그대 사랑할래

Oh you falling from the sky
언젠가 바라왔던 별 같은 기적
Oh I was in the dark
날 밝혀줘
나 그댈 담고 싶어요

돌아갈 곳 없을 때 
마치 내 집처럼
늘 한 곳에 기다려 준 사람

나도 되어 주고 파
그대가 안전한 날개 
쉴 만한 물가

부족한 나에게 힘이 돼 주는 
따듯한 그대 사랑할래

Oh you falling from the sky
언젠가 바라왔던 별 같은 기적
Oh I was in the dark
날 밝혀줘
나 그댈 담고 싶어요

한번쯤 쉬어가는 곳
시냇가에 심겨진 한 그루 나무처럼
한달 씩 그대를 닮은 꽃
언제나 이 곳에 있어 준 그댈 위하여

Oh you falling from the sky
언젠가 바라왔던 별 같은 기적
Oh I was in the dark
날 밝혀줘
나 그댈 담고 싶어요",https://ai-vocal-training.s3.ap-northeast-2.amazonaws.com/album_cover/오반OVAN_Flower.jpg,2025.03.13
APT.,"로제 (ROSÉ), Bruno Mars","아파트 아파트 
아파트 아파트 
아파트 아파트 
Uh, uh huh uh huh
 
아파트 아파트 
아파트 아파트 
아파트 아파트 
Uh, uh huh uh huh 

Kissy face, kissy face 
Sent to your phone but, 
I'm trying to kiss your lips for real 
Red hearts, red hearts 
That’s what I’m on yeah 
Come give me something I can feel 
Oh oh oh 
Don't you want me like I want you, baby 
Don't you need me like I need you now 
Sleep tomorrow but tonight go crazy 
All you gotta do is just meet me at the 

아파트 아파트 
아파트 아파트 
아파트 아파트 
Uh, uh huh uh huh 

아파트 아파트 
아파트 아파트 
아파트 아파트
Uh, uh huh uh huh 

It’s whatever it’s whatever it’s whatever you like 
Turn this 아파트 into a club 
I’m talking drink, dance, smoke, freak, party all night 
건배 건배 girl what’s up 
Oh oh oh 
Don't you want me like I want you, baby 
Don't you need me like I need you now 
Sleep tomorrow but tonight go crazy 
All you gotta do is just meet me at the 

아파트 아파트 
아파트 아파트 
아파트 아파트 
Uh, uh huh uh huh
 
아파트 아파트 
아파트 아파트 
아파트 아파트 
Uh, uh huh uh huh
 
Hey so now you know the game 
Are you ready? 
Cause I’m comin to get ya 
Get ya, get ya 
Hold on, hold on 
I’m on my way 
Yeah yeah yeah yeah yeah 
I’m on my way 
Hold on, hold on
I’m on my way 
Yeah yeah yeah yeah yeah 
I’m on my way 

Don't you want me like I want you, baby 
Don't you need me like I need you now 
Sleep tomorrow but tonight go crazy 
All you gotta do is just meet me at the 

아파트 아파트 
아파트 아파트 
아파트 아파트 
Just meet me at the 
(Uh huh uh huh)
 
아파트 아파트 
아파트 아파트 
아파트 아파트 
Just meet me at the 
(Uh huh uh huh) 
아파트 아파트 
아파트 아파트 
아파트 아파트 
Just meet me at the 
(Uh huh uh huh) 

아파트 아파트 
아파트 아파트 
아파트 아파트 
Uh, uh huh uh huh",https://ai-vocal-training.s3.ap-northeast-2.amazonaws.com/album_cover/로제 ROSÉ Bruno Mars_APT.jpg,2024.10.18
한 페이지가 될 수 있게,DAY6 (데이식스),"솔직히 말할게
많이 기다려 왔어
너도 그랬을 거라 믿어
오늘이 오길
매일같이 달력을 보면서
솔직히 나에게도
지금 이 순간은
꿈만 같아 너와 함께라
오늘을 위해
꽤 많은 걸 준비해 봤어
All about you and I
다른 건 다 제쳐 두고
Now come with me
Take my hand
아름다운 청춘의 한 장
함께 써내려 가자
너와의 추억들로
가득 채울래
Come on
아무 걱정도 하지는 마
나에게 다 맡겨 봐
지금 이 순간이
다시 넘겨볼 수 있는
한 페이지가 될 수 있게
This is our page
Our page
솔직히 말할게
지금이 오기까지
마냥 순탄하진 않았지
오늘이 오길
나도 목 빠져라 기다렸어
솔직히 나보다도
네가 몇 배는 더
힘들었을 거라고 믿어
오늘을 위해
그저 견뎌줘서 고마워
All about you and I
다른 건 다 제쳐 두고
Now come with me
Take my hand
아름다운 청춘의 한 장
함께 써내려 가자
너와의 추억들로
가득 채울래
Come on
아무 걱정도 하지는 마
나에게 다 맡겨 봐
지금 이 순간이
다시 넘겨볼 수 있는
한 페이지가 될 수 있게
Want you to
Come on out and have fun
Want us to
Have the time of our life
Oh
너와의 추억들로
가득 채울래
Come on
아무 걱정도 하지는 마
나에게 다 맡겨 봐
지금 이 순간이
다시 넘겨볼 수 있는
한 페이지가 될 수 있게
This is our page
Our page",https://ai-vocal-training.s3.ap-northeast-2.amazonaws.com/album_cover/DAY6 데이식스_한 페이지가 될 수 있게.jpg,2019.07.15
네모의 꿈,아이유,"네모난 침대에서
일어나 눈을 떠보면
네모난 창문으로
보이는 똑같은 풍경
네모난 문을 열고
네모난 테이블에 앉아
네모난 스마트폰 본 뒤

네모난 책가방에
네모난 책들을 넣고
네모난 버스를 타고
네모난 건물지나
네모난 학교에 들어서면
또 네모난 교실
네모난 칠판과 책상들

네모난 오디오
네모난 컴퓨터 TV
네모난 달력에 그려진
똑같은 하루를
의식도 못한 채로
그냥 숨만 쉬고 있는 걸

주윌 둘러보면
모두 네모난 것들뿐인데
우린 언제나 듣지
잘난 어른의 멋진 이 말
세상은 둥글게 살아야 해
지구본을 보면
우리 사는 지군 둥근데
부속품들은 왜 다
온통 네모난 건지 몰라
어쩌면 그건
네모의 꿈일지 몰라

네모난 아버지의 지갑엔
네모난 지폐
네모난 팜플렛에 그려진
네모난 학원
네모난 마루에 걸려 있는
네모난 액자와
네모난 명함의 이름들

네모난 스피커 위에 놓인
네모난 테잎
네모난 책장에 꽂혀있는
네모난 사전
네모난 서랍 속에
쌓여있는 네모난 편지
이젠 네모 같은 추억들

네모난 태극기
하늘 높이 펄럭이고
네모난 잡지에 그려진
이달의 운수는
희망 없는 나에게
그나마의 기쁨인가 봐

주윌 둘러보면
모두 네모난 것들뿐인데
우린 언제나 듣지
잘난 어른의 멋진 이 말
세상은 둥글게 살아야 해
지구본을 보면
우리 사는 지군 둥근데
부속품들은 왜 다
온통 네모난 건지 몰라
어쩌면 그건
네모의 꿈일지 몰라",https://ai-vocal-training.s3.ap-northeast-2.amazonaws.com/album_cover/아이유_네모의 꿈.jpg,2025.05.27
HANDS UP,MEOVV (미야오),"이 길로 갈게 we gata
See above okay
We back on track
이미 백번째 나를 dead it
뜨거운 햇빛처럼 lit it
Samadhi we burn again

네 위를 봐
You can‘t deny
막힘 없지 
더 묻지마

Do what you please
거침없게
Don't cross the line

1, 2, 3 set it off
Try and catch up 수평 너머로
높이 용 솟음 쳐
마법같은 purr

이래 저래 해도 넌
‘Bout it ‘bout that, no you not
So what we gonna do?
I see you look at me now

Hands up 
Crack the sky open put your hands up
Break the sky let the water fall
손 위로 답을 몰라도
Throw it up what you wanna do?

Hands up 
Crack the sky open put your hands up
Break the sky let the water fall
손 위로 답을 몰라도
Throw it up what you wanna do?

이 길로 갈게 we gata 
See above okay
We back on track
이미 백번째 나를 dead it
뜨거운 햇빛처럼 lit it
Samadhi we burn again

Provocation ain't nothing new to me
휘둘러 봐 네 녹슨 sword
질투 가득한 admiration
Self affirmation yet still unsure
번쩍 뜨일거야 두 눈이
Me and my girls you dealin’ with
So 아리따운 killin’ 잔인한 willin’
Hands up who the real villain

내 안의 불씨들 won’t let it die
꺼지진 않겠어 I will survive

이래 저래 해도 넌
‘Bout it ‘bout that, no you not
So what we gonna do? 
I see you look at me now

Hands up 
Crack the sky open put your hands up
Break the sky let the water fall
손 위로 답을 몰라도
Throw it up what you wanna do?

Hands up 
Crack the sky open put your hands up
Break the sky let the water fall
손 위로 답을 몰라도
Throw it up what you wanna do?

불타는 마음 다 태워봐
어차피 또 피어날 테니까

이제 다시 거슬러 위로 아래로
다 뒤집어 

Let that drum go rum pu pu pum

Hands up 

Crack the sky open put your hands up
Break the sky open put your hands up

Crack the sky open put your hands up
Break the sky open put your 

Hands up",https://ai-vocal-training.s3.ap-northeast-2.amazonaws.com/album_cover/MEOVV 미야오_HANDS UP.jpg,2025.04.28
HOT,LE SSERAFIM (르세라핌),"위태로운 드라이브 
바꿔 넣어 gear 
불타는 노을
너와 내 tears so
Don’t be afraid 의심 없지
손을 잡아 cause tonight
우린 burn to shine yeah

꽉 안아줘 my dear 
우리가 나눠 가진 
가슴안의 흉터 자리에

붉게 물든 엔진 
네 눈 속의 날
영원히 기억해 준다면
I’m burning HOT

내가 나로 살 수 있다면 
재가 된대도 난 좋아
So tonight 안겨 네 품 안에
Bonnie and Clyde it oh

Not running from it 
Not running from it 
불타오르지 l love it 
살게 해 날
I'm burning HOT
 
마치
영원함 속 날아오를 불사조같이 
넌 마치
기적 같은 걸 내게 또 꿈꾸게 하지 
다시 타버린 내 불씨가 피어나 
날개가 돋아나
Now hold me tight

몸을 던져, 불길 
일말의 미련 없이
It’s all right, we’re ride or die, yeah

붉게 물든 엔진 
네 눈 속의 날
영원히 기억해 준다면
I’m burning HOT

내가 나로 살 수 있다면 
재가 된대도 난 좋아
So tonight 안겨 네 품 안에
Bonnie and Clyde it oh

Not running from it 
Not running from it 
불타오르지 l love it 
살게 해 날
I'm burning HOT",https://ai-vocal-training.s3.ap-northeast-2.amazonaws.com/album_cover/LE SSERAFIM 르세라핌_HOT.jpg,2025.03.14
소나기,이클립스 (ECLIPSE),"그치지 않기를 바랬죠
처음 그대 내게로 오던 그날에
잠시 동안 적시는
그런 비가 아니길
간절히 난 바래왔었죠

그대도 내 맘 아나요
매일 그대만 그려왔던 나를
오늘도 내 맘에 스며들죠

그대는 선물입니다 
하늘이 내려준 
홀로 선 세상 속에
그댈 지켜줄게요
어느 날 문득 
소나기처럼 
내린 그대지만 
오늘도 불러 봅니다 
내겐 소중한 사람
Oh 

떨어지는 빗물이
어느새 날 깨우고
그대 생각에 잠겨요

이제는 내게로 와요
언제나처럼 기다리고 있죠
그대 손을 꼭 잡아줄게요

그대는 선물입니다 
하늘이 내려준 
홀로 선 세상 속에
그댈 지켜줄게요
어느 날 문득 
소나기처럼 
내린 그대지만 
오늘도 불러 봅니다 
내겐 소중한 사람

잊고 싶던 아픈 기억들도
빗방울과 함께 흘려보내면 돼요
때로는 지쳐도
하늘이 흐려도
내가 있다는 걸 잊지 말아요

그대는 사랑입니다 
하나뿐인 사랑 
다시는 그대와 같은 
사랑 없을 테니
잊지 않아요
내게 주었던
작은 기억 하나도
오늘도 새겨봅니다 
내겐 선물인 그댈",https://ai-vocal-training.s3.ap-northeast-2.amazonaws.com/album_cover/이클립스 ECLIPSE_소나기.jpg,2024.04.08
내게 사랑이 뭐냐고 물어본다면,로이킴,"뜨겁게 사랑했던
계절을 지나
처음과는 조금은 달라진
우리 모습을
걱정 하진 말아요

아침에 떠오르는
햇살을 보며
사랑을 약속했던
우리의 마음은
영원한 거라

저물어 가는 노을도
그리고 찾아올 밤하늘도
우리 함께한 시간 만큼
아름다울 거예요

내게 사랑이 뭐냐고 물어본다면
처음의 설렘보다
이 익숙함을
소중해 할 수 있는 것

때론 맘 같지 않아도
포기하지 않고
서로를 바라보며
솔직해지고
이해할 수 있는 것

그게 사랑일 거야
내가 아는 사랑인 거야

바다가 지겨워지고
숲이 푸르르지 않다고
그 아름다움을 잊는다면
사랑이 아닐 거예요

내게 사랑이 뭐냐고 물어본다면
처음의 설렘보다
이 익숙함을
소중해 할 수 있는 것

때론 맘 같지 않아도
포기하지 않고
서로를 바라보며
솔직해지고
이해할 수 있는 것

내가 보고 느끼고
듣는 모든 것엔
그대가 물들어 있어서
없이는 나 살 수 없어서

너가 노래가 된다면
나만 알고 싶고
그 어떤 가사보다
아껴 부르며
간직하고 싶은 것

그게 사랑일 거야
내가 하는 사랑인 거야

그래 그게 바로 사랑일 거야",https://ai-vocal-training.s3.ap-northeast-2.amazonaws.com/album_cover/로이킴_내게 사랑이 뭐냐고 물어본다면.jpg,2024.10.16
천상연,이창섭,"아니길 바랬었어
꿈이길 기도했지
너 없는 가슴으로 살아가야 하는 건
내게는 너무 힘겨운걸

그렇게 사랑했던
너무도 소중했던
지난날이 서러워 자꾸 눈물이 흘러
내 삶은 너뿐인데

사랑해 널 잊을 순 없을 거야
미안해 너를 지키지 못한 것을
너의 행복한 모습 나 보기를 원해
부디 새롭게 시작하길 바래

하늘이 우리를 갈라 놓지만
눈물로 너를 보내려고 하지만
너를 얼마나 내가 사랑했는 줄 아니
영원히 너를 지켜보며 살 거야
행복하길 바래

그렇게 사랑했던
너무도 소중했던
지난날이 서러워 자꾸 눈물이 흘러
내 삶은 너뿐인데

사랑해 널 잊을 순 없을 거야
미안해 너를 지키지 못한 것을
너의 행복한 모습 나 보기를 원해
부디 새롭게 시작하길 바래

하늘이 우리를 갈라 놓지만
눈물로 너를 보내려고 하지만
너를 얼마나 내가 사랑했는 줄 아니
영원히 너를 지켜보며 살 거야
행복하길 바래

널 사랑해
미안해 너를 지키지 못한 것을
너의 행복한 모습 나 보기를 원해
부디 새롭게 시작하길 바래

행복하길 바래",https://ai-vocal-training.s3.ap-northeast-2.amazonaws.com/album_cover/이창섭_천상연.jpg,2024.02.21
THUNDER,세븐틴 (SEVENTEEN),"떨어져 flash 온몸이 crash
회로가 미쳐버렸어 제멋대로
Now I'm funked up 액셀 밟어
Everybody say ‘Whoa’ ‘Whoa’

Uh 매일 이러면 좋아 달라진 DNA
신남은 덤이야 아, 기분 어떡해
달라진 동공을 희한하다고 다 놀려대면 어때
이게 꿈이라면 그게 더 아쉬울 것만 같은데

다 모여봐 날뛰어 보자
우리 밤은 뜨거우니까
친구들 Ring Ring 영감도 Ring Ring
떠올라 마치 번개처럼 번쩍

ALO ALO T.H.U.N.D.E.R
ALO ALO 번개처럼 찾아왔다
ALO ALO T.H.U.N.D.E.R
ALO ALO 떠올라 마치 번개처럼 번쩍

계속 걸려 오는 전화벨 소리
번개처럼 계속 찌릿찌릿 따끔해요
계속 걸려 오는 전화벨 소리
번개처럼 계속 찌릿찌릿 따끔해요
찌릿찌릿 like

소문이 참 빨라 또 시끌벅적해
몰려드는 인파 아, 기분 어떡해
우리는 뜬구름 운전하지 않아 걱정 마시게
시간을 정확히 열일곱 시 열일곱 분 맞춰 놓게

다 모여봐 날뛰어 보자
우리 밤은 뜨거우니까
그때 마침 Ring Ring 영감도 Ring Ring
떠올라 마치 번개처럼 번쩍

ALO ALO T.H.U.N.D.E.R
ALO ALO 번개처럼 찾아왔다
ALO ALO T.H.U.N.D.E.R
ALO ALO 떠올라 마치 번개처럼 번쩍

계속 걸려 오는 전화벨 소리
번개처럼 계속 찌릿찌릿 따끔해요
계속 걸려 오는 전화벨 소리
번개처럼 계속 찌릿찌릿 따끔해요

(찌릿찌릿 찌릿찌릿 like)
떠올라 마치 번개처럼 번쩍",https://ai-vocal-training.s3.ap-northeast-2.amazonaws.com/album_cover/세븐틴 SEVENTEEN_THUNDER.jpg,2025.05.26
Welcome to the Show,DAY6 (데이식스),"이젠 혼자가 아닐 무대
너무나 감격스러워
끝없는 가능성 중에
날 골라줘서 고마워

나와 맞이하는 미래가
위태로울지도 몰라
하지만 눈물 가득한
감동이 있을지도 몰라

그래도
내 손
놓지 않겠다면
If so
Then let's go 
Welcome to the show

Oh

이것만큼은 맹세할게
내 전부를 다 바칠게
네 눈빛 흔들리지 않게
널 바라보며 서 있을게

알아 너의 결정이 
쉽지 않았을 거야
후회 없게 하는 건 
이제 나의 몫이야

끝까지
같이
함께 가겠다면
If so
Then let's go
Welcome to the show

Oh

이것만큼은 맹세할게
내 전부를 다 바칠게
네 눈빛 흔들리지 않게
널 바라보며 서 있을게

막이 내릴 그날에도
그때도 네 손 꼭 잡은 채

너라서 행복했다고
서로가 말할 수 있도록 

이것만큼은 맹세할게
내 전부를 다 바칠게
네 눈빛 흔들리지 않게
널 바라보며 서 있을게

Oh
Oh",https://ai-vocal-training.s3.ap-northeast-2.amazonaws.com/album_cover/DAY6 데이식스_Welcome to the Show.jpg,2024.03.18
MY LOVE(2025),"이예은, 아샤트리, 전건호","안돼요 더는 못해요 
그대 없이 사는 일
나 때문에 그대 망가진다며
이별을 원한 건 나인데

매일 가슴이 갈라져요 
숨이 다 끊어질 만큼 울어요
수천 번 잊었다 외쳐 봐도
내 삶은 어느새 벼랑 끝에 서있네요

My love 다시 사랑해요 
세상 반대쪽 끝에 살아도 찾을게요
다신 그댈 놓지 않아요 
멈춘 내 심장을 뛰게 할 사람 

우리 헤어지길 잘했죠
얼마나 슬픈 일인지 알았죠
하늘은 모자란 내 사랑을
눈뜨게 하려고 잠시 갈라 논 거였죠

My love 다시 사랑해요 
세상 반대쪽 끝에 살아도 찾을게요
다신 그댈 놓지 않아요
멈춘 내 심장을 뛰게 할 사람 

나 때문에 망가진 게 맞네요
내가 그대 가슴안에 못이었네요
사랑하고 책임 없이 도망친 나를
성급한 이별을 용서받고 싶어요

My love 혼자 있어줘요
그대 있는 곳으로 지금 달려갈게요
조금만 더 기다려줘요
우리 다시 사랑해야만 해요

My love 다시 사랑해요 
세상 반대쪽 끝에 살아도 찾을게요
다신 그댈 놓지 않아요 
멈춘 내 심장을 뛰게 할 사람 
그대뿐 my love",https://ai-vocal-training.s3.ap-northeast-2.amazonaws.com/album_cover/이예은 아샤트리 전건호_MY LOVE2025.jpg,2025.02.22
Supernova,aespa,"I’m like some kind of Supernova
Watch out

Look at me go
재미 좀 볼
빛의 Core
So hot hot
문이 열려
서로의 존재를 느껴
마치 Discord
날 닮은 너 너 누구야
(Drop)

사건은 다가와 Ah Oh Ay
거세게 커져가 Ah Oh Ay
That tick that tick tick bomb
That tick that tick tick bomb
감히 건드리지 못할 걸
(누구도 말이야)
지금 내 안에선
Su su su Supernova

Nova
Can’t stop hyperstellar
원초 그걸 찾아
Bring the light of a dying star
불러낸 내 우주를 봐 봐
Supernova

Ah Body bang
Make it feel too right

휩쓸린 에너지 It’s so special
잔인한 Queen 이며 Scene 이자 종결
이토록 거대한 내 안의 Explosion
내 모든 세포 별로부터 만들어져
(Under my control Ah)

질문은 계속돼 Ah Oh Ay
우린 어디서 왔나 Oh Ay
느껴 내 안에선
Su su su Supernova

Nova
Can’t stop hyperstellar
원초 그걸 찾아
Bring the light of a dying star
불러낸 내 우주를 봐 봐
Supernova

보이지 않는 힘으로
네게 손 내밀어 볼까
가능한 모든 가능성
무한 속의 너를 만나
It’s about to bang bang
Don’t forget my name
Su su su Supernova

사건은 다가와 Ah Oh Ay
거세게 커져가 Ah Oh Ay
질문은 계속돼 Ah Oh Ay
우린 어디서 왔나 Oh Ay

사건은 다가와 Ah Oh Ay
거세게 커져가 Ah Oh Ay
Tell me, tell me, tell me Oh Ay
우린 어디서 왔나 Oh Ay
우린 어디서 왔나 Oh Ay

Nova
Can’t stop hyperstellar
원초 그걸 찾아
Bring the light of a dying star
불러낸 내 우주를 봐 봐
Supernova

사건은 다가와 Ah Oh Ay
(Nu star)
거세게 커져가 Ah Oh Ay
질문은 계속돼 Ah Oh Ay
(Nova)
우린 어디서 왔나 Oh Ay

사건은 다가와 Ah Oh Ay
거세게 커져가 Ah Oh Ay
질문은 계속돼 Ah Oh Ay
(Nova)
Bring the light of a dying star
Supernova",https://ai-vocal-training.s3.ap-northeast-2.amazonaws.com/album_cover/aespa_Supernova.jpg,2024.05.13
Die With A Smile,"Lady Gaga, Bruno Mars","I, I just woke up from a dream
Where you and I had to say goodbye
And I don't know what it all means
But since I survived, I realized

Wherever you go, that's where I'll follow
Nobody's promised tomorrow
So I'ma love you every night like it's the last night
Like it's the last night

If the world was ending
I'd wanna be next to you
If the party was over
And our time on Earth was through
I'd wanna hold you just for a while
And die with a smile
If the world was ending
I'd wanna be next to you

Ooh, lost, lost in the words that we scream
I don't even wanna do this anymore
'Cause you already know what you mean to me
And our love's the only one worth fighting for

Wherever you go, that's where I'll follow
Nobody's promised tomorrow
So I'ma love you every night like it's the last night
Like it's the last night

If the world was ending
I'd wanna be next to you
If the party was over
And our time on Earth was through
I'd wanna hold you just for a while
And die with a smile
If the world was ending
I'd wanna be next to you

Right next to you
Next to you
Right next to you
Oh-oh
If the world was ending
I'd wanna be next to you
If the party was over
And our time on Earth was through
I'd wanna hold you just for a while
And die with a smile
If the world was ending
I'd wanna be next to you
If the world was ending
I'd wanna be next to you

I'd wanna be next to you",https://ai-vocal-training.s3.ap-northeast-2.amazonaws.com/album_cover/Lady Gaga Bruno Mars_Die With A Smile.jpg,2024.08.16
예뻤어,DAY6 (데이식스),"지금 이 말이
우리가 다시
시작하자는 건 아냐
그저 너의
남아있던 기억들이
떠올랐을 뿐이야
정말 하루도 빠짐없이 너는
사랑한다 말해줬었지
잠들기 전에 또 
눈 뜨자마자 말해주던 너
생각이 나 말해보는 거야
예뻤어
날 바라봐 주던 그 눈빛
날 불러주던 그 목소리
다 다
그 모든 게 내겐
예뻤어
더 바랄게 없는듯한 느낌
오직 너만이 주던 순간들
다 다
지났지만
넌 너무 예뻤어
너도 이제는
나와의 기억이
추억이 되었을 거야
너에게는
어떤 말을 해도 다
지나간 일일 거야
정말 한번도 빠짐없이 너는
나를 먼저 생각해줬어 
아무 일 아니어도 
미안해 고마워 해주던 너
생각이 나 말해보는 거야
예뻤어
날 바라봐 주던 그 눈빛
날 불러주던 그 목소리
다 다
그 모든 게 내겐
예뻤어
더 바랄게 없는듯한 느낌
오직 너만이 주던 순간들
다 다
지났지만
넌 너무 예뻤어
아직도 가끔 네 생각이 나
어렵게 전화를 걸어볼까
생각이 들 때도 많지만
Baby I know it's already over
아무리 원해도 너는 이제
이미 끝나버린 지난날의
한편의 영화였었단 걸
난 알아
마지막
날 바라봐 주던 그 눈빛
잘 지내라던 그 목소리
다 다
그마저도 내겐
예뻤어
내게 보여준 눈물까지
너와 가졌던 순간들은
다 다
지났지만
넌 너무 예뻤어",https://ai-vocal-training.s3.ap-northeast-2.amazonaws.com/album_cover/DAY6 데이식스_예뻤어.jpg,2017.02.06
toxic till the end,로제 (ROSÉ),"Call us what we are
Toxic from the start
Can’t pretend that I was in the dark 
When you met my friends
Didn’t even try with them
I should’ve known it then that you were 

Jealous and possessive 
So manipulating 
Honestly impressive
You had me participating 

Back then
When I was running out of your place 
I said
I never wanna see your face
And then
I couldn't wait to see it again
We were toxic till the end 

Uh huh
Cuz even when I said it was over
You heard Baby can you pull me in closer 
You were
Plotting how to stay in my head
We were toxic till the end 

Ladies &amp; Gentleman
I present to you, the ex 

His favorite game is chess
Who would ever guess
Playing with the pieces in my chest
Now he’s on the screen
Saying don’t leave
You stole that line from me
Cuz you’re just 

Jealous and possessive 
So manipulating 
Honestly impressive
You had me participating 

Back then
When I was running out of your place 
I said
I never wanna see your face
I meant
I couldn't wait to see it again
We were toxic till the end 

Uh huh
Cuz even when I said it was over
You heard Baby can you pull me in closer 
You were
Plotting how to stay in my head
We were toxic till the end 

End end 

I can forgive you for a lot of things
For not giving me back my Tiffany rings 
I’ll never forgive you for one thing my dear 
You wasted my prettiest years 

Back then
When I was running out of your place 
I said
I never wanna see your face
I meant
I couldn't wait to see it again
We were toxic 

Uh huh
Cuz even when I said it was over
You heard Baby can you pull me in closer 
You were
Plotting how to stay in my head
We were toxic till the end 

End end
We were toxic till the end
End end",https://ai-vocal-training.s3.ap-northeast-2.amazonaws.com/album_cover/로제 ROSÉ_toxic till the end.jpg,2024.12.06
"어떻게 이별까지 사랑하겠어, 널 사랑하는 거지",AKMU (악뮤),"일부러 몇 발자국 물러나
내가 없이 혼자 걷는 널 바라본다
옆자리 허전한 너의 풍경
흑백 거리 가운데 넌 뒤돌아본다
그때 알게 되었어
난 널 떠날 수 없단 걸
우리 사이에 그 어떤 힘든 일도
이별보단 버틸 수 있는 것들이었죠
어떻게 이별까지 사랑하겠어
널 사랑하는 거지
사랑이라는 이유로
서로를 포기하고
찢어질 것같이 아파할 수 없어 난
두세 번 더 길을 돌아갈까
적막 짙은 도로 위에 걸음을 포갠다
아무 말 없는 대화 나누며
주마등이 길을 비춘 먼 곳을 본다
그때 알게 되었어
난 더 갈 수 없단 걸
한 발 한 발 이별에 가까워질수록
너와 맞잡은 손이 사라지는 것 같죠
어떻게 이별까지 사랑하겠어
널 사랑하는 거지
사랑이라는 이유로
서로를 포기하고
찢어질 것같이 아파할 수 없어 난
어떻게 내가 어떻게 너를
이후에 우리 바다처럼 깊은 사랑이
다 마를 때까지
기다리는 게 이별일 텐데
어떻게 내가 어떻게 너를
이후에 우리 바다처럼 깊은 사랑이
다 마를 때까지
기다리는 게 이별일 텐데",https://ai-vocal-training.s3.ap-northeast-2.amazonaws.com/album_cover/AKMU 악뮤_어떻게 이별까지 사랑하겠어 널 사랑하는 거지.jpg,2019.09.25
ATTITUDE,IVE (아이브),"내 감정선은 어딘가 좀 다르게 흘러
남들과는 다른 곳에 포커스를 걸어
Dress up to impress but I'm impressing everyone
원하거나 말거나 결국 날 찾을 걸

Cuz I freeze you with my mind 
Then I set you right on fire

네가 날 싫어해도
내가 널 좋아할 수도 있어
You’ll fall in love by the end of the song

I'm that I'm that girl 
I'm that (what) I'm that attitude
내가 정할게 나의 무드
I'm that attitude

이리저리 부딪혀도 행운은 늘 내 편인 걸
I'm that I'm that girl 
I'm that (woo) I'm that attitude

그 누가 아무리 뭐라 해도
솔직히 내가 난 맘에 들어

비바람 쳐도 don't care 'bout it
헝클어진 머리 so pretty
짜증 대신에 I'm just laughing
해봐 어디 I'm so lucky

방금 올린 picture, click click 
머리부터 발끝까지 
I don't need 너의 동의는 

작은 시련이란 건
나에게는 friends of mine

그냥 귀여울 뿐야
운명이 장난을 걸어오면
놀아 줘야지 뭐 어쩌겠어

I'm that I'm that girl 
I'm that (what) I'm that attitude
내가 정할게 나의 무드
I'm that attitude

움츠리면 뭐할 건데 행운은 늘 내 편인 걸
I'm that I'm that girl 
I'm that (woo) I'm that attitude

Who is that girl? She’s so hot 
가까이 와 Take a shot 
We look so good, we’re so hot 

I'm that I'm that girl 
I'm that (what) I'm that attitude
내가 정할게 나의 무드
I'm that attitude

움츠리면 뭐할 건데 행운은 늘 내 편인 걸
I'm that I'm that girl 
I'm that (woo) I'm that attitude

그 누가 아무리 뭐라 해도
솔직히 내가 난 맘에 들어",https://ai-vocal-training.s3.ap-northeast-2.amazonaws.com/album_cover/IVE 아이브_ATTITUDE.jpg,2025.02.03
그대만 있다면 (여름날 우리 X 너드커넥션 (Nerd Connection)),너드커넥션 (Nerd Connection),"날 사랑해서 떠난다며
눈물짓던 그대의 말을 믿을 수 없죠
하지만 나의 전부였던
그대가 힘들어하기에 잡을 수 없었죠

온통 너와의 기억뿐인 
나를 위해서였다면
조금씩 무너져가는 날 
날 위한다면

이대로 내 곁에 있어야 해요
나를 떠나면 안 돼요
세상의 모든 걸 잃어도 괜찮아요
그대만 있다면 그대만 있다면

함께 웃던 시간들을
함께했던 약속들을
지금 또 영원히 기억하겠어요
다시 한번 생각해요
무엇이 날 위한 건지 
그대는 알고 있어요

영원히 내 곁을 지켜주세요
나를 떠나지 말아요
세상의 모든 걸 잃어도 난 좋아요
그대만 있다면 그대만 있다면

온통 그대의 생각뿐인 
나를 위해서였다면
초라하게 쓰러지는 날
날 위한다면 

이대로 내 곁에 있어야 해요
나를 떠나면 안 돼요
세상의 모든 걸 잃어도 괜찮아요
그대만 있다면 그대만 있다면

영원히 내 곁을 지켜주세요
나를 떠나지 말아요
세상의 모든 걸 잃어도 난 좋아요
그대만 있다면 그대만 있다면",https://ai-vocal-training.s3.ap-northeast-2.amazonaws.com/album_cover/너드커넥션 Nerd Connection_그대만 있다면 여름날 우리 X 너드커넥션 Nerd Connection.jpg,2023.08.15
미치게 그리워서,황가람,"땅거미진 거리에 어둠이 잦아들면
저 거리 불빛 가슴을 친다
찬 바람에 무뎌진 사소한 두려움이
빈 사랑에 남겨져 내 몸이 아파온다
아주 가끔 가끔 미치게 그리워서
멍하니 하늘에 기대어 너의 안부를 묻곤한다
너도 가끔 조금 내 생각 나긴하니
듣는 이 없는 이 노래를 혼자 오늘도 불러본다
나 쓸쓸히 걷다가 문득 너 생각나서
허전한 맘에 술 한잔 한다
내 손에 쥔 전화에 니 이름 지워봐도
넌 지우지 못하고 일어나 집에 간다
아주 가끔 가끔 미치게 그리워서
사는게 지치고 힘들다 모진 너를 원망해본다
바보 같은 내가 정말로 사랑한다
너밖에 없는 나에게는 정말 세상이 잔인하다
가진건 없지만 남은 내 사랑을 다 준 한 사람
너에게 미쳐 사랑이 미쳐 너에게로 달려간다
아주 가끔 가끔 미치게 그리워서
멍하니 하늘에 기대어 너의 안부를 묻곤한다
너도 가끔 조금 내 생각 나긴하니
미칠 듯 사랑한 기억에 죽을 만큼 널 보고 싶다",https://ai-vocal-training.s3.ap-northeast-2.amazonaws.com/album_cover/황가람_미치게 그리워서.jpg,2025.02.09
내 이름 맑음,QWER,"어쩌다 고작 그 마음도 못 참고
멍청하게 다 던졌는지

뭔가 들켜 버린 것 같아
표정을 보니 말이야
나도 티가 나버린 고백에
얼마나 놀랐는지 몰라

매일 치는 장난에도 두근댔고
오늘도 몇 번이고 떨렸지만
약속했어 날 안아줘 좀 알아줘
이건 꿈에서만 하기야 

무심코 던진 니 말에 하루 종일 설레어 간직했다
아무도 못 보게 일기장에 적어 단단히 잠궜었는데

어쩌다 고작 그 마음도 못 참고
멍청하게 다 던졌는지
꾹꾹 참고 또 꼭꼭 숨겨서
이제까지 잘해 왔잖아

그러다 고작 울음도 못 참고
괜찮다 말하며 두 눈은
퉁퉁 붓고 코맹맹이가 되어도 난
내일은 맑음

예전처럼 옆에서 밥 먹어도
우연히 눈이 살짝 마주쳐도 걱정 마
날 안아줘 아니 사랑해줘
이건 꿈에서만 하니까

무심코 던진 니 말에 하루 종일 설레어 간직했다
아무도 못 보게 꼬깃꼬깃 구겨 씹어 다 삼켰었는데

어쩌다 고작 그 마음도 못 참고
멍청하게 다 던졌는지
꾹꾹 참고 또 꼭꼭 숨겨서
이제까지 잘 해 왔잖아

그러다
고작 울음도 못 참고
괜찮다 말하며 두 눈은
퉁퉁 붓고 코맹맹이가 되어도 난

사실 나 
아주 오래 울 것 같아
고작 친구도 못 되니까
툭툭 털고 활짝 웃을 만큼
나는 그리 강하지가 않아

그러다
고작 사랑이 뭐라고
괜찮다 말하는 날까지 
꾹꾹 참고 또 일기나 쓰고 있어 나
내 이름 맑음",https://ai-vocal-training.s3.ap-northeast-2.amazonaws.com/album_cover/QWER_내 이름 맑음.jpg,2024.09.23
I DO ME,KiiiKiii (키키),"I could go somewhere
Maybe anywhere
내 직감은 늘 맞으니깐
Just feel it
손끝엔 나비
That's my living ring
내 걱정 NO!
난 나답게 더 빛나져

Feel the breeze
나만 들리는 소리
I can 
tell myself that
 
I DO ME, I DO me right
그냥 I DO ME, I DO ma way
다른 그림들은 upside-down 
결국 내가 가는 길이야

남 눈치s, Why do you care?
I'm just 달릴 거야 멋대로
Still, pinky 노을빛 
날개를 달고
 
‘이걸 해야 돼.’
‘거길 가야 돼.’
상관없죠, 
난 '내'가 될 거에여
콩 무당벌레, 
That's my piercing
I'm screaming Yeah! 
난, 나답게 더 잘해여
 
Feel the breeze
나만 들리는 소리
I can
tell myself that

I DO ME, I DO me right
그냥 I DO ME, I DO ma way 
다른 그림들은 upside-down
결국 내가 가는 길이야

남 눈치s, Why do you care?
I'm just 달릴 거야 멋대로
Still, pinky 노을빛 
날개를 달고
I run in the air!
 
잠 못 드는 밤, 나 달빛 보며 
Maybe, I'm 별난 아이
Maybe, 내 꿈 의심 들 때도
Keep it in your soul

내 상상보다 
더 큰 나였어
겁 없는 my face, no need to chase
Eyes closed and 들려 whispering
""I do me, I do it my way!""
 
I DO ME, I DO me right 
그냥 I DO ME, I DO ma way
다른 그림들은 upside-down
결국 내가 가는 길이야

남 눈치s, Why do you care?
I'm just 달릴 거야 멋대로
Still, pinky 노을빛 
날개를 달고 
I run in the air!",https://ai-vocal-training.s3.ap-northeast-2.amazonaws.com/album_cover/KiiiKiii 키키_I DO ME.jpg,2025.03.24
DRIP,BABYMONSTER,"When I dress I don’t think so much
I could be the GOAT
I don’t need too much
I’mma set a goal
I’mma eat that lunch
Baby so cold get that ice cream truck

찌릿찌릿 끼리끼리 놀아볼까
Kitty kitty yeah we gonna run this town
Hittin’ me up cause I got what they like
Baby got no chance better hit that dance

Mmm, na-na-na
I’ll be there 고민하지 마
Uh, na-na-na
I’ll be there 망설이지 마

But you don’t know ’bout me
Yeah yeah, you gon’ know ’bout me boy
아름다운 별들이 빛나는 밤이야

Mmmh, what you say
끝없는 가치
You know it’s all me

Got that
Ooh, what you say
Are you ready?
Set, turn on the lights

Baby got passion, ambition
난 보란 듯이
Look at that
온몸으로 느끼는 내 몸짓

Baby got
Drip, drip, drip, drip, drip, drip, drip
Baby got
Drip, drip, drip, drip, drip, drip, drip

Let ’em out
Monster, monster, monster came to conquer
Baby, holla wassup
We the best, the rest confess, we blessed
판을 180도 바꿔

Y to the G, no copy, no Knock off
Bet on my life this pitch I’m gon’ walk-off
MONSTIEZ 꽉 잡아 Hold tight
끝까지 밟아
You know we gon’ ride

Mmm, na-na-na
I’ll be there 고민하지 마
Uh, na-na-na
I’ll be there 망설이지 마

But you don’t know ’bout me
Yeah yeah, you gon’ know ‘bout me boy
아름다운 별들이 빛나는 밤이야

Mmmh, what you say
끝없는 가치
You know it’s all me

Got that
Ooh, what you say
Are you ready?
Set, turn on the lights

Baby got passion, ambition
난 보란 듯이
Look at that
온몸으로 느끼는 내 몸짓

Baby got
Drip, drip, drip, drip, drip, drip, drip
Baby got
Drip, drip, drip, drip, drip, drip, drip

가끔 쓰러진대도
I’mma shine as bright as diamonds
Say my name
다시 일어나
Now watch me do it all again

Baby got drip, drip, drip
Baby got, baby got, baby got
Drip, drip, drip
You know we got got that drip

Baby got drip, drip, drip
Baby got, baby got, baby got
Drip, drip, drip
Got that drip yeah",https://ai-vocal-training.s3.ap-northeast-2.amazonaws.com/album_cover/BABYMONSTER_DRIP.jpg,2024.11.01
Love wins all,아이유,"Dearest, Darling, My universe
날 데려가 줄래?
나의 이 가난한 상상력으론
떠올릴 수 없는 곳으로

저기 멀리 from Earth to Mars
꼭 같이 가줄래?
그곳이 어디든, 오랜 외로움
그 반대말을 찾아서 

어떤 실수로 
이토록 우리는 
함께일까

세상에게서 도망쳐 Run on
나와 저 끝까지 가줘 My lover
나쁜 결말일까 길 잃은 우리 둘 um

부서지도록 나를 꼭 안아
더 사랑히 내게 입 맞춰 Lover
Love is all Love is all
Love Love Love Love

결국, 그럼에도,
어째서 우리는
서로일까

세상에게서 도망쳐 Run on
나와 저 끝까지 가줘 My lover
나쁜 결말일까 길 잃은 우리 둘 um

찬찬히 너를 두 눈에 담아
한 번 더 편안히 웃어주렴

유영하듯 떠오른
그날 그 밤처럼,
나와 함께 겁 없이
저물어줄래? 

산산히 나를 더 망쳐 Ruiner
너와 슬퍼지고 싶어 My lover

필연에게서 도망쳐 Run on
나와 저 끝까지 가줘 My lover
일부러 나란히 길 잃은 우리 두 사람

부서지도록 나를 꼭 안아
더 사랑히 내게 입 맞춰 Lover
Our Love wins all Love wins all
Love Love Love Love",https://ai-vocal-training.s3.ap-northeast-2.amazonaws.com/album_cover/아이유_Love wins all.jpg,2024.02.20
청혼하지 않을 이유를 못 찾았어,이무진,"너에게 안 믿길 만큼 받은 게 참 많아요
우선은 너 하나, 그리고 우리란 말
사실 더할 나위 없이 그거면 됐지요
우리만의 기억 과분한 선물이지요

너로 인해 난 놀랍게도 변한 게 참 많아요
맘속엔 너와 날 가득히 채운 바다
잡은 두 손 사이로 붉은 실이 보이죠
어쩌면 정해져 있었던 걸지도

근데 있잖아 자연스런 고백이 난 제일 어려워
내 맘을 멋있게 전하고 싶어 고민했어
수많은 바람 끝에 너에게 할 말을 정했어
가장 솔직하고 감동적인 말

너에게 청혼하지 않을 이유를 못 찾았어
내 일상, 내 모든 하루는 너라서
그댄 오늘도 정말 예쁘네요
빛나줘 곁에서 부디 영원토록

수백 번 연습하며 오늘을 기다려왔어
어쩌면 어설픈 말들일지라도
그댈 내일 더 사랑할 거란 것
그게 내가 청혼할 이유
그 이유의 이유

마침내 전한 내 고백 조금은 수줍어도
굳게 잡은 두 손 놓지 않기로 약속
마지막까지도 꼭 함께하기로
그 마지막의 마지막의 마지막까지도

너에게 청혼하지 않을 이유를 못 찾았어
내 일상, 내 모든 하루는 너라서
그댄 오늘도 정말 예쁘네요
빛나줘 곁에서 부디 영원토록

수백 번 연습하며 오늘을 기다려왔어
어쩌면 어설픈 말들일지라도
그댈 내일 더 사랑할 거란 것
그게 내가 청혼할 이유
그 이유의 이유

많은 사람들 중에
그 많은 순간들 중에
만난 우리
우연과 얽힌 운명들 중에
가장 찬란한 순애
그 서막 끝의 무대

너에게 청혼하지 않을 이유를 못 찾은 것
기억 속 찬란함이 온통 너란 것
그댄 오늘도 정말 예쁘단 것
전부야 너무나 당연한 이유가

난 이제 준비해 둔 모든 말을 꺼내 뒀어
항상 내 맘 한켠 담아뒀던 프러포즈
그댄 내일도 아름다울 거란 것
그게 내가 청혼한 이유
그저 너란 이유",https://ai-vocal-training.s3.ap-northeast-2.amazonaws.com/album_cover/이무진_청혼하지 않을 이유를 못 찾았어.jpg,2024.04.02
고민중독,QWER,"One! Two! Q! W! E! R! 

어떤 인사가 괜찮을까 천 번쯤 상상해 봤어
근데 오늘도 천 번 하고 한 번 더 고민 중

막상 네 앞에 서니 꽁꽁 얼어버렸다
숨겨왔던 나의 맘 절반의 반도 주지를 못했어

아, 아, 아직은
준비가 안됐다구요
소용돌이쳐 어지럽다구

쏟아지는 맘을 멈출 수가 없을까?
너의 작은 인사 한마디에 요란해져서
네 맘의 비밀번호 눌러 열고 싶지만
너를 고민고민해도 좋은 걸 어쩌니

거울 앞에서 새벽까지 연습한 인사가
손을 들고 웃는 얼굴을 하고서 고개를 숙였다

아, 아, 아직도 준비가 안됐나 봐요
소용돌이쳐 어지럽다구

쏟아지는 맘을 멈출 수가 없을까?
너의 작은 인사 한마디에 요란해져서
네 맘의 비밀번호 눌러 열고 싶지만
너를 고민고민해도 좋은 걸

이러지도 저러지도 못하는데
속이 왈칵 뒤집히고
이쯤 왔으면 눈치 챙겨야지
날 봐달라구요!

좋아한다 너를 좋아한다 좋아해

너를 많이 많이 좋아한단 말이야
벅차오르다 못해 내 맘이 쿡쿡 아려와
두 번은 말 못 해 너 지금 잘 들어봐
매일 고민하고 연습했던 말
좋아해",https://ai-vocal-training.s3.ap-northeast-2.amazonaws.com/album_cover/QWER_고민중독.jpg,2024.04.01
그날이 오면,투모로우바이투게더,"끝이 아니길 기도해
이 밤을 붙잡고 싶어져
이대로는 널 못 보내
무엇도 우릴 갈라놓을 순 없으니까

Now I know I'm a bad boy
And I know you're a good girl

사랑에 먼 내 눈이 서툰 마음만 앞세워
수많은 상처를 주고 많이도 널 울렸지
마음대로 안 돼 널 사랑하는 게

젊은 날의 우리 둘
설익은 내 첫사랑의 기억
이 노래가 우리를
그때로 다시 돌려줄 수 있길

그날이 오면 그땐 말할게
내 생애 전부는 너였다고

그리움의 끝 그날이 오면
나 달려갈게 너에게

I will be missin' you
I will be missin' you
운명처럼 그날이 온다면

I will be missin' you
I will be missin' you
우리 다시 만날 수 있길
바라고 또 바래

우린 너무 일찍 만난 것 같다고
Too young to know love
아직 모르는 것들이 너무 많다고
Don't know how to love

그땐 몰랐던 것들이 이제서야 이해돼
지금 알고 있는 것들
그때 알았더라면 조금은 달라졌을까

그래 그땐 우리 좀 어렸었지
모든 게 처음처럼 어려웠지
One little boy and a little girl

그때의 우리가 너무도 그리워
If I could turn back time 
(그리워)
I wanna turn back time 
(네가 너무 보고 싶어)

그날이 오면 그땐 말할게
내 생애 전부는 너였다고

그리움의 끝 그날이 오면
나 달려갈게 너에게

I will be missin' you
I will be missin' you
운명처럼 그날이 온다면

I will be missin' you
I will be missin' you
우리 다시 만날 수 있길
바라고 또 바래

간절했던 나의 바람이 기적처럼 이뤄진다면
널 다시 안아줄 수 있는 그날이 온다면

I will be missin' you, I will be missin' you
운명처럼 그날이 온다면
I will be missin' you, I will be missin' you
그때로 돌아갈 수 있길

그날이 오면 그땐 말할게
내 생애 전부는 너였다고

그리움의 끝 그날이 오면
나 달려갈게 너에게

I will be missin' you
I will be missin' you
운명처럼 그날이 온다면

I will be missin' you
I will be missin' you
우리 다시 만날 수 있길
바라고 또 바래",https://ai-vocal-training.s3.ap-northeast-2.amazonaws.com/album_cover/투모로우바이투게더_그날이 오면.jpg,2025.05.11
슬픈 초대장,순순희(지환),"내 야윈 손위로 온 초대장 위에
널 데려간다는 그와 네 이름
오래전 헤어지던 날
자꾸 내 눈앞에 스쳐
혼자서도 난 서글픈데

수화기 너머로 젖은 네 목소리
그때 왜 날 보내줬냐고
첨부터 널 사랑했다면
마지막까지 붙잡아야 했다고

그 많은 사연들 다 버려둔 채로
날 떠난 너였잖아
지금 그를 사랑한다면서

왜 이제 와서 또 바보처럼 흔들려
누굴 위해 돌아봐
아픈 가슴 추억으로 달래며
네 행복을 믿었는데

차라리 날 다 지워버려
넌 그를 택한 세상에 후회하지 않도록 
남들처럼 나도 멀리서 나마
축하하고 싶으니

다 기억할 만큼 모질지 못한 너
날 두 번 울리잖아
되돌리긴 너무 늦었는데

왜 이제 와서 또 바보처럼 흔들려
누굴 위해 돌아봐
아픈 가슴 추억으로 달래며
네 행복을 믿었는데

차라리 날 다 지워버려
넌 그를 택한 세상에 후회하지 않도록
남들처럼 나도 멀리서 나마
축하하고 싶으니

부디 가서 영원해 줘",https://ai-vocal-training.s3.ap-northeast-2.amazonaws.com/album_cover/순순희지환_슬픈 초대장.jpg,2023.12.19
첫 만남은 계획대로 되지 않아,TWS (투어스),"Ay ay ay ay ay

거울 속에 내 표정 봐 봐
느낌 So good 기다려온 D-day
연습했던 손든 인사도 그대로 하면 돼
Hairstyle check하고 한 번 Turn around

발걸음은 매일 걷던 그 길로
계획은 완벽
빨리 말 걸어보고 싶어, Hey

Woo 문 앞에서 셋을 세어본다, Yeh

(셋, 둘, 하나)

첫 만남은 너무 어려워
계획대로 되는 게 없어서
첫 만남은 너무 어려워
내 이름은 말야

Hey,
안녕, 첫 마디를 건넬 때
주변 소린 Canceled
네 말소리는 Playlist

Yeh,
질문은 나의 용기, 알려줘 너의
“이름이 뭐야?”

너와 내 거리는 세 걸음 남았어, Yeh

(셋, 둘, 하나)

첫 만남은 너무 어려워
계획대로 되는 게 없어서
첫 만남은 너무 어려워
내 이름은 말야

이 순간, Feels so wonderful
조금은 뚝딱거려도
어색한 인사까지도
너와 나의 첫 만남

우리의 사이 Beautiful
내일도 내일모레도
기억해, 영원히 반짝일 순간

Wait wait!

Na na na-

이렇게 만나서 반가워
내일 또 봐 안녕",https://ai-vocal-training.s3.ap-northeast-2.amazonaws.com/album_cover/TWS 투어스_첫 만남은 계획대로 되지 않아.jpg,2024.01.22
주저하는 연인들을 위해,잔나비,"나는 읽기 쉬운 마음이야
당신도 스윽 훑고 가셔요
달랠 길 없는 외로운 마음 있지
머물다 가셔요 음
내게 긴 여운을 남겨줘요
사랑을 사랑을 해줘요
할 수 있다면 그럴 수만 있다면
새하얀 빛으로 그댈 비춰 줄게요
그러다 밤이 찾아오면
우리 둘만의 비밀을 새겨요
추억할 그 밤 위에 갈피를 꽂고선 
남몰래 펼쳐보아요
나의 자라나는 마음을
못 본 채 꺾어 버릴 순 없네
미련 남길바엔 그리워 아픈 게 나아
서둘러 안겨본 그 품은 따스할 테니
그러다 밤이 찾아오면
우리 둘만의 비밀을 새겨요
추억할 그 밤 위에 갈피를 꽂고선 
남몰래 펼쳐보아요
언젠가 또 그날이 온대도
우린 서둘러 뒤돌지 말아요
마주보던 그대로 뒷걸음치면서
서로의 안녕을 보아요
피고 지는 마음을 알아요
다시 돌아온 계절도
난 한 동안 새 활짝 피었다 질래
또 한번 영원히
그럼에도 내 사랑은
또 같은 꿈을 꾸고
그럼에도 꾸던 꿈을
난 또 미루진 않을거야",https://ai-vocal-training.s3.ap-northeast-2.amazonaws.com/album_cover/잔나비_주저하는 연인들을 위해.jpg,2019.03.13
PO￦ER,G-DRAGON,"When G.D’s in the house (Übermensch)
When G.D’s in the house 
Guess who’s back (It’s ur boy G.D)

Now I got the power, The power power up power power
The power up power power yet, yet
억까 짤 퍼다 샬라샬라하다가 shout out
Pump up the power 난 자유로워 yap, yap
Do not waste your time yea it’s gotta be me
Prove ‘em all wrong I’ve got all the receipts
I got the power the power power up power
나는 나다워서 아름다워 yep, yep

애들이 나보고 개꿀이라더군
댓글 리플 관종 걔들 입틀막고
2세대 한정품이 세기의 완성품
(Like a Dragon fly) 누울 자리 글로 발명품

Hi-Hey-How u doin’ My-my name is (Called)
G to the D or ‘GOAT’ the livin’ legend
King is still poppin’ (star) ’K‘- 다시
I heard you’ve got the straight flush (Whateva) “He’s 4ever royal.”

I don’t give a 쉬-잇 웃다 끝 ‘돈’ 기부 ‘억’ 씨-익
권력오남용 묻고 관용 천재 지병 불가항력
Way too strong I’ve got that

Now I got the power, The power power up power power
The power up power power yet, yet
억까 짤 퍼다 샬라샬라하다가 shout out
Pump up the power 난 자유로워 yap, yap
Do not waste your time yea it’s gotta be me
Prove ‘em all wrong I’ve got all the receipts
I got the power the power power up power
나는 나다워서 아름다워 yep, yep

일당백 ‘지뢰밭’ 본업이(Born to be) ‘BANG’ Nothin’ U ain’t know But A ‘G’ Thang
But my girl, Y’all my brothers (Who run the world?) The world is yours
동서남북 Asia (미르시여) Europe to Australia (나르샤) Africa 2 America (어서옵쇼)
Started from the bottom ‘Now, Here’ (아리랑)

I don’t give a 쉬-잇 웃다 끝 ‘돈’ 기부 ‘억’ 씨-익
권력오남용 묻고 관용 천재 지병 불가항력
Way too strong I’ve got that

Now I got the power, The power power up power power
The power up power power yet, yet
억까 짤 퍼다 샬라샬라하다가 shout out
Pump up the power 난 자유로워 yap, yap
Do not waste your time yea it’s gotta be me
Prove ‘em all wrong I’ve got all the receipts
I got the power the power power up power
나는 나다워서 아름다워 yep, yep

I got the power the power power, “88 날아.”",https://ai-vocal-training.s3.ap-northeast-2.amazonaws.com/album_cover/G-DRAGON_POER.jpg,2024.10.31
너의 모든 순간,성시경,"이윽고 내가 한눈에
너를 알아봤을 때
모든 건 분명 달라지고 있었어
내 세상은 널 알기 전과 후로 나뉘어
니가 숨 쉬면 따스한 바람이 불어와
니가 웃으면 눈부신 햇살이 비춰
거기 있어줘서 그게 너라서
가끔 내 어깨에 가만히 기대주어서
나는 있잖아 정말 빈틈없이 행복해
너를 따라서 시간은 흐르고 멈춰
물끄러미 너를 들여다 보곤 해
그것 말고는 아무것도 할 수 없어서
너의 모든 순간 그게
나였으면 좋겠다
생각만 해도 가슴이 차올라
나는 온통 너로
보고 있으면 왠지 꿈처럼 아득한 것
몇 광년 동안 날 향해 날아온 별빛 
또 지금의 너
거기 있어줘서 그게 너라서
가끔 나에게 조용하게 안겨주어서
나는 있잖아 정말 남김없이 고마워
너를 따라서 시간은 흐르고 멈춰
물끄러미 너를 들여다보곤 해
너를 보는 게 나에게는 사랑이니까
너의 모든 순간 그게
나였으면 좋겠다
생각만 해도 가슴이 차올라
나는 온통 너로
니 모든 순간 나였으면",https://ai-vocal-training.s3.ap-northeast-2.amazonaws.com/album_cover/성시경_너의 모든 순간.jpg,2014.02.12
UP (KARINA Solo),aespa,"Yeah Yeah Uh
Woo Yeah Yeah Yeah

다들 뻔해 또 거짓말 Just fine
Don’t switch it up
Whenever you like
번듯한 말 Get it get it all out
I pump it, I pump it
I pump it up up

So we roll up
Every weekend
어디든 뛰어다녀
여기저기 Freakin
'Cause we be winning
be winning in a row
다 가져갈게 Yeah

Ima run it up
Get it get it all mine
한순간에
And I’m losing my mind
타올라 다 I’m never gon’ stop it
I pump it, I pump it
I pump it up

Spice it up up up, hold up
Burn it up simmer down, controlla
Up up up, roll up
내게 좀 더 가까이

살며시 스르르 스르르 스르르 널
감아 네 안에 모든 걸 잊게 해
Run it up up up up Yeah
I feel it in my body

Whippin whippin 
친절히 너를 감아내
이제부터
난 네 모든 걸 다 알아내
They hating
너나 나나 눈치는 없거든
They faking
괜히 들러붙기만 하거든

And like my my my so fine
Looking like a 10 10 10 times 5
왜 쉬어 Move
느낌을 알아 Get groove Uh

Ima run it up
Get it get it all mine
한순간에
And I’m losing my mind
타올라 다 I’m never gon’ stop it
I pump it, I pump it
I pump it up

Spice it up up up, hold up
Burn it up simmer down, controlla
Up up up, roll up
내게 좀 더 가까이

살며시 스르르 스르르 스르르 널
감아 네 안에 모든 걸 잊게 해
Run it up up up up Yeah
I feel it in my body

Knockin knockin knock
Make you fall in love
(Like a choir sings)
아무도 넘보지 못한 Height
다른 누구도 겸비 못 할

When I say never know
버려 Be watching how it’s done
Ima show you where I’m from
(Everybody knows
I don’t leave no clues)
Yeah

Spice it up up up, hold up
Burn it up simmer down, controlla
Up up up, roll up
내게 좀 더 가까이

꽉 잡아 놓지 마
네 안에 모든 걸 잊게 돼
Run it up up up up Yeah
I feel it in my body

Ima run it, Ima run it up
Spice it up up up, roll up",https://ai-vocal-training.s3.ap-northeast-2.amazonaws.com/album_cover/aespa_UP KARINA Solo.jpg,2024.10.09
나는 아픈 건 딱 질색이니까,i-dle (아이들),"오늘도 아침엔 입에 빵을 물고
똑같이 하루를 시작하고
온종일 한 손엔 아이스 아메리카노
피곤해 죽겠네

지하철 속 이 장면 어제 꿈에서 봤나
아참 매일이지 지나치고
바쁜 이 삶에 그냥 흔한 날에
그 애를 보고 말야

평온했던 하늘이 무너지고
어둡던 눈앞이 붉어지며
뭔가 잊고 온 게 있는 것 같아
괜히 이상하게 막 울 것만 같고
그냥 지나치는 게 나을 것 같아
나는 생각은 딱 질색이니까

카페인으로 잡은 정신은 빠졌고
하루 종일 신경 쓰여 토할 것 같아
저녁이 돼도 배고픔까지 까먹고
그치 이상하지 근데 말야 있잖아

처음 본 순간 뭐라 할까 그립달까
나도 웃긴데 말야

평온했던 하늘이 무너지고
어둡던 눈앞이 붉어지며
뭔가 잊고 온 게 있는 것 같아
괜히 이상하게 막 울 것만 같고
그냥 지나치는 게 나을 것 같아
나는 생각은 딱 질색이니까

오랫동안 나를 아는
슬픈 표정을 하고 Oh
흔적 없는 기억 밖
혹 과거에 미래에 딴 차원에 세계에
1 2 3 4 5 6 7 8

평온했던 하늘이 무너지고
어둡던 눈앞이 붉어져도
다시 놓쳐버리는 것만 같아
괜히 이상하게 막 울 것만 같고
그냥 지나치는 게 나을 것 같아
나는 생각은 딱 질색이니까

아냐 지나치는 게 나을 것 같아
나는 아픈 건 딱 질색이니까",https://ai-vocal-training.s3.ap-northeast-2.amazonaws.com/album_cover/i-dle 아이들_나는 아픈 건 딱 질색이니까.jpg,2024.01.29
Magnetic,아일릿(ILLIT),"Baby
I’m just trying to play it cool
But I just can’t hide that
I want you

Wait a minute 이게 뭐지?
내 심장이 lub-dub
자꾸만 뛰어

저 멀리서도 oh my gosh!
끌어당겨 you’re my crush!
초능력처럼

거대한 자석이 된 것만 같아 my heart
네 모든 게 내 맘에 달라붙어버려 boy

We’re magnetized 인정할게
This time I want

You You You You like it’s magnetic
U U U U U U U U super 이끌림
You You You You like it’s magnetic
U U U U U U U U super 이끌림

BAE BAE BAE BAE BAE BAE BAE BAE BAE 
Dash-da-da Dash-da-da Dash-da 
Like it’s magnetic
BAE BAE BAE BAE BAE BAE BAE BAE BAE 
Dash-da-da Dash-da-da
Baby don’t say no

정반대 같아 our type 
넌 J 난 완전 P 
S와 N 극이지만 
그래서 끌리지 

내가 만들래 green light
여잔 배짱이지 
So let’s go let’s go
Let’s go let’s go 

숨기고 싶지 않아 자석 같은 my heart 
내 맘의 끌림대로 너를 향해 갈게 boy 

We’re magnetized 인정할게
This time I want

You You You You like it’s magnetic
U U U U U U U U super 이끌림
You You You You like it’s magnetic
U U U U U U U U super 이끌림

No push and pull 
전속력으로 너에게 갈게
(In a rush in a rush) 
Our chemistry 
난 과몰입해 지금 순간에
(Baby you’re my crush you’re my crush)

No push and pull 
네게 집중 후회는 안 할래 
(Gonna dash gonna dash)
Never holding back
직진해 yeah 
This time I want

You You You You like it’s magnetic 
U U U U U U U U super 이끌림
You You You You like it’s magnetic
U U U U U U U U super 이끌림

BAE BAE BAE BAE BAE BAE BAE BAE BAE 
Dash-da-da Dash-da-da Dash-da 
Like it’s magnetic
BAE BAE BAE BAE BAE BAE BAE BAE BAE 
Dash-da-da Dash-da-da
Baby don’t say no",https://ai-vocal-training.s3.ap-northeast-2.amazonaws.com/album_cover/아일릿ILLIT_Magnetic.jpg,2024.03.25
에피소드,이무진,"나는 말야
버릇이 하나
있어 그건 매일 잠에 들 시간마다
잘 모아둔 기억 조각들 중
잡히는 걸 집은 후
혼자 조용히 꼬꼬무

이걸 난
궁상이란
이름으로 지었어 고민 고민하다가
아무튼 뭐 오늘은 하필이면
너가 스쳐버려서
우리였을 때로
우리 정말 좋았던 그때로

우리의 에피소드가
찬란하게 막을 연다
배경은 너의 집 앞
첫 데이트가 끝난
둘만의 에피소드가
참 예쁜 얘기로 시작
자작자작 조심스런 대화
그새 늦은 시간

굿바이
좋은 뜻일 뿐인 굿바이
With a happy smile
이게 이 스토리의 서막
눈 내리던 그 밤
겨울 향이 배어서
더 눈부신
우리의 에피소드다

매일이 마지막인 듯이
함께라면 어디든지
사랑이란 걸 끝도 없이
주고받고 나눴어 그치?
서로만 있음 마음이
시릴 날이 없던 우리
넌 오아시스 내겐 마치

근데 있잖아
별 소용없다?
생각만 해도 행복한 순간들은 말야
모른 척해도 결국엔 이건
끝을 봤던 에피소드
점점 점점 점점

우리의 에피소드가
결말에 가까워져가
곧 새드 엔딩이다
크레딧엔 너와 나
둘만의 에피소드가
참 쓸쓸한 끝을 맞아
두 주인공의 서글픈 마지막
결국 건넨 인사

굿바이
너무 아픈 이별의 굿바이
눈물이 뺨을 스쳐
도착한 입가엔 미소
애써 웃고 있어
우린 서로를 보며
첨 같던 미소로 안녕
웃으며 안녕

눈 뜨면 에필로그다
침대에 기대어 혼자
펑펑 울고 있는 나
이 궁상 밖의 난
둘만의 에피소드완
전혀 다른 모습 난 그날
돌아서지 말았어야 했다
널 안았어야 했다

그 밤
눈꽃이 널 덮은 그 밤의
향을 잊음과
함께 잃었던 따스함
춥게 눈을 뜬다
겨울밤이 되어서
맞이한 향이
우리의 에피소드다",https://ai-vocal-training.s3.ap-northeast-2.amazonaws.com/album_cover/이무진_에피소드.jpg,2023.12.13
비의 랩소디,임재현,"이젠 눈물 그쳐 나를 봐요
우는 그대 더 아름다워
내게 이 모습조차 더 남지 않도록
그냥 고개 돌려요
그저 미안한 마음뿐이죠
그댈 위해 해줄 게 없어
모두 이해할게요 그댈 아끼는 맘
그분들도 같을 거란 걸

한참 동안을 비틀거렸죠
그댈 사랑했던 그만큼
떠나가요 아주 먼 곳으로
그대 소식 내게 올 수 없을 그만큼
다 잊어요 내겐 마지막이 될
사람도 모두 다 버려두고 갈게요

나를 위해 많이 애썼단 걸
알고 있죠 난 감사해요
허나 이룰 수 없는 건 어쩔 수 없죠
내가 용기 낼게요 이젠
죽는 날까지 사랑한대도
가질 수 없는 그대인걸

떠나가요 아주 먼 곳으로
그대 소식 내게 올 수 없을 그만큼
다 잊어요 내겐 마지막이 될
사람도 모두 다 버려두고 갈게요

떠나가요 아주 먼 곳으로
그대 소식 내게 올 수 없을 그만큼
혹시라도 내가 그리울 때면
세상에 내가 없다고 믿어요",https://ai-vocal-training.s3.ap-northeast-2.amazonaws.com/album_cover/임재현_비의 랩소디.jpg,2023.12.03
How Sweet,NewJeans,"All I know is now
알게 됐어 나 (I know)
그동안 맨날
Always up and down (No more)
생각 또 생각
Spinnin’ ‘round and ‘round
Changing my mind

수상해서 그렇지 
이런 헛소리 (No more)
How it’s supposed to be
그만해 cus it’s clear (It’s simple)
It’s like biting an apple

Toxic lover
You’re no better, 거기 숨지 말고 얼른 나와
You little demon in my storyline
Don’t knock on my door, I’ll see you out

And don’t you know how sweet it tastes
(How sweet it tastes)
Ya don’t you know how sweet it tastes
(How sweet it tastes)
Ya don’t you know how sweet it tastes
Now that I’m without you

나 더는 묻지 않을래
(How sweet it tastes) 
알려주지 않아도 돼
(How sweet it tastes) 
Wow don’t you know how sweet it tastes
Now that I’m without you

모든 게 typical
So I’ve been praying so hard for a miracle
부르고 있어 나의 이름을
더는 안 봐 drama it’s good karma 
Done scrolling thousand times
다 알고 있어 뻔한 수작일 뿐이야
완전 쉬운 공식이야 
It’s like biting an apple

And don’t you know how sweet it tastes
(How sweet it tastes)
Ya don’t you know how sweet it tastes
(How sweet it tastes)
Ya don’t you know how sweet it tastes
Now that I’m without you

나 더는 묻지 않을래
(How sweet it tastes) 
알려주지 않아도 돼
(How sweet it tastes) 
Wow don’t you know how sweet it tastes
Now that I’m without you

I won’t wait, I’m feeling
My own way, I’m in it
Cause me and you are diﬀerent
So I won’t stay, I’m leaving
I won’t wait, I’m feeling
My own way, I’m in it
Cause me and you are diﬀerent
So I won’t stay, I’m leaving

And don’t you know how sweet it tastes
(How sweet it tastes)
Ya don’t you know how sweet it tastes
(How sweet it tastes)
Ya don’t you know how sweet it tastes
Now that I’m without you

나 더는 묻지 않을래
(How sweet it tastes) 
알려주지 않아도 돼
(How sweet it tastes) 
Wow don’t you know how sweet it tastes
Now that I’m without you

Toxic lover
You’re no better, 거기 숨지 말고 빨리 나와
You little demon in my storyline
Don’t knock on my door 너 얼른 나가버려

Toxic lover
You’re no better, 거기 숨지 말고 얼른 나와
You little demon in my storyline
Don’t knock on my door, I’ll see you out",https://ai-vocal-training.s3.ap-northeast-2.amazonaws.com/album_cover/NewJeans_How Sweet.jpg,2024.05.24
사랑인가 봐,멜로망스,"너와 함께 하고 싶은 일들을
상상하는 게
요즘 내 일상이 되고
너의 즐거워하는 모습을 보고 있으면
자연스레 따라 웃고 있는 걸
너의 행동에 설레어하고 뒤척이다가
지새운 밤이 많아지는데
이건 누가 봐도 사랑일 텐데
종일 함께면 질릴 텐데
나 돌아서도 온통 너인 건
아무래도 사랑인가 봐
점점 너와 하고 싶은 일들 생각하면서
하룰 보낸 날이 많아지는데
이건 누가 봐도 사랑일 텐데
종일 함께면 질릴 텐데
나 돌아서도 온통 너인 건
아무래도 사랑인가 봐
너의 행복해하는 모습을 보고 있으면
나도 모르게 따라 웃는데
이 정도면 알아줄 만하잖아
너도 용기 낼만 하잖아
나만 이런 게 아니라면
우리 만나볼 만하잖아
아무래도 사랑인가 봐",https://ai-vocal-training.s3.ap-northeast-2.amazonaws.com/album_cover/멜로망스_사랑인가 봐.jpg,2022.02.18
"모든 날, 모든 순간 (Every day, Every Moment)",폴킴,"네가 없이 웃을 수 있을까
생각만 해도 눈물이나
힘든 시간 날 지켜준 사람
이제는 내가 그댈 지킬 테니
너의 품은 항상 따뜻했어
고단했던 나의 하루에
유일한 휴식처
나는 너 하나로 충분해
긴 말 안 해도 눈빛으로 다 아니깐
한 송이의 꽃이 피고 지는
모든 날 모든 순간 함께해
햇살처럼 빛나고 있었지
나를 보는 네 눈빛은
꿈이라고 해도 좋을 만큼
그 모든 순간은 눈부셨다
불안했던 나의 고된 삶에
한줄기 빛처럼 다가와
날 웃게 해준 너
나는 너 하나로 충분해
긴 말 안 해도 눈빛으로 다 아니깐
한 송이의 꽃이 피고 지는
모든 날 모든 순간 함께해
알 수 없는 미래지만
네 품속에 있는 지금 순간 순간이
영원 했으면 해
갈게 바람이 좋은 날에
햇살 눈부신 어떤 날에 너에게로
처음 내게 왔던 그날처럼
모든 날 모든 순간 함께해",https://ai-vocal-training.s3.ap-northeast-2.amazonaws.com/album_cover/폴킴_모든 날 모든 순간 Every day Every Moment.jpg,2018.03.20
다정히 내 이름을 부르면,"경서예지, 전건호","끝없이 별빛이 내리던 밤
기분 좋은 바람이
두 뺨을 스치고 
새벽 바다 한곳을 보는
아름다운 너와 나
그림을 그려갔어
모래 위 떨린 손끝으로
날 향해 웃어주는 입술
끝 모양과 저 달보다
사랑스러운 두 눈을 가진 네가
다정히 내 이름을
부르면 내 마음이
녹아내려 언제나
나 하날 위해 준비된
선물 같아 널 안으면
잠들지 않는 바다 위를
너와 함께 걷는 거 같아
하늘 아래 너와 나
남은 내 모든 날을 너에게
다 줘도 안 아까워
이제서야 내가
사랑에 눈을 뜬 건 가봐
경험하지 못했고
믿기지 않는 일만
일어나고 있는 거 아니
5월에 피는 봄꽃 처럼
내 사랑도 피어나
부는 바람에 살며시 실어 보내
다정히 내 이름을
부르면 내 마음이
녹아내려 언제나
나 하날 위해 준비된
선물 같아 널 안으면
잠들지 않는 바다 위를
너와 함께 걷는 거 같아
하늘 아래 너와 나
설레는 지금이
꿈이 아닌 걸 알잖아
난 더 바랄 게 없어
먼 훗날 내 생애
아주 작은 소리로
귓가에 말할 거야
내 곁에 머물러줘서
마음 다해 고맙다고
어떤 말로도 표현 못 할
내 인생의 전부였다고
이 순간 너를 꼭 안고
고백할게 언제나
우리 모든 날들과
별빛 아래 우리 그림자
제일로 특별하다고
길고 긴 겨울 끝을 지나
너의 앞에 서있는 지금
선명한 목소리로
널 사랑한다고
말할게",https://ai-vocal-training.s3.ap-northeast-2.amazonaws.com/album_cover/경서예지 전건호_다정히 내 이름을 부르면.jpg,2021.05.19
Supersonic,프로미스나인,"You 이른 아침 해는 너무
뜨겁고 짜증만 타올라
적셔도 계속 목이 타지
그땐 불러봐 I’ll be right there from now

911 Calling calling
끈적인 Sweaty sweaty
지친 도시 속 널 깨워낼 My siren
I like that 너만 있다면 I’m okay

언제든 Day and night
Hit me hit me up
Hit me hit me up now oh
네 맘속 Delight
Show me right now yeah
Show me right now woo

Super Super
Supersonic Supersonic uh
Super Super
Supersonic Supersonic uh
By my side
Show me right now yeah
Show me oh Supersonic

Heat and sweat 단숨에 후 세게 Blow
We got that 이대로 Go with the flow
달라진 온도 차오른 설렘 Overload
자 지금부터 뛰어들어 Ready set you go

Don’t be worried 뜨거운 열기
손짓 한 번에 다 숨죽여
You’ll like that 언제 어디든 I’ll be there

언제든 Day and night
Hit me hit me up
Hit me hit me up now oh
네 맘속 Delight
Show me right now yeah
Show me right now woo
Super Super
Supersonic Supersonic uh
Super Super
Supersonic Supersonic uh
By my side
Show me right now yeah
Show me oh Supersonic

다시 또 여름이 다가오면
말하지 않아도 알 수 있어
지친 너를 구할 방법을
For you

길었던 Day and night
Hit me hit me up
Hit me hit me up now oh
네 맘 다 Untie
Show me right now yeah
Show me right now woo

Super Super
Supersonic Supersonic uh
Super Super
Supersonic Supersonic uh
Don’t deny
Show me right now yeah
Show me oh Supersonic",https://ai-vocal-training.s3.ap-northeast-2.amazonaws.com/album_cover/프로미스나인_Supersonic.jpg,2024.08.12
I AM,IVE (아이브),"다른 문을 열어 따라 갈 필요는 없어
넌 너의 길로 난 나의 길로 음
하루하루마다 색이 달라진 느낌
밝게 빛이 나는 길을 찾아
I’m on my way 넌 그냥 믿으면 돼
I’m on my way 보이는 그대로야
너는 누군가의 Dreams come true
제일 좋은 어느 날의 데자뷰
머물고픈 어딘가의 낯선 뷰
I’ll be far away
That’s my
Life is 아름다운 갤럭시
Be a writer, 장르로는 판타지
내일 내게 열리는 건 big big 스테이지
So that is who I am
Look at me
Look at me
Look at me
now
어제랑 또 다른 짜릿한 나
두려운 모든 게 설레이게
I’m in sky high, OMG
사소한 건 다 아득해져 와
Look at me now
Look at me now
I’m on fire
I’m on my way 넌 그냥 믿으면 돼
I’m on my way 보이는 그대로야
너는 누군가의 Dreams come true
제일 좋은 어느 날의 데자뷰
머물고픈 어딘가의 낯선 뷰
I’ll be far away
That’s my
Life is 아름다운 갤럭시
Be a writer, 장르로는 판타지
내일 내게 열리는 건 big big 스테이지
So that is who I am
어느 깊은 밤 길을 잃어도
차라리 날아올라 그럼 네가
지나가는 대로 길이거든
1, 2, 3
1, 2, 3
1, 2, 3
Fly up
I hope you’d be someone’s
dreams come true
제일 좋은 어느 날의 데자뷰
머물고픈 어딘가의 낯선 뷰
I’ll be far away
That’s my
Life is 아름다운 갤럭시
Be a writer, 장르로는 판타지
내일 내게 열리는 건 big big 스테이지
So that is who I am",https://ai-vocal-training.s3.ap-northeast-2.amazonaws.com/album_cover/IVE 아이브_I AM.jpg,2023.04.10
Hype Boy,NewJeans,"(1,2,3,4)
Baby, got me looking so crazy
빠져버리는 daydream
Got me feeling you
너도 말해줄래

누가 내게 뭐라든
남들과는 달라 넌
Maybe you could be the one

날 믿어봐 한번
I’m not looking for just fun
Maybe I could be the one

Oh baby
예민하대 나 lately
너 없이는 매일 매일이 yeah
재미없어 어쩌지

I just want you
Call my phone right now
I just wanna hear you’re mine

‘Cause I know what you like boy
You’re my chemical hype boy
내 지난날들은
눈 뜨면 잊는 꿈
Hype boy 너만 원해
Hype boy 내가 전해

And we can go high
말해봐 yeah
느껴봐 mm mm
Take him to the sky
You know I hype you boy

눈을 감아
말해봐 yeah
느껴봐 mm mm
Take him to the sky
You know I hype you boy

잠에 들려고 잠에 들려 해도
네 생각에 또 새벽 세 시 uh-oh
알려줄 거야 they can’t have you no more
봐봐 여기 내 이름 써있다고
누가 내게 뭐라든
남들과는 달라 넌
Maybe you could be the one

날 믿어봐 한번
I’m not looking for just fun
Maybe I could be the one

Oh baby
예민하대 나 lately
너 없이는 매일 매일이 yeah
재미없어 어쩌지

I just want you
Call my phone right now
I just wanna hear you’re mine

‘Cause I know what you like boy
You’re my chemical hype boy
내 지난날들은
눈 뜨면 잊는 꿈
Hype boy 너만 원해
Hype boy 내가 전해

And we can go high
말해봐 yeah
느껴봐 mm mm
Take him to the sky
You know I hype you boy

눈을 감아
말해봐 yeah
느껴봐 mm mm
Take him to the sky
You know I hype you boy",https://ai-vocal-training.s3.ap-northeast-2.amazonaws.com/album_cover/NewJeans_Hype Boy.jpg,2022.08.01
헤어지자 말해요,박재정,"헤어지자고 말하려 오늘
너에게 가다가 우리 추억 생각해 봤어
처음 본 네 얼굴
마주친 눈동자
가까스로 본 너의 그 미소들
손을 잡고 늘 걷던 거리에
첫눈을 보다가 문득 고백했던 그 순간
가보고 싶었던 식당
난생처음 준비한 선물
고맙다는 너의 그 눈물들이
바뀔까 봐 두려워
그대 먼저 헤어지자 말해요
나는 사실 그대에게 좋은 사람이 아녜요
그대 이제 날 떠난다 말해요
잠시라도 이 행복을 느껴서 고마웠다고
시간이 지나고 나면 나는
어쩔 수 없을 걸 문득 너의 사진 보겠지
새로 사귄 친구 함께
웃음 띤 네 얼굴 보면
말할 수 없을 묘한 감정들이
힘들단 걸 알지만
그대 먼저 헤어지자 말해요
나는 사실 그대에게 좋은 사람이 아녜요
그대 이제 날 떠난다 말해요
잠시라도 이 행복을 느껴서 고마웠다고
한 번은 널 볼 수 있을까
이기적인 거 나도 잘 알아
그땐 그럴 수밖에 없던
어린 내게 한 번만 더 기회를 주길
그댈 정말 사랑했다 말해요
나는 사실 그대에게
좋은 사람이 되고 싶었어
영영 다신 못 본다 해도
그댈 위한 이 노래가
당신을 영원히 사랑할 테니",https://ai-vocal-training.s3.ap-northeast-2.amazonaws.com/album_cover/박재정_헤어지자 말해요.jpg,2023.04.20
인사,범진,"돌아서는 너를 보며
난 아무 말도 할 수 없었고
슬퍼하기엔 짧았던
나의 해는 저물어 갔네
지나치는 모진 기억이
바람 따라 흩어질 때면
아무 일도 없듯이 보내주려 해
아픈 맘이 남지 않도록
안녕 멀어지는 나의 하루야
빛나지 못한 나의 별들아
차마 아껴왔던 말 이제서야
잘 지내 인사를 보낼 게
떠나가는 너를 보며
난 아무 말도 할 수 없었고
슬퍼하기엔 짧았던
나의 해는 저물어 갔네
돌이킬 순 없는 추억이
바람 따라 흩어질 때면
아무 일도 없듯이 보내주려 해
아픈 맘이 남지 않도록
안녕 멀어지는 나의 하루야
빛나지 못한 나의 별들아
차마 아껴왔던 말 이제서야
잘 지내 인사를 보낼 게
잘 지내 인사를 보낼 게",https://ai-vocal-training.s3.ap-northeast-2.amazonaws.com/album_cover/범진_인사.jpg,2021.12.24
Sticky,KISS OF LIFE,"How long before we fall in love
How long before we fall in love

Here’s a ticket
Baby wanna go out?
푸른 Palm tree
우릴 부르잖아
Don’t be picky
Yeah 누벼 이 Town 위를
Feel like I’m hot stuff
You’re my rock star

Hear me now
바람은 Sweet and salty
Margarita같이
Here on out
이 여름 위를 Driving
Won’t you navigate me

How long before we fall in love
(널 마주친 순간 I fly high)
How long before we fall in love
(Let me know let me know)
Oh 뛰어들어 둘만의 Ocean dive
왠지 묘한 이 느낌 녹아내려
Sticky sticky sticky sticky

Love got so poppin’ flavor
예상 못 한 New taste
나른해 Summer fever 내리질 않네

So hear me now
달콤한 맘이 Drippin’
Like gelato melting
Here on out
심장에 남긴 Darlin’
Won’t you navigate me

How long before we fall in love
(널 마주친 순간 I fly high)
How long before we fall in love
(Let me know let me know)
Oh 뛰어들어 둘만의 Ocean dive
왠지 묘한 이 느낌 녹아내려
Sticky sticky sticky sticky

오늘 같은 날이 더 없대도
I wanna keep on staying
Know you’d make me fly away
오렌지빛 물든 저 노을에 Kiss it
So say yeah

Sticky sticky sticky sticky
And you’re the one who’s with it
With it with it with me

Yeah 느려져도 돼 Like slomo motion
I’d take you to the new world so boy
발 닿는 대로 가 There’s no way
그리곤 내게로 와 Follow my lead
Let’s get it yeah

How long before we fall in love
(저 나비처럼 난 Go round round)
How long before we fall in love
(Let me know let me know)
I like it 눈부신 여름빛
지금 우린 
Sticky sticky sticky sticky",https://ai-vocal-training.s3.ap-northeast-2.amazonaws.com/album_cover/KISS OF LIFE_Sticky.jpg,2024.07.01
123-78,BOYNEXTDOOR,"Give me straight gin
양말 하나 남기지 않고 
떠난 널 위해 cheers

Wish you saw this
엉망이 돼 버린 내 자태
Oh my baby

실컷 두들겨 맞은 마음
전부 무너진 꼴 좀 봐 
이 정도 했음 됐잖아요 
Count 1 to 10
Turn to turn to my heart
123-78

My baby Georgia, baby Georgia
Can’t take my eyes off you
My hometown is only you
Baby Georgia, baby Georgia
Don’t break my home no more
There is nowhere to go

10초 아니 10년을 세어도
All I want is you
L - o - v - e is you

그 여자를 왜 좋아하냐구요?
딱히 이유랄 게 있을까요
그냥 다 좋은데
뭐 하나를 꼽자면
노래를 잘 불러서는 아니고
Just because it’s you

비가 주르륵 내린 다음
눈이 사르르 녹은 다음
그 정도 하고 돌아와요 
Count 1 to 10
Turn to turn to my heart
123-78

My baby Georgia, baby Georgia
Can’t take my eyes off you
My hometown is only you
Baby Georgia, baby Georgia
Don’t break my home no more
There is nowhere to go

10초 아니 10년을 세어도
All I want is you
L - o - v - e is you

10초 아니 10년을 세어도
All I want is you
L - o - v - e is you
Is you!",https://ai-vocal-training.s3.ap-northeast-2.amazonaws.com/album_cover/BOYNEXTDOOR_123-78.jpg,2025.05.13
이렇게 좋아해 본 적이 없어요,BOYNEXTDOOR,"따스한 바람이 불어오는 날엔
포근한 미소로 나를 또 반겨주던
그대란 사람 설레는 이 맘
이렇게 난 너에게 빠졌나 봐
수줍은 듯 옆에 있어주던 그대
느껴본 적 없는 이런 설렘이
누군가를 짝사랑하는 마음인가 봐
그냥 아쉬움만 남는걸
이렇게 좋아해 본 적이 없어요
눈만 뜨면 그대가 참 보고 싶어요
오늘은 그대 내 곁에서
그저 머물러줘요
그리고 내 손잡아 주세요
꼭 안아 줄게요
너를 데려다주던 그날 밤
문득 내게 건넨 그 한마디에
괜스레 얼굴이 붉어지고
조심스럽게 oh oh oh
그대에게 oh oh oh
사랑스러운 그대 귓가에
속삭여줄게요
사실 그대와 있던 모든 순간은
내게는 소중하고 너무나 고마워서
정말 아름다워요
조심스럽게 oh oh oh
그대에게 oh oh oh
사랑스러운 그대 귓가에 고백해볼게요
이렇게 좋아해 본 적이 없어요
눈만 뜨면 그대가 참 보고 싶어요
오늘은 그대 내 곁에서
그저 머물러줘요
그리고 내 손잡아 주세요
꼭 안아 줄게요
부담스럽지 않게 다가가 볼게요
부디 날 미워하지 말아요
그저 매일 이렇게 날 보며 웃어줘요
더는 바랄 게 하나 없죠
이렇게 좋아해 본 적이 없어요
눈만 뜨면 그대가 참 보고 싶어요
오늘은 그대 내 곁에서
그저 머물러줘요
그리고 내 손잡아 주세요
꼭 안아 줄게요",https://ai-vocal-training.s3.ap-northeast-2.amazonaws.com/album_cover/BOYNEXTDOOR_이렇게 좋아해 본 적이 없어요.jpg,2025.03.14
TAKE ME,G-DRAGON,"M.B.T.M.I.U (My Baby Take Me I’m Yours)
M.B.T.M.I.U (My Baby Take Me I’m Yours)

꿈에도 암만 낯설는지 몰라
부담스럽지만은 설레잖아
아무 말 없이 숙맥 타 더 좋아
You’re mine &amp; I’m yours

너의 모든 게 너무 아름다워
어떡해 대체 불가한 여자면
그대여 이제 내 사랑을 받아
You’re mine &amp; I’m yours

별이 빛나는 이 밤 가슴속 떨리는 마음
너를 향해 모두 줄게 babe
좀 더 내게 다가와 내 두 손을 잡아봐
나를 너에게 줄게

Take me take me take me I’m yours
Take me take me I’m yours
Take me take me I’m yours 
Take me take me take me I’m yours
Take me take me I’m yours
Take me take me I’m yours 

너의 눈을 보고 있으면 알아
제발 아니라고 말하지 말아
숨기려 해도 태가 숨지 않아
Are you mine? Cuz I’m yours

별이 빛나는 이 밤 가슴속 떨리는 마음
너를 향해 모두 줄게 babe
좀 더 내게 다가와 내 두 손을 잡아봐
나를 너에게 줄게

Take me take me take me I’m yours
Take me take me I’m yours
Take me take me I’m yours 
Take me take me take me I’m yours
Take me take me I’m yours
Take me take me I’m yours 

Baby- baby- baby-
Baby- baby- baby-

빠르게 흘러만 가는 이 시간이 싫어 군침만 도는
달리 난 너를 보낼 수는 없어 Hurry up
Baby I’m yours

(Nile Rodgers solo)

Take me take me take me I’m yours
Take me take me I’m yours
Take me take me I’m yours 
Take me take me take me I’m yours
Take me take me I’m yours
Take me take me I’m yours 

Baby- baby- baby-
Baby- baby- baby-
Baby- baby- baby-
Baby- baby- baby-",https://ai-vocal-training.s3.ap-northeast-2.amazonaws.com/album_cover/G-DRAGON_TAKE ME.jpg,2025.02.25
The Chase,Hearts2Hearts (하츠투하츠),"꿈이 꿈을 꾸는데
Beamy beamy 그 빛에
홀린 듯이 따라 걸어
호기심은 자꾸만 커져
이걸 마셔
보게 될걸
너만 Yeah

파란 잉크 빛깔 속 헤엄쳐
삐걱대는 Chalky chalky
분필은 가지런히
우리 얘기를 받아쓰겠지

I’ll make you say my name
어떻게 안 그래
I love the way
You love the chase

Hop
내 모험의
첫걸음을 디뎌
온통 수수께끼
난 더 알고 싶어

Crop
내 맘대로
잘라낸 환상의 조각
Sparkle sparkle
뭔가를 본 것 같아

Hop
내 모험의
첫걸음을
Sparkle sparkle
수수께끼
난 더 알고 싶어

그새 커버린 걸까
설명할 수 없는데
온 힘을 다해 난 달려
멈춰 서 있고 싶지 않아
이 커다란 Emotion yeah

떠다니는 Quiz 그 틈새
손을 뻗어 낚아
Jingle jingle 열쇠는 요란스레
문을 열어봐 졸라대겠지

I’ll make you say my name
주문보다 강해
I love the way
You love the chase

Hop
내 모험의
첫걸음을 디뎌
온통 수수께끼
난 더 알고 싶어

Crop
내 맘대로
잘라낸 환상의 조각
Sparkle sparkle
뭔가를 본 것 같아

Baby we got what you need
Our love is so sweet
it pops like candy yeah
햇살에 눈 가만히 감은 채
내 맘대로 달려가
내 세상을 가져봐

Come ‘n get ya
Come ‘n get ya
Come ‘n get ya yeah
It’s forever
It’s forever
It’s forever yeah

Till the end
환상에 빠질 너와 나야
맞아
꿈이 꿈꾸길 시작해 Yeah

내 모험의
첫걸음이야
내 맘대로
가고 싶어
꿈은 시작됐어

Hop
내 모험의 
(파란 잉크 빛깔 속을)
첫걸음을 
(떠다니는 Quiz 그 틈을)
내 맘대로
I love the way
You love the chase",https://ai-vocal-training.s3.ap-northeast-2.amazonaws.com/album_cover/Hearts2Hearts 하츠투하츠_The Chase.jpg,2025.02.24
Seven (feat. Latto) - Clean Ver.,정국,"Weight of the world on your shoulders
I kiss your waist and ease your mind
I must be favored to know ya
I take my hands and trace your lines

It’s the way that we can ride
It’s the way that we can ride
Think I met you in another life
So break me off another time

You wrap around me
and you give me life
And that’s why night after night
I’ll be lovin’ you right

Monday Tuesday Wednesday
Thursday Friday Saturday Sunday
Monday Tuesday Wednesday
Thursday Friday
Seven days a week
Every hour every minute every second
You know night after night
I’ll be lovin’ you right
Seven days a week


You love when I jump right in
All of me I’m offering
Show you what devotion is
Deeper than the ocean is
Wind it back I’ll take it slow
Leave you with that afterglow
Show you what devotion is
Deeper than the ocean is

It’s the way that we can ride
It’s the way that we can ride
Think I met you in another life
So break me off another time

You wrap around me
and you give me life
And that’s why night after night
I’ll be lovin’ you right

Monday Tuesday Wednesday
Thursday Friday Saturday Sunday
Monday Tuesday Wednesday
Thursday Friday
Seven days a week
Every hour every minute every second
You know night after night
I’ll be lovin’ you right
Seven days a week

Monday Tuesday Wednesday
Thursday Friday Saturday Sunday
Monday Tuesday Wednesday
Thursday Friday
Seven days a week
Every hour every minute every second
You know night after night
I’ll be lovin’ you right
Seven days a week

Tightly take control
Tightly take his soul 
Take your phone
and put it in the camera roll 
Leave them clothes at the door
What you waiting for,
better come and hit ya goals 
He jump in it both feet
Going to the sun-up,
we ain’t getting no sleep 
Seven days a week,
seven different sheets, seven different angles 
I can be your fantasy 

Open up say ahhh 
Come here baby
let me swallow your pride 
What you on I can match your vibe 
Hit me up and I’mma Cha Cha Slide

You make Mondays feel like weekends 
I make him never think about cheatin’
Got you skipping work and meetings,
let’s sleep in
 
Seven days a week
Monday Tuesday Wednesday
Thursday Friday Saturday Sunday
Monday Tuesday Wednesday
Thursday Friday
Seven days a week
Every hour every minute every second
You know night after night
I’ll be lovin’ you right
Seven days a week

Monday Tuesday Wednesday
Thursday Friday Saturday Sunday
Monday Tuesday Wednesday
Thursday Friday
Seven days a week
Every hour every minute every second
You know night after night
I’ll be lovin’ you right
Seven days a week",https://ai-vocal-training.s3.ap-northeast-2.amazonaws.com/album_cover/정국_Seven feat Latto - Clean Ver.jpg,2023.07.14
Fly Up,RIIZE,"서로 다른 Nation은
너와 날 나누지만
이 순간 들뜬 함성은
같은 음악일 거야
Let me hear ya
틀린 건 없지 우린
모두 다른 작품
사랑을 Up up up
사라진 다툼
모두의 맘속에 닿게
더 볼륨을 키워봐

끝없는 하늘 위로
계속 울려 퍼져
All for you all for you
All for you

다들 리듬을 맞춰
땅을 뒤흔들 만큼
높이 올라 다 함께 벽을 깨
우린 하나가 돼
다른 게 뭐 어때
지금 기분은 Hyper
자유롭고 숨가뻐
너와 나를 나눈 틀 그 기준
모두 넘어 볼게
다른 게 뭐 어때
Fly up

날 따라 따라 해 Like this
날 따라 따라 해 Like that
날 따라 따라 해 Like yeah
다른 게 뭐 어때
Fly up

Look 모두의 그림 같은 개성이
Canvas 위에 아름답게 섞이지
Yes 이미 불필요하지 해석이
Dance with me
네 오른손엔 늘 내 왼손이
How do we do that?
힘껏 더 안아줘
빛나는 꿈에
날개를 달아줘
이제 문을 열어
The way you take me high
우린 높은 곳에 함께 갈래

떨림들이
서로를 타고 번져
All for you all for you
All for you

다들 리듬을 맞춰
땅을 뒤흔들 만큼
높이 올라 다 함께 벽을 깨
우린 하나가 돼
다른 게 뭐 어때
지금 기분은 Hyper
자유롭고 숨가뻐
너와 나를 나눈 틀 그 기준
모두 넘어 볼게
다른 게 뭐 어때
Fly up

I don’t need no
I don’t need no fame
I don’t need no
I don’t need no frame
I don’t need no
I don’t need no “왜?”
I don’t need no
I don’t need no fame
I don’t need no
I don’t need no frame
I don’t need no
I don’t need no “왜?”
다들 리듬을 맞춰
땅을 뒤흔들 만큼
You got me good
Everybody get louder

다들 리듬을 맞춰
땅을 뒤흔들 만큼
높이 올라 다 함께 벽을 깨
우린 하나가 돼
다른 게 뭐 어때
지금 기분은 Hyper
자유롭고 숨가뻐
너와 나를 나눈 틀 그 기준
모두 넘어 볼게
다른 게 뭐 어때
Fly up

날 따라 따라 해 Like this
날 따라 따라 해 Like that
날 따라 따라 해 Like yeah
다른 게 뭐 어때
Fly up",https://ai-vocal-training.s3.ap-northeast-2.amazonaws.com/album_cover/RIIZE_Fly Up.jpg,2025.05.19
"무제(無題) (Untitled, 2014)",G-DRAGON,"나에게 돌아오기가 어렵고 힘든 걸 알아
이제 더는 상처받기가 두렵고 싫은 걸 알아
네가 떠나 버린 그날에도 모진 말로 널 울리고
뒤돌아 서서 후회해 미안해

제발 단 한 번이라도 너를 볼 수 있다면
내 모든 걸 다 잃어도 괜찮아
꿈에서라도 너를 만나 다시 사랑하기를
우리 이대로

너에게 용서받기 보다 죽는 게 더 쉬울지 몰라
이 노래를 불러보지만 내 진심이 닿을지 몰라
네가 행복하기를 바래 그 흔한 거짓말도 못하고
돌아오기만 기도해 미안해

제발 단 한 번이라도 너를 볼 수 있다면
내 모든 걸 다 잃어도 괜찮아
꿈에서라도 너를 만나 다시 사랑하기를
우리 이대로

이제는 끝이라는 마지막이라는
너의 그 맘을 난 믿을 수 없어
I can't let go, cuz you never know
내겐 너 같은 너에겐 나 같은
그런 사랑은 두 번 다시는 없어
Nobody knows… we always know

제발 단 한 번이라도 너를 볼 수 있다면
내 모든 걸 다 잃어도 괜찮아
꿈에서라도 너를 만나 다시 사랑하기를

지금 이 시간이 지나가고 다 잊을 수 있다면
그 기억도 행복했던 추억도
아니 다음 생 에도 너를 만나 다시 사랑하기를
예전 그대로",https://ai-vocal-training.s3.ap-northeast-2.amazonaws.com/album_cover/G-DRAGON_무제無題 Untitled 2014.jpg,2017.06.08
사랑은 늘 도망가,임영웅,"눈물이 난다 이 길을 걸으면
그 사람 손길이 자꾸 생각이 난다
붙잡지 못하고 가슴만 떨었지
내 아름답던 사람아
사랑이란 게 참 쓰린 거더라
잡으려 할수록 더 멀어지더라
이별이란 게 참 쉬운 거더라
내 잊지 못할 사람아
사랑아 왜 도망가
수줍은 아이처럼
행여 놓아버릴까 봐
꼭 움켜쥐지만
그리움이 쫓아 사랑은 늘 도망가
잠시 쉬어가면 좋을 텐데
바람이 분다 옷깃을 세워도
차가운 이별의 눈물이 차올라
잊지 못해서 가슴에 사무친
내 소중했던 사람아
사랑아 왜 도망가
수줍은 아이처럼
행여 놓아버릴까 봐
꼭 움켜쥐지만
그리움이 쫓아 사랑은 늘 도망가
잠시 쉬어가면 좋을 텐데
기다림도 애태움도 다 버려야 하는데
무얼 찾아 이 길을 서성일까
무얼 찾아 여기 있나
사랑아 왜 도망가
수줍은 아이처럼
행여 놓아버릴까 봐
꼭 움켜쥐지만
그리움이 쫓아 사랑은 늘 도망가
잠시 쉬어가면 좋을 텐데
잠시 쉬어가면 좋을 텐데",https://ai-vocal-training.s3.ap-northeast-2.amazonaws.com/album_cover/임영웅_사랑은 늘 도망가.jpg,2021.10.11
Small girl (feat. 도경수(D.O.)),이영지,"If I got a two small cheeks
and a bright pink lips
Baby would you‘ve wanted to kiss me?
만약 내가 작은 볼과 밝은 핑크색 입술을 가졌으면
네가 나한테 키스하고 싶었을까?

Maybe a thin ass waist 
With a Brown long hair
Baby, Would you've wanted to hold me?
또는 갈색 긴 머리에 얇은 허리를 가졌다면 
네가 나를 껴안고 싶었을까?

No, you never
아니, 전혀

No, I’m never gonna get them all
나는 그 조건들을 전부 다 가질 수가 없어

Yeah,
that’s what makes me feel lonely
그래 그게 나를 참 외롭게 만들어

Oh it’s never
글쎄, 전혀

It can never ever happen to me
나한텐 전혀 일어날 수가 없는 일들이야

Cause I’m that girl
tall girle 
나는 키가 큰 여자니까


Boy, I got a small girl fantasy
나는 작은 여자들에 대한 환상이 있어

Baby, would you still love me?
자기야, 그래도 날 사랑해 줄래?

Though I got a big laugh, big voice
&amp; big personality
비록 내가 큰 웃음소리, 큰 목소리, 크고 시끄러운 성격을 가졌대도

Would you guarantee it?
사랑해줄 수 있어?

Know you got a small girl fantasy
너도 작은 여자들에 대한 환상이 있다는 걸 알아

Baby, would you still love me?
자기야, 그래도 날 사랑해줄래?

Though I got a big laugh, big voice
&amp; big personality
비록 내가 큰 웃음소리, 큰 목소리, 크고 시끄러운 성격을 가졌대도

Would you guarantee ?
장담해 줄 수 있어?

If I got a-


If I got a-


Would you guarantee ?
장담할 수 있겠어?


If I got a-


If I got a-


Would you guarantee ?
장담할 수 있겠어?


If I got a-


If I got a-


If I cared about
All Those thing that you care
Then I’m not yours
만약 내가 네가 신경쓰고 있는 것들
전부를 신경쓰고 있었다면 난 네 것이 아니었을거야

Yes, you’re wasting all your time
On some stupid things 
맞아, 넌 너무 바보같은 것들에 시간을 낭비하고 있어

Baby Im already yours
난 이미 네 것이잖아

You keep asking me 
넌 자꾸 물어봐

Do I really suit you?
Do I really look good?
“내가 너랑 잘 어울리는 거 같아?”
“내가 진짜 예뻐 보여?” 

Girl, I don’t understand you
난 당최 이해를 할 수가 없어

All you have to do is
Smiling at me 
Like there’s no one to interrupt us
넌 그냥 우릴 방해하는 사람이 아무도 없는 것처럼
날 향해 환히 웃어주기만 하면 돼

‘Cause that’s all I need from you
그게 내가 너한테 바라는 전부야

Make that fingers v
수줍어 하지 말고
가까이 더 붙어
난 여기있어

니가 뭘 원하던지간에
난 항상 똑같아
다른 조건은 애초에
없었어

Big eyes, big laugh
Big voice or big personality
큰 눈, 큰 웃음소리
큰 목소리나 성격

Girl I don’t got no fantasy
난 어떤 환상도 없어
Theres’s no more other fantasy
그리고 그 어떤 환상도 없을거야

 
If I got a two small cheeks
And a bright pink lips
Baby would you‘ve wanted to kiss me?
만약 내가 작은 볼과 밝은 핑크색 입술을 가졌으면
네가 나한테 키스하고 싶었을까?

Maybe a thin ass waist 
With a Brown long hair
Baby, Would you've wanted to hold me?
또는 갈색 긴 머리에 얇은 허리를 가졌다면 
네가 나를 껴안고 싶었을까?

No, you never
아니, 전혀

No, I’m never gonna get them all
나는 그 조건들을 전부 다 가질 수가 없어

Yeah,
that’s what makes me feel lonely
그래 그게 나를 참 외롭게 만들어

Oh it’s never
글쎄, 전혀

It can never ever happen to me
나한텐 전혀 일어날 수가 없는 일들이야

Cause I’m that girl
tall girle 
나는 키가 큰 여자니까


Boy, I got a small girl fantasy
나 작은 여자들에 대한 환상이 있어

Baby, would you still love me?
자기야, 그래도 날 사랑해 줄래?

Though I got a big laugh, big voice
&amp; big personality
비록 내가 큰 웃음소리, 큰 목소리, 크고 시끄러운 성격을 가졌대도

Would you guarantee ?
사랑해줄 수 있어?

Know you got a small girl fantasy
너도 작은 여자들에 대한 환상이 있다는 걸 알아

Baby, would you still love me?
자기야, 그래도 날 사랑해줄래?

Though I got a big laugh, big voice
&amp; big personality
비록 내가 큰 웃음소리, 큰 목소리, 크고 시끄러운 성격을 가졌대도

Would you guarantee ?
사랑해줄 수 있어?

If I got a-


If I got a-


Would you guarantee ?
장담할 수 있겠어?


If I got a-


If I got a-


Would you guarantee ?
장담할 수 있겠어?


If I got a-


If I got a-",https://ai-vocal-training.s3.ap-northeast-2.amazonaws.com/album_cover/이영지_Small girl feat 도경수DO.jpg,2024.06.21
사막에서 꽃을 피우듯,우디 (Woody),"아침에 눈 뜨는 게 너무 행복해졌어 
널 사랑한다 말할 수 있어서 하늘에 감사해 
⠀
네 번의 계절을 너와 함께할게
평생토록 더 오래도록 더 영원토록
⠀
음악처럼 꿈처럼 
매일 새롭게 사랑을 주고 싶어 
지금처럼 곁에 있어 주기를 언제나
⠀
사막에서 꽃을 피우듯 널 만난 건 기적인 걸
설렘이 사라지더라도 이 사랑을 지켜줄게
⠀
허물없이 지내다가도
힘든 날엔 말없이 기댈 수 있게
언제나 네 곁에 내가 서 있을게 
⠀
한 걸음 한 걸음 
어둡지 않게 내가 널 비춰줄게
지금처럼 곁에 있어 주면 돼 언제나
⠀
사막에서 꽃을 피우듯 널 만난 건 기적인 걸
설렘이 사라지더라도 이 사랑을 지켜줄게
⠀
허물없이 지내다가도
힘든 날엔 말없이 기댈 수 있게
언제나 네 곁에 내가 서 있을게 
⠀
너와 함께하는 이 시간이
조금만 더 천천히 흘러가길
⠀
어떤 날엔 웃게 해 줄게
좋은 날엔 더 안아줄게
슬픈 날엔 그냥 울어도 돼
내가 더 노력할게 
⠀
허물없이 지내다가도 
힘든 날엔 말없이 기댈 수 있게
언제나 네 곁에 내가 서 있을게
⠀
언제나 네 곁에 있을게",https://ai-vocal-training.s3.ap-northeast-2.amazonaws.com/album_cover/우디 Woody_사막에서 꽃을 피우듯.jpg,2023.07.14
영원해,도경수(D.O.),"우리는 영원해
그럴 거라 믿어 의심치 않아
꼭 잡은 두 손 사이로 바람이 드는 날에도 
넌 웃고 있겠지
난 왜 그게 선명하지?

아닌 하루도 분명 있겠지
불안한 하늘에 고갤 못 들며
힘이 부쳐 서로를 놓칠 때
누가 먼저가 될 것 없이 달려가서
네 이름을 가장 크게 외칠게
눈이 마주칠 때까지

삶은 왜
언제나 예측할 수 없지 
그게 특별하다는 뜻은 아니지만
내일을 기대해 
우리는 영원해
그럴 거라 믿어 의심치 않아
어제를 잊고
어느새 똑같은 얼굴을 하네

지금 이대로면 괜찮을 거라 생각해
지금 이대로면 

아닌 하루도 분명 있겠지
불안한 하늘에 고갤 못 들며
힘이 부쳐 서로를 놓칠 때 
누가 먼저가 될 것 없이 달려가서
네 이름을 가장 크게 외칠게
눈이 마주칠 때까지
눈이 마주칠 때까지

어떤 날에는 또 
어느새 불안이 
하루를 흐리게 만들어도
어떤 날에는 또 
행복함이 가득해져 있을 거란 걸 알아
어느새 넌 웃고 있어

아닌 하루도 분명 있겠지
불안한 하늘에 고개 못 들며
힘이 부쳐 서로를 놓칠 때
누가 먼저가 될 것 없이 달려가서
네 이름을 가장 크게 외칠게
눈이 마주칠 때까지

아닌 하루도 분명 있겠지
불안한 하늘에 고개 못 들며
힘이 부쳐 서로를 놓칠 때
누가 먼저가 될 것 없이 달려가서
네 이름을 가장 크게 외칠게
눈이 마주칠 때까지",https://ai-vocal-training.s3.ap-northeast-2.amazonaws.com/album_cover/도경수DO_영원해.jpg,2025.04.27
봄날,방탄소년단,"보고 싶다
이렇게 말하니까 더 보고 싶다
너희 사진을 보고 있어도
보고 싶다
너무 야속한 시간
나는 우리가 밉다
이젠 얼굴 한번 보는 것 조차
힘들어진 우리가
여긴 온통 겨울 뿐이야
8월에도 겨울이 와
마음은 시간을 달려가네
홀로 남은 설국열차
니 손 잡고 지구 반대편까지 가
겨울을 끝내고파
그리움들이 얼마나
눈처럼 내려야 그 봄날이 올까
Friend
허공을 떠도는
작은 먼지처럼 작은 먼지처럼
날리는 눈이 나라면
조금 더 빨리
네게 닿을 수 있을 텐데
눈꽃이 떨어져요
또 조금씩 멀어져요
보고 싶다 보고 싶다
보고 싶다 보고 싶다
얼마나 기다려야
또 몇 밤을 더 새워야
널 보게 될까 널 보게 될까
만나게 될까 만나게 될까
추운 겨울 끝을 지나
다시 봄날이 올 때까지
꽃 피울 때까지
그곳에 좀 더 머물러줘 
머물러줘
니가 변한 건지
니가 변한 건지
아니면 내가 변한 건지
내가 변한 건지
이 순간 흐르는 시간조차 미워
우리가 변한 거지 뭐
모두가 그런 거지 뭐
그래 밉다 니가 넌 떠났지만
단 하루도 너를
잊은 적이 없었지 난
솔직히 보고 싶은데
이만 너를 지울게
그게 널 원망하기보단
덜 아프니까
시린 널 불어내 본다
연기처럼 하얀 연기처럼
말로는 지운다 해도
사실 난 아직 널 보내지 못하는데
눈꽃이 떨어져요
또 조금씩 멀어져요
보고 싶다 보고 싶다
보고 싶다 보고 싶다
얼마나 기다려야
또 몇 밤을 더 새워야
널 보게 될까 널 보게 될까
만나게 될까 만나게 될까
You know it all
You're my best friend
아침은 다시 올 거야
어떤 어둠도 어떤 계절도
영원할 순 없으니까
벚꽃이 피나봐요
이 겨울도 끝이 나요
보고 싶다 보고 싶다 
보고 싶다 보고 싶다
조금만 기다리면
며칠 밤만 더 새우면
만나러 갈게 만나러 갈게
데리러 갈게 데리러 갈게
추운 겨울 끝을 지나
다시 봄날이 올 때까지
꽃 피울 때까지
그곳에 좀 더 머물러줘 
머물러줘",https://ai-vocal-training.s3.ap-northeast-2.amazonaws.com/album_cover/방탄소년단_봄날.jpg,2017.02.13
취중고백,김민석,"뭐하고 있었니 늦었지만
잠시 나올래
너의 집 골목에 있는
놀이터에 앉아 있어
친구들 만나서 오랜만에
술을 좀 했는데
자꾸만 니 얼굴 떠올라
무작정 달려왔어
이 맘 모르겠니
요즘 난 미친 사람처럼
너만 생각해
대책없이 네가 점점 좋아져
아냐 안 취했어 진짜야
널 정말 사랑해
눈물이 날만큼 원하고 있어
정말로 몰랐니
가끔 전화해 장난치듯
주말엔 뭐할거냐며
너의 관심 끌던 나를
그리고 한번씩 누나 주려 샀는데
너 그냥 준다고
생색 낸 선물도 너 때문에 산거야
이 맘 모르겠니
요즘 난 미친 사람처럼
너만 생각해
대책없이 네가 점점 좋아져
아냐 안 취했어 진짜야
널 정말 사랑해
진심이야 믿어줘
갑자기 이런 말 놀랐다면 미안해
부담이 되는게 당연해
이해해 널
하지만 내 고백도 이해해 주겠니 oh
지금 당장 대답하진마
나와 일주일만 사귀어줄래
후회없이 잘 해주고 싶은데
그 후에도 니가 싫다면
나 그때 포기할게
귀찮게 안할게 혼자 아플게
진심이야 너를 사랑하고 있어",https://ai-vocal-training.s3.ap-northeast-2.amazonaws.com/album_cover/김민석_취중고백.jpg,2021.12.19
Mantra,제니 (JENNIE),"(Pretty pretty pretty pretty)

This that pretty girl mantra
This that flaunt ya
Just touched down in LA
Pretty girls don’t do drama
Less we wanna
It’ll be depending on the day

Pretty girls packed in a Defender
Know Imma defend her
Never let her catch no stray
This that pretty girl mantra
She’s that stunna
Make you wanna swing both ways

Mix me with the drama
Check you like commas
My clothes are pajamas
Straight from the cold plunge

Daytime baddie use her mind
Quick switch of the fit for the night
Swerving through the lane
We’ll be 20 minute late
Cuz we had to do a In-N-Out drive-by

It’s not that deep
I’m not that drunk
Sometimes girls just gotta have fun
Throw it back
All that bass
Me &amp; my sis way too attached

It’s not that deep
We’re not that dumb
Look at them Bonnies on the run
Inside glowing like the sun
You gonna feel us everyday

This that pretty girl mantra
This that flaunt ya
Just touched down in LA
Pretty girls don’t do drama
Less we wanna
It’ll be depending on the day

Pretty girls packed in a Defender
Know Imma defend her
Never let her catch no stray
This that pretty girl mantra
She’s that stunna
Make you wanna swing both ways

Love what it feel like (feel like)
To be off of the grid like
All night
Ohhh with my B like (B like)
We ain’t even tryna talk no one
Swerve off all the creeps
No weird vibes
We ain’t never let it ruin a good time
Ain’t nobody gon dim our good light
This them words we living by

This that pretty girl mantra
This that flaunt ya
Just touched down in LA
Pretty girls don’t do drama
Less we wanna
It’ll be depending on the day

Pretty girls packed in a Defender
Know Imma defend her
Never let her catch no stray
This that pretty girl mantra
She’s that stunna
Make you wanna swing both ways

This that pretty girl mantra
This that flaunt ya
Just touched down in LA
Pretty girls don’t do trauma
No new drama
We already got a full day

Pretty girls that you gon remember
Know that you could never
Nothing ever trigger me
This that pretty girl mantra
She’s that stunna
Ereone know that she is me

(Pretty)",https://ai-vocal-training.s3.ap-northeast-2.amazonaws.com/album_cover/제니 JENNIE_Mantra.jpg,2024.10.11
눈물참기,QWER,"맑은 하늘에 비 내리는 날
내 마음과 정말 닮아서 이상하네요

한 방울 한 방울씩 떨어지는 비가
점점 맘에 차서 숨쉬기가 힘들 것 같아요

세상이 아직은 무섭고
여전히 넘어지는 게
아직은 너무 어려운가 봐

눈물 멈추는 법을 몰라요
차디차고 너무 아파요
괜찮다는 말은 다 거짓말

비가 내리는 여기 남겨져
혼자 울고 싶지 않아요
알려주세요
눈물을 참는 방법

하나둘 한숨 위로 차오른 슬픔이
이제는 밖으로 다 쏟아져 넘칠 것 같아요

말해줘 다 잘될 거라고
도와줘 겁 많은 나라서
날 믿을 수 없을 땐, 어떡해야 하나요
누구라도 말해줘요
넘어지는 게 아직 너무 어려운가 봐

눈물 멈추는 법을 몰라요
차디차고 너무 아파요
괜찮다는 말은 다 거짓말

비가 내리는 여기 남겨져
혼자 울고 싶지 않아요
알려주세요
눈물을 참는 방법

내리던 비가 그치고 나면
내일이 꼭 올 테니까

눈물 멈추는 법을 몰라도
이런 내가 자꾸 미워도
잠시 멈춰 눈물을 삼키고

일기장 속에 적어 놓았던
“잘 지내나요?”란 말 위에
적어봐요
“이젠 잘 지낼게요”

잘 지낼게요",https://ai-vocal-training.s3.ap-northeast-2.amazonaws.com/album_cover/QWER_눈물참기.jpg,2025.06.09
Armageddon,aespa,"Armageddon
Shoot
Imma get ’em
Shoot

Watch Uh
Imma bite back Uh
짙은 어둠이
막아설 땐 Uh
한 걸음 앞으로
날아든 It’s bad
사라진 Feedback
시작된 Code black Uh

깊어가
혼란스러운 밤
악몽은 또 짙게 번져가
뭔갈 숨기려고 해
I got it, I got it
혼돈을 타고
덮쳐 Killing like

Bang chitty bang
Bang chitty bang bang
’Cause I wanna see
I wanna see truly
Bang chitty bang
Bang chitty bang bang
내게 다가와 다가와
Imma get it

Done
(Aw wayo wayo)
널 향해 겨눠 Get it, gone
(Aw wayo wayo)
이젠 널 끝내 Better run
(끝을 모르는 너와 나 
You gonna, gonna)
깨트려 거침없이 Done
(Go way up, way up)
Full shot pull it up Armageddon

Imma get ’em
Shoot
Imma get ’em

Hey Ya
또 다른 나
우릴 막지 마
We never play nice
Shoot

완벽한 Pair
넌 똑같은 Soul
Three to get ready
우린 Shoot and go
겁 없이 누벼
날 이끄는 Way

Bang chitty bang
Bang chitty bang bang
Yes I’m gonna see
I’m gonna see, want it
Bang chitty bang
Bang chitty bang bang
답이 들려와 들려와
Imma get it

Done
(Aw wayo wayo)
널 향해 겨눠 Get it, gone
(Aw wayo wayo)
이젠 널 끝내 Better run
(끝을 모르는 너와 나 
You gonna, gonna)
깨트려 거침없이 Done
(Go way up, way up)
Full shot pull it up Armageddon

Imma get ’em

또 어둠을 몰아내고
시작을 꽃피운 너와 나의 Story
더 완벽해진 우리
(Armageddon)
정의해 이젠
나만의 Complete
내 모든 걸 이끌어
Do it all myself
완전한 나를 이뤄내

(Drop)
Throw it back,
throw it back,
throw it back
Born like a queen
Born like a king Ya
Throw it back,
throw it back,
throw it back
불러
Imma get ’em

Done
(Aw wayo wayo)
널 향해 겨눠 Get it, gone
(Aw wayo wayo)
이젠 널 끝내 Better run
(끝을 모르는 너와 나
You gonna, gonna)
깨트려 거침없이 Done
(Go way up, way up)
Full shot pull it up Armageddon

Armageddon
(Aw wayo wayo wayo
Warning all night long)
Armageddon
(Aw wayo wayo)
끝과 시작의
Armageddon",https://ai-vocal-training.s3.ap-northeast-2.amazonaws.com/album_cover/aespa_Armageddon.jpg,2024.05.27
Ditto,NewJeans,"Woo woo woo woo ooh
Woo woo woo woo
Stay in the middle
Like you a little
Don’t want no riddle
말해줘 say it back
Oh say it ditto
아침은 너무 멀어
So say it ditto
훌쩍 커버렸어
함께한 기억처럼
널 보는 내 마음은
어느새 여름 지나 가을
기다렸지 all this time
Do you want somebody
Like I want somebody
날 보고 웃었지만
Do you think about me now yeah
All the time yeah
All the time
I got no time to lose
내 길었던 하루
난 보고 싶어
Ra-ta-ta-ta 울린 심장 (Ra-ta-ta-ta)
I got nothing to lose
널 좋아한다고
wooah wooah wooah
Ra-ta-ta-ta 울린 심장 (Ra-ta-ta-ta)
But I don't want to
Stay in the middle
Like you a little
Don’t want no riddle
말해줘 say it back
Oh say it ditto
아침은 너무 멀어
So say it ditto
I don't want to
Walk in this 미로
다 아는 건 아니어도
바라던 대로
말해줘 Say it back
Oh say it ditto
I want you so, want you
So say it ditto
Not just anybody
너를 상상했지
항상 닿아있던
처음 느낌 그대로 난
기다렸지 all this time
I got nothing to lose
널 좋아한다고
wooah wooah wooah
Ra-ta-ta-ta 울린 심장 (Ra-ta-ta-ta)
But I don't want to
Stay in the middle
Like you a little
Don’t want no riddle
말해줘 say it back
Oh say it ditto
아침은 너무 멀어
So say it ditto
I don't want to
Walk in this 미로
다 아는 건 아니어도
바라던 대로
말해줘 Say it back
Oh say it ditto
I want you so, want you
So say it ditto
Woo woo woo woo ooh
Woo woo woo woo",https://ai-vocal-training.s3.ap-northeast-2.amazonaws.com/album_cover/NewJeans_Ditto.jpg,2022.12.19
I Feel Good,BOYNEXTDOOR,"I feel good, I feel good, I feel good
U won’t 
(BOYNEXTDOOR)
I feel good, I feel good, I feel good
Y’all want?
Get the hell outside, bruh!

We steppin’ out now, yeah 볼륨 더 세게
딸꾹질 나올라 그래 feel like I’m MJ
Microphone check 1, 2
(학교종이 dang!)

팔자 좋은 날 (매일 vacay)
쓴소리는 듣고 (퉤퉤퉤)
알코올 한 방울 없이 we’re drunk on the vibe 
(Yeah that’s right)
의미? 주제? 그딴 걸 왜 찾니?

날 따라 해봐요 이렇게
오늘만 산다는 마음으로 부질없게
Spin the world like a basketball
Tokyo, New York, London to Seoul
다 문 박차고 나와

Beat drop, head nod, act like a rockstar
눈살이 찌푸려지게
더 크게 네 몸짓, 손짓, drive me crazy
부딪혀 미쳐 버리게 when I say

I feel good, I feel good, I feel good
U won’t
When I say
I feel good, I feel good, I feel good
Y’all want?

Breakfast 삼켜 난 멜로디
여유 한 모금 drink 피부의 비결
Shake that body 가락 없이
어깨춤 영원히 I feel good

날 따라 해봐요 이렇게
내일이 없다는 마음으로 just do your dance
Spin the world like a basketball
Tokyo, New York, London to Seoul
다 문 박차고 나와

Beat drop, head nod, act like a rockstar
눈살이 찌푸려지게
더 크게 네 몸짓, 손짓, drive me crazy
부딪혀 미쳐 버리게 when I say

I feel good, I feel good, I feel good
U won’t
When I say
I feel good, I feel good, I feel good
Y’all want?

(Get’em up, get’em up, get’em up, get’em up)
충고질은 딴 데다가 하세요
신나 죽겠는데 어쩌라구요 (어쩌라구요)
용건 없으면 가던 길 가세요
Sing it la la la la la
(I feel high baby)",https://ai-vocal-training.s3.ap-northeast-2.amazonaws.com/album_cover/BOYNEXTDOOR_I Feel Good.jpg,2025.05.13
굿데이 2025 (텔레파시 + 달빛 창가에서),"G-DRAGON, 황정민, 데프콘, 홍진경, 정형돈, 조세호, 기안84, 안성재, 태양, 정해인, 황광희, 임시완, 이수혁, 대성, 코드 쿤스트 (CODE KUNST), CL, 김고은, DAY6 (데이식스), 부석순 (SEVENTEEN), aespa","기안84, 데프콘, G-DRAGON:
이 세상은 좀 정이 없긴 해 (정이 없어)
(세상이 정이 없고 차가워)
Yeah 2025 haha (정이 없다) 모여! 죽이는 노래 하나 만들어)
A-yo city kiddies
(기가 막힌 노래가 나와) 
Telepathy is the code
(다 같이 불러!)
Can you feel the vibe
(Happy Happy X2)
We’re stayin’ alive
대한민국
It’s Good-Day
 
88즈(정해인, 임시완, 황광희, 이수혁), 조세호:
눈빛만 봐도 알 수 있잖아
(눈빛만 봐도 모르고 있고)
옷깃만 스쳐도 우린 느낄 수가 있어
손끝만 닿아도 짜릿하잖아
너는 지금 무얼 생각하고 어디에 있니? (여기요)
말은 안 해도 (말은 안 해도) 알 수 있잖아
서로의 기분을 우린 읽을 수가 있어(있어 있어 있어)
불타는 사랑 만질 수 없어도
우리 가슴속은 뜨거웁게 타오르는 불꽃 (앗 뜨거!)
 
홍진경, 안성재, 임시완:
아하 러브 텔레파시 (Telepathy)
아하 소리 없는 느낌 (My love)
아하 러브 텔레파시 (아따 뜨거브라)
 
BIGBANG (빅뱅), 이수혁:
깊은 밤 꿈에도 만날 수 있잖아
보고 싶을 때면 (아니 이럴 수가 있나)
언제 어디서나 (아니 놀라워서 그래)
강한 광선처럼 내 가슴을 치고 가네

G-DRAGON:
Turn it up! Turn it up!
 
부석순 (SEVENTEEN), CL:
한 송이 장미를 종이에 곱게 싸서
어제도 오늘도 하루같이 기다리네
그대의 창문은 열릴 줄 모르니
사랑의 달빛으로 노크를 해야지(Whoo!)
 
기획단 (데프콘, 정형돈, 홍진경, 기안84, 코드 쿤스트 (CODE KUNST)):
오오오 내 사랑 
바람결에 창을 열고
달빛 미소 출렁이며 
행복의 단꿈을 꾸어라
오오오 내 사람 
그대 드릴 꽃 한 송이
별빛 미소 출렁이며 
마음의 창문을 열어라
 
aespa, G-DRAGON, 안성재:
(GD, Kick it)
한 송이 장미를 종이에 곱게 싸서
어제도 오늘도 하루같이 기다리네
그대의 창문은 열릴 줄 모르니 (Open the door)
G.O.O.D-D.A.Y ‘굿데이’ 해야지
(이거 굿데이거든요)
 
DAY6 (데이식스), 김고은:
오오오 내 사랑
바람결에 창을 열고
달빛 미소 출렁이며
행복의 단꿈을 꾸어라
 
굿데이 식구들, G-DRAGON:
(저는 음악의 힘을 믿어요)
오오오 내 사랑 (오-오-굿데이)
오오오 내 사랑 (오-오-굿데이)
(평범한 일상을 특별한 날로 만들어 주는 거?!)
 
굿데이 식구들:
오오오 내 사랑
바람결에 창을 열고
달빛 미소 출렁이며 
행복의 단꿈을 꾸어라
오오오 내 사랑 
가족 친구 연인 모두
별빛 미소 출렁이며 
노래해 좋은 날 굿데이
(Telepathy)
 
황정민, 정형돈, 안성재:
마음의 창문을 열어라
(모든 날이 굿데이였다)
(Yeah, 이븐하게)",https://ai-vocal-training.s3.ap-northeast-2.amazonaws.com/album_cover/G-DRAGON 황정민 데프콘 홍진경 정형돈 조세호 기안84 안성재 태양 정해인 황광희 임시완 이수혁 대성 코드 쿤스트 CODE KUNST CL 김고은 DAY6 데이식스 부석순 SEVENTEEN aespa_굿데이 2025 텔레파시  달빛 창가에서.jpg,2025.04.24
너와의 모든 지금,재쓰비 (JAESSBEE),"말도 안 되게 싱그러웠어
뭘 해도 됐던 그 나이엔
이유 없이도 특별했었지 그땐
그게 난 그리운 거야 아마

그 모든 시간 속에 날
여전히 기억해

내게 언제의 나를
사랑하냐고 물으면 바로 지금
날 알아보고 날 믿어주는
너와의 모든 지금

아무것도 아닌 건 
아무것도 없었어
지나간 모든 순간들

이루지 못한 그 모든 꿈을
또 한 번 모아서
안되면 그냥 웃어버리고
또 하면 되지 뭐

쏟아지는 별빛들보다
눈부시게 빛나고 있어
넌 다른 나 나 나 나 나야

(J Square)
재수는 Retry라고 
쓰디쓴 눈물을 삼키며 말했었지
비밀을 알려주자면
넌 뭘 했어도
성공할 연인 걸 알고 있잖아

한 번도 굳이 말하지 못한 그 말
내가 뒤에 있어
당장 저질러버려

마지막 날인 것처럼
오늘을 시작해

내게 언제의 나를
사랑하냐고 물으면 바로 지금
날 알아보고 날 믿어주는
너와의 모든 지금

쏟아지는 별빛들보다
눈부시게 빛나고 있어
넌 다른 나 나 나 나 나야

피할 수가 없는 날이면
하루쯤은 그냥 구겨 던져버려
온몸으로 막아도
내일은 올 테니까
Get it over, tonight

Stay in what you believin’
넌 너를 그냥 믿어
도무지 너를 모르겠다면
네 곁에 나를 믿어

아무 것도 아닌 건
아무 것도 없댔어
우리의 모든 순간들

Go go
We’re gonna get your back, baby
Go go
We’re gonna wait ‘till you be there

쏟아지는 별빛들보다
눈부시게 빛나고 있어
넌 다른 나 나 나 나 나야",https://ai-vocal-training.s3.ap-northeast-2.amazonaws.com/album_cover/재쓰비 JAESSBEE_너와의 모든 지금.jpg,2024.11.11
FAMOUS,ALLDAY PROJECT,"분명 나쁜 아이는 아니어도
또 틀에 가두면 we break it
Bum no bigger than the girl nextdoor
무대 서면 we fake it

No white collar 근데 얜 좀 쳐
When I put mans in their places
모든 시선들은 날 따라와
But we ain't even famous

Don't you try me I want some more
Don't you play me we on the floor
Don't you try me I want some more
(We ain’t even famous)

Don't you try me I want some more
Don't you play me we on the floor
Don't you try me I want some more
(We ain’t even famous)

Money don’t make friends, only got my fam
Pull up with my M’s and I make the money dance
Funny how it goes but this is how it ends
This is how I live by the name Tarzzan

I ain’t even famous
다들 날 보면 오 they say less
And my kit in my whip is the latest
내 가친 조 단위 임마 불러봐
Name is “The Greatest Unfamous” 

느껴져 내 분위기
When I walk 다 돌아봐
I be gettin what I need
Those things I’ve got

Think it’s going to my head
Know you lookin’ when I dance
Take a quick pic for your friend
내 이름 알아둬

분명 나쁜 아이는 아니어도
또 틀에 가두면 we break it
Bum no bigger than the girl nextdoor
무대 서면 we fake it

No white collar 근데 얜 좀 쳐
When I put mans in their places
모든 시선들은 날 따라와
But we ain't even famous

I'm stacking my dollars
난 뿌리부터 달라, 초록 빛깔 color
감출 수 없어, 나잖아 빛이
Not even famous but they wanna be us
같은 공기지만 우린 너무 다른 위치

비교 말어 걔넨 전부 구려
똑같은 걸 해도 I do it better
말해 뭐해 I’m a trendsetter
All day show ‘em 끝없는 체력

내 표적은 네 머리
When I walk 다 돌아봐
I be gettin what I need
Those things I’ve got

Think it’s going to my head
Know you lookin’ when I dance
Take a quick pic for your friend
내 이름 알아둬

분명 나쁜 아이는 아니어도
또 틀에 가두면 we break it
범 무서운지 모르고 덤벼
겁 없이 I just face it

No white collar 근데 얜 좀 쳐
When I put mans in their places
모든 시선들은 날 따라와
But we ain't even famous

Don't you try me I want some more
Don't you play me we on the floor
Don't you try me I want some more
(We ain’t even famous)

Don't you try me I want some more
Don't you play me we on the floor
Don't you try me I want some more
(We ain’t even famous)",https://ai-vocal-training.s3.ap-northeast-2.amazonaws.com/album_cover/ALLDAY PROJECT_FAMOUS.jpg,2025.06.23
우리들의 블루스,임영웅,"잊지는 말아요 함께 했던 날들
눈물이 날 때면
그대 뒤를 돌아보면 돼요
아프지 말아요 쓸쓸한 마음에
힘든 일이 참 많았죠 그대에겐
내가 곁에 있을게요
그댈 위해 노래할게요
잊지 말아요
그댈 위해 약속할게요
언젠가 우리 시간 지나면
알게 되겠죠
그땐 웃을 수 있죠 나 약속할게요
그땐 미소 짓겠죠
작은 행복까지 모두
외롭고 지칠 때 손잡아 줄게요
슬픔이 짙어질 때면 위로해 줄
그 한 사람이 될게요
그대 부디 울지 말아요
슬퍼 말아요
그대에게 빛이 될게요
언젠가 우리 시간 지나면
알게 되겠죠
그땐 웃을 수 있죠 나 약속할게요
폭풍 속에 혼자 남아 헤매도 오
길이 되어 지킬게요 그대
그댈 위해 노래할게요
잊지 말아요
그댈 위해 약속할게요
어두운 길을 밝게 비추는
그대의 빛이 될게요",https://ai-vocal-training.s3.ap-northeast-2.amazonaws.com/album_cover/임영웅_우리들의 블루스.jpg,2022.05.02
마음 따라 뛰는 건 멋지지 않아?,TWS (투어스),"거칠어진 숨이
자꾸 뛰는 심장이
하고 싶은 걸 따라가자 외치는 거야
더 이상 망설이기 싫은 날
준비하고서
이제 One, Two, Three, Countdown!

뭐든 가능할 것 같은
괜히 그런 날 있잖아
오늘이 마치 10/10 to me 
Yeah 헤드폰 끼고 아무 노래를 Play 
하필 날씨마저 Groovy 해
하늘 위로 손을 Hi-five

기나긴 기다림이
늘 지루했었는데 이젠 (그조차) 
Yeah 매일 두근대고 있잖아
이유도 모를 Changes 
그것마저도 난 좋아 (Ah)
셋 하면 멀리 뛰자

거칠어진 숨이
자꾸 뛰는 심장이 (Countdown!)
하고 싶은 걸 따라가자 외치는 거야
더 이상 망설이기 싫은 날
준비하고서
Now One, Two, Three, Countdown!

‘ㅋ’ 가득해
Message with a friend
시간 가는 거 모른 채 밤을 새
Yeah 누구도 장담 못 해
맘 가는 대로 눈 돌려
Let’s get it, right?
Don’t need it 큰 우산 따위
쏟아진 비에도 Always walk straight
No diggity 왠지 그 행운이
내 편인 듯해

기나긴 기다림 끝
늘 지루하던 날에 Kick start (Go high)
Yeah 매일 두근대고 있잖아 
이유도 모를 Changes 
그것마저도 난 좋아 (Ah)
셋 하면 멀리 뛰자

거칠어진 숨이
자꾸 뛰는 심장이 (Countdown!)
하고 싶은 걸 따라가자 외치는 거야
더 이상 망설이기 싫은 날
준비하고서
Now One, Two, Three, Countdown!

La La La 
La La La La La
La La La 
La La La La La
La La La 
La La La La La

이제서야
나 알게 됐어
마음이 외치는
Now One, Two, Three, Countdown!",https://ai-vocal-training.s3.ap-northeast-2.amazonaws.com/album_cover/TWS 투어스_마음 따라 뛰는 건 멋지지 않아.jpg,2025.04.21
녹아내려요,DAY6 (데이식스),"꺾어 버리는 한마디
깎여 버리는 웃음기 
모든 게 다 바닥난 채
떨고 있었다 

맘의 온도는 하강 중
서서히 얼어붙던 중
넌 달려와 뜨겁게 날 끌어안았다 

걱정하는 눈빛으로
바라봐 주는 너
고생했어 오늘도 (오늘도)
한마디에

걷잡을 수 없이
스르륵 녹아내려요
죽어가던 마음을
기적처럼 살려 낸 그 순간

따뜻한 눈물이
주르륵 흘러내려요 
너의 그 미소가 
다시 버텨 낼 수 있게 해 줘요

걱정 마 괜찮아 
옆에 내가 있잖아 
너의 그 말이 날
다시 일어서게 해 

기막힌 우연처럼 
나타나 줬던 너 
두 팔 벌려 
웃으며 (어서 와) 
안아 주면

걷잡을 수 없이
스르륵 녹아내려요
죽어가던 마음을
기적처럼 살려 낸 그 순간

따뜻한 눈물이
주르륵 흘러내려요 
너의 그 미소가 
다시 버텨 낼 수 있게 해 줘요

나에게 넌 행운이야 놀라움 뿐이야
이젠 내 차례
Love you hold you give you all I got

걷잡을 수 없이
스르륵 녹아내려요
죽어가던 마음을
기적처럼 살려 낸 그 순간

따뜻한 눈물이
주르륵 흘러내려요 
너의 그 미소가 
다시 버텨 낼 수 있게 해 줘요",https://ai-vocal-training.s3.ap-northeast-2.amazonaws.com/album_cover/DAY6 데이식스_녹아내려요.jpg,2024.09.02
미안해 미워해 사랑해,Crush,"It's the same day
이렇게 너를
다시 불러보는 
잊고 있던 마음들과

이제야 내미는
나의 미련한 진심들
늦어서 미안해

I wish I could have told you that
I was born to love you
To love you with all my heart
널 향한 심장이 멈춰지지가 않아

Still want you all the time
아직 내 마음속 한켠의 방에
그리움으로 가득 채워
너를 기다려
Need you all the time
아무 말도 전하지 못해
시간속을 헤메이는
나를 미워해

It’s the same night
흐릿한 어느 밤 안개 속에 너를
불러보곤 해 난 또

시간 저편에 빛나던
기억을 떠올려
두 손 꼭 잡았던

I wish I could have told you that
I was made to love you
To love you with all my heart
망설이다 혼자 삼켰던 말 사랑해

Still want you all the time
아직 내 마음속 한켠의 방에
그리움으로 가득 채워
너를 기다려
Need you all the time
미친 듯이 네게 달려가
두 팔 가득 너를 품고

And I want you to know you’re the only reason 
that I still breathe that I still live
And to tell you
사랑했던 나의 진심이
사랑받던 모든 기억이 
내 모든 이유 
유일한 이유
Hmmm",https://ai-vocal-training.s3.ap-northeast-2.amazonaws.com/album_cover/Crush_미안해 미워해 사랑해.jpg,2024.03.24
봄 그리고 너,마틴스미스,"바람이 불어 따스한 햇살 속에서
우리 꽃향기와 함께 오늘
날이 좋아서 같이 걷고 싶어요
예쁜 이 거리를 너와 함께
지금 이 순간을 놓치고 싶진 않아
너도 나와 같다면
내 앞에 머릿결이 휘날리는
그 향기에 기분이 좋아서
너의 그 사랑이 피어나고
그대 품에 안겨 살짝 눈을 감죠
파란 하늘에 구름이 하나둘씩
새하얗게 꽃들을 피우고
우리 둘의 사랑이 시작되고
이 거리를 하나둘씩 새하얗게 더
물들이고 있죠
밤공기는 아직 차고
너의 손을 잡고서
이 순간에 서로의
따뜻한 온기를 느끼며
가로등이 비치는 거리를 따라서
지금 이 시간이 영원하길
지금 이 순간을 놓치고 싶진 않아
너도 나와 같다면
내 앞에 머릿결이 휘날리는
그 향기에 기분이 좋아서
너의 그 사랑이 피어나고
그대 품에 안겨 살짝 눈을 감죠
파란 하늘에 구름이 하나둘씩
새하얗게 꽃들을 피우고
우리 둘의 사랑이 시작되고
이 거리를 하나둘씩 새하얗게 더
물들이고 있죠
내 두 손에 빨개진 볼이 사과처럼
꼭 널 품은 나무가 되고 싶어
너의 그 사랑이 피어나면
해가 되어 줄게
바라기만 해 줄래
파란 하늘에 구름이 하나둘씩
새하얗게 꽃들을 피우고
우리 둘의 사랑이 시작되고
이 거리를 하나둘씩 새하얗게 더
물들이고 있죠
파란 하늘에 구름이 하나둘씩
새하얗게 꽃들을 피우고
우리 둘의 사랑이 시작되고
이 거리를 하나둘씩 새하얗게 더
물들이고 있죠",https://ai-vocal-training.s3.ap-northeast-2.amazonaws.com/album_cover/마틴스미스_봄 그리고 너.jpg,2017.04.25
만년설 (Everlasting),엔플라잉 (N.Flying),"너를 위해 할 수 있는 일이 내게 있다면
몇 번의 계절이 지나도 변하지 않는
눈처럼 꽃처럼 너는 본 적 없는
진정한 행복을 주고 싶어

작은 기다림도 놓치지 않을게
얼마나 걸려도 난 괜찮아
아침 해와 같이 뜬 달처럼 소중한
몇 번 없는 순간일까

아니야 무서웠던 하루였어
눈보라처럼
도착한 나의 품을 데우며
괜찮아 잠시뿐일 감기처럼
열이 나는 거야
그제서야 녹을 거야

너를 위해 할 수 있는 일이 내게 있다면
몇 번의 계절이 지나도 변하지 않는
눈처럼 꽃처럼 너는 본 적 없는
진정한 행복을 주고 싶어

너의 작은 웃음도 놓치지 않을게
별은 매번 뜨지 않으니까
너의 점과 나의 점을 이어 나가서
새로운 별자리가 되자

오늘은 무서웠던 설인을 만나
도망을 쳤어
도착한 나의 품을 데우며
괜찮아 잠시뿐일 감기처럼
다 지나갈 거야
그제서야 녹을 거야

너를 위해 할 수 있는 일이 내게 있다면
몇 번의 계절이 지나도 변하지 않는
눈처럼 꽃처럼 너는 본 적 없는
진정한 행복을 주고 싶어

함께 눈보라를 맞아 보고
저 멀리 도망도 쳐 보자
하나도 무섭지 않아
곁에 있으니까
하얀 눈 속에 피어난 작은 꽃들처럼
소중한 행복이 되어 줄 거야

너를 위해 할 수 있는 일이 내게 있다면
몇 번의 계절이 지나도 변하지 않는
눈처럼 꽃처럼 너는 본 적 없는
진정한 행복을 주고 싶어
소중한 행복이 되고 싶어

항상 네 맘에 변함없는 나로 살고 싶어
만년이라는 시간이 참 무색하도록
하나씩 하나씩 더 쌓아 나가자
소중한 우리의 추억들을",https://ai-vocal-training.s3.ap-northeast-2.amazonaws.com/album_cover/엔플라잉 NFlying_만년설 Everlasting.jpg,2025.05.28
Dash,PLAVE,"실낱같았던
한 줄기의 빛을 봤어

칠흑 같은 어둠 속에
끝을 헤매고 있어

아름답던 영원처럼
아득히 펼쳐진 꿈

Time is freakin’ running out

I gotta dash
Break up the way
I’m in my devil
Don’t make me mad

I gotta dash
Break up the way
I’m in my devil
Don’t make me mad

I fly for peace
Never lose in this place
거침 따위 전혀 보이지 않지
Ma prime series
New chapter le get it
Don’t slow down
Never repeat it

Don’t stop for life
Give me Give me that
Oh, we’ll rock!

The question is where you at now
Take it easy now
어차피 정해진 답은 없으니 keep it up

날 깨워줘
악몽처럼
까맣게 뒤덮인 꿈

Time is freakin’ running out

I gotta dash
Break up the way
I’m in my devil
Don’t make me mad

I gotta dash
Break up the way
I’m in my devil
Don’t make me mad

다시 뒤바뀌는 결말은
네 선택에 놓여
약속했던 그날의 숨결

I gotta dash
Break up the way
I’m in my devil
(혁명은 시작됐어
일어나 영광은 우리의 것)
Don’t make me mad

I gotta dash
Break up the way
I’m in my devil
(혁명은 시작됐어
일어나 영광은 우리의 것)
Don’t make me mad

Immortal Immortal
Immortal Immortal
Immortal Immortal
Immortal Immortal",https://ai-vocal-training.s3.ap-northeast-2.amazonaws.com/album_cover/PLAVE_Dash.jpg,2025.02.03
해야 (HEYA),IVE (아이브),"Let’s get it
Look at it
Pay attention

얼어붙은 맘 어디 깨볼까? 
놀라버렸던 네 심장 말이야 
맘에 들었어 넌 그냥 Say yes 
내가 널 부르면 “얼음 땡” 

(Da da da dun dun) 
널 노리는 내 두 눈
숨을 죽인 그다음
한 발 낮춘 attitude
때를 기다리는 pose 

어둠 속 빛난 tiger eyes
날 감춘 채로 다가가
새빨간 말로 홀려 놔
방심한 순간 claw 

우린 더 높이
하늘에 닿을 것처럼 외쳐 너를 깨워
올려 봐 노려봐 넌 내 거니까 다
자꾸 널 보면 탐이 탐이 나

해야 해야 해야
한입에 널 삼킬 때야
(탐이 탐이 나)
해야 해야 해야
이미 내가 이긴 패야
(널 보면 탐이 탐이 나)

해야 해야 해야
뜨겁게 떠오르는 해야
별안간 홀린 그 순간 Bite
단 한 번에 난 널 휘리휘리 Catch ya 

더 높이 Keep it up
Uh huh
Happily ever after? Nope!
(Da da da dun dun)

못 기다린대 못 돼버린 내 맘이
겁 따윈 없는 척하지 마 너 감히
멀어져 넌 가니
어차피 한 입 거리 (Hey)
옳지 착하지 더 이리이리 오렴 

네 맘 나 주면 안 잡아먹지 Right now
내 발톱 아래 뭘 숨겼을지 Watch out

우린 더 높이
하늘에 닿을 것처럼 외쳐 너를 깨워
올려 봐 노려봐 넌 내 거니까 다
자꾸 널 보면 탐이 탐이 나

해야 해야 해야
한입에 널 삼킬 때야
(탐이 탐이 나)
해야 해야 해야
이미 내가 이긴 패야
(널 보면 탐이 탐이 나)

해야 해야 해야
뜨겁게 떠오르는 해야
별안간 홀린 그 순간 Bite
단 한 번에 난 널 휘리휘리 Catch ya 

휘리휘리 휘리휘리 
휘리휘리 휘리휘리

더 붉게 더 밝게
타올라 뜨거워도 좋으니
더 높게 더 높게
숨어도 넌 내 손바닥 안이니

깊은 어둠이 짙은 구름이
또 긴 밤 아래 널 감출 테니
Chew and swallow 
Get ready for it, baby
(Listen when I say)

자꾸 널 보면 탐이 탐이 나

해야 해야 해야
한입에 널 삼킬 때야
(탐이 탐이 나)
해야 해야 해야
이미 내가 이긴 패야
(널 보면 탐이 탐이 나)

해야 해야 해야
뜨겁게 떠오르는 해야
별안간 홀린 그 순간 Bite
Da da da dun dun dun",https://ai-vocal-training.s3.ap-northeast-2.amazonaws.com/album_cover/IVE 아이브_해야 HEYA.jpg,2024.04.29
천국보다 아름다운,임영웅,"흐릿한 기억 속에 남아 있는 건 
따뜻한 찰나의 우리
차가운 새벽에도 
피어나는 꽃처럼

영원이란 계절 속에서 
부디 잊진 말아 줘요
잊혀질 기억 속 
우리가 나눴던 약속

아름다웠던 모든 날
눈이 부시던 모든 날
선명히 보이는 
The rise, the Fall
Lost and Found


멈춘 듯이 또 흘러가는 
꿈속에 저 계절처럼
잊었던 나를 부르는 
기억 속의 목소리가

아름다웠던 모든 날
눈이 부시던 모든 날
선명히 보이는
The rise, the Fall

Take My Hand
And Close your eyes
영원의 틈 그 너머로
다시 우리는 날아가
찬란했던, 아름다웠던 
모든 날을 뒤로하고

아름다웠던 모든 날
눈이 부시던 모든 날
선명히 보이는
The rise, the Fall
The sweet and bitter
그 모든 날 
Lost and Found",https://ai-vocal-training.s3.ap-northeast-2.amazonaws.com/album_cover/임영웅_천국보다 아름다운.jpg,2025.04.14
LOVE ATTACK,RESCENE (리센느),"Feeling love attack!

I am all you need
I am all you need 
So come and get it now
I am all you need
I am all you need 
Yeah get it

걸음마다
눈부신 나 
Let's get it started

모든 순간 
시선을 난 
피하지 않지 

What you waiting for
I’m just waiting for

나를 스친 
깊은 끌림 
직감을 Chasing 

Oh so strong
너를 느껴 난
Yeah so strong 
다가가 이미 난
On and on
너를 파헤쳐
1234

Like me, Like me 
아주 눈이 부신
너를 숨김없이 보여줘 

한 번도 빛난 적 없었던 
미지의 향으로
온 세상을 물들여 

새로워진 장면에 
두 눈앞은 황홀해 
너의 손을 잡을 땐 
너와 어우러질 땐

빛을 이끌어 With me, With me 
마치 Chemically 우린 
완벽하게 어울려 

Feeling love attack!

너 역시 날 많이 기다려 왔겠지 
자 오늘 이 순간 날 You can’t deny it
I got you the feeling it’s hotter than fire
U with it, I’m with it, Admit, No lying 

한순간에 난 발견해 
가려졌던 널 찾아내
짙게 번지는 Ambergris
어서 너의 모든 걸 드러내

Beautiful
너를 느껴 난
Fabulous
다가가 이미 난
On and on
너를 파헤쳐
1234
(때를 기다려)

Like me, Like me 
아주 눈이 부신
너를 숨김없이 보여줘 

한 번도 빛난 적 없었던 
미지의 향으로
온 세상을 물들여 

새로워진 장면에
두 눈앞은 황홀해 
너의 손을 잡을 땐 
너와 어우러질 땐

빛을 이끌어 With me, With me 
마치 Chemically 우린 
완벽하게 어울려 

Feeling love attack!

I am all you need
I am all you need 
So come and get it now
I am all you need
I am all you need
So come and get it now
1234 

Like me, Like me 
아주 눈이 부신
너를 숨김없이 보여줘

한 번도 빛난 적 없었던 
미지의 향으로
온 세상을 물들여 

새로워진 장면에 (그 장면에)
두 눈앞은 황홀해 (난 황홀해)
너의 손을 잡을 땐 
너와 어우러질 땐

빛을 이끌어 With me, With me 
마치 Chemically 우린 
완벽하게 어울려 (완벽하게 어울려)

Feeling love attack!",https://ai-vocal-training.s3.ap-northeast-2.amazonaws.com/album_cover/RESCENE 리센느_LOVE ATTACK.jpg,2024.08.27
가까운 듯 먼 그대여,카더가든,"저 달빛에 그려지는
그대의 미소를 간직해
그을진 저 노을 속에
그대 얼굴이 떠올라
또 찬바람이 불어와
그대의 맘을 뒤흔들면
포근한 저 바람 되어
안아줄게 그댈
그대는 밤하늘에 놓인
작은 별 같아요 매일
밤마다 나를 찾아와
나의 맘을 흔들어 놓는
가까운 듯 먼 그대여
그댈 또 그려보네
밤하늘 별들이 되어
밤하늘에 놓인 별들
그대의 모습과 같아서
홀로 그댈 생각하며
오늘도 늦은 잠 이뤄요
그대는 밤하늘에 놓인
작은 별 같아요 매일
밤마다 나를 찾아와
나의 맘을 흔들어 놓는
가까운 듯 먼 그대여
그댈 또 그려보네
밤하늘 별들이 되어
매일 꿈속에서도 준비한 말들을
이젠 해야 할 것 같은데
말처럼 되질 않아 오늘도
그대는 밤하늘에 놓인
작은 별 같아요 매일
밤마다 나를 찾아와
나의 맘을 흔들어 놓네",https://ai-vocal-training.s3.ap-northeast-2.amazonaws.com/album_cover/카더가든_가까운 듯 먼 그대여.jpg,2021.08.26
Supernatural,NewJeans,"Stormy night
Cloudy sky
In a moment you and I

One more chance
너와 나 다시 한번 만나게
서로에게 향하게

My feeling’s getting deeper
내 심박수를 믿어
우리 인연은 깊어
I gotta see the meaning of it

I don’t know what we’ve done
되돌아가긴 싫어
もう知っている

Don’t know what we’ve been sold
見つけられるよ
So it’s sure

Golden moon
Diamond stars
In a moment you and I

Second chance
しょうがない
もう少し待って
너와 내게 향하게

My feeling’s getting deeper
내 심박수를 믿어
우리 인연은 깊어
I gotta see the meaning of it

I don’t know what we’ve done
되돌아가긴 싫어
もう知っている

Don’t know what we’ve been sold
見つけられるよ
So it’s sure

It’s supernatural
It’s supernatural

거짓말 안 할래
너도 말해
Attention we should pay
To what is coming through

We had no idea
It’s crystal clear
Love is here
Sitting next to you

私とあなた
Golden moon
Diamond stars
In a moment we unite",https://ai-vocal-training.s3.ap-northeast-2.amazonaws.com/album_cover/NewJeans_Supernatural.jpg,2024.06.21
다시 만날 수 있을까,임영웅,"너를 위해 해 줄 것이 하나 없어서
보낼 수밖에 없었고
네가 없이 사는 법을 알지 못해서
순간순간을 울었다
후회로 가득한 한숨 자락이
시린 바람처럼
가슴 치는 날 그 언젠가
우리 만날 수 있을까
다시 만날 수 있을까
그리 좋던 예전처럼 그때처럼
되돌아갈 수 있을까
다시 우리가 만나면
무엇을 해야만 할까
서로를 품에 안고서
하염없이 눈물만 흘려볼까
붙잡을 마음이야 없었겠냐마는
그때 난 부끄러웠다
떳떳하게 일어나 널 다시 찾아갈
뜨거운 꿈만 꾸었다
둘이 함께 했던 순간순간이
시린 폭포처럼
쏟아지는 날 그 언젠가
우리 만날 수 있을까
다시 만날 수 있을까
그리 좋던 예전처럼 그때처럼
되돌아갈 수 있을까
다시 우리가 만나면
무엇을 해야만 할까
서로를 품에 안고서
하염없이 눈물만 흘려볼까
그리운 마음이 서럽게 흘러넘쳐
너에게 닿을 때
우리 만날 수 있을까
다시 만날 수 있을까
그리 좋던 예전처럼 그때처럼
되돌아갈 수 있을까
다시 우리가 만나면
무엇을 해야만 할까
서로를 품에 안고서
하염없이 눈물만 흘려볼까",https://ai-vocal-training.s3.ap-northeast-2.amazonaws.com/album_cover/임영웅_다시 만날 수 있을까.jpg,2022.05.02
숙녀에게,송필근,"어쩌면 처음 그땐 
시간이 멈춘 듯이 
미지의 나라 그곳에서
걸어온 것처럼

가을에 서둘러 온 
초겨울 새벽녘에
반가운 눈처럼 그대는
내게로 다가왔죠

그대의 맑은 미소는
내 맘에 꼭 들지만
가끔씩 보이는 우울한 눈빛이
마음에 걸려요

나 그대 아주 작은 일까지
알고 싶지만
어쩐지 그댄 내게 말을 안 해요
허면 그대 잠든 밤
꿈속으로 찾아가
살며시 얘기 듣고 올래요

그대의 맑은 미소는
내 맘에 꼭 들지만
가끔씩 보이는 우울한 눈빛이
마음에 걸려요

나 그대 아주 작은 일까지
알고 싶지만
어쩐지 그댄 내게 말을 안 해요

허면 그대 잠든 밤
꿈속으로 찾아가
살며시 얘기 듣고 올래요

나 그대 아주 작은 일까지
알고 싶지만
어쩐지 그댄 내게 말을 안 해요
허면 그대 잠든 밤
꿈속으로 찾아가
살며시 얘기 듣고 올래요",https://ai-vocal-training.s3.ap-northeast-2.amazonaws.com/album_cover/송필근_숙녀에게.jpg,2025.03.16
이제 나만 믿어요,임영웅,"무얼 믿은 걸까 부족했던 내게서
나조차 못 믿던 내게 여태 머문 사람
무얼 봤던 걸까 가진 것도 없던 내게
무작정 내 손을 잡아 날 이끈 사람
최고였어
그대 눈 속에 비친 내 모습
이제는 내게서 그댈 비춰줄게
궂은 비가 오면
세상 가장 큰 그대 우산이 될게
그댄 편히 걸어가요
걷다가 지치면
내가 그대를 안고 어디든 갈게
이제 나만 믿어요
나만 두고 가던 
나만 스쳐 간 행운이 모여
그대가 되어서 내게 와준 거야
궂은 비가 오면
세상 가장 큰 그대 우산이 될게
그댄 편히 걸어가요
걷다가 지치면
내가 그대를 안고 어디든 갈게
이제 나만 믿어요
나의 마지막 주인공이 되어
다신 누구 앞에서도 
그대는 고개 숙이지 마요
내가 보지 못했던 홀로 고단했던 시간
고맙고 미안해요 사랑해요
이 세상은
우리를 두고 오랜 장난을 했고
우린 속지 않은 거야
이제 울지 마요
좋을 땐 밤새도록 맘껏 웃어요
전부 그대 꺼니까
그대는 걱정 말아요
이제 나만 믿어요",https://ai-vocal-training.s3.ap-northeast-2.amazonaws.com/album_cover/임영웅_이제 나만 믿어요.jpg,2020.04.03
HBD,세븐틴 (SEVENTEEN),"내일 없는 매일을 살고 있잖아
오늘 하룬 살고픈 대로 살 거야
촛불 켜고서 소원을 빌어 다 이뤄질 거야
Happy birthday to you

마음처럼 되는 건 이 세상엔 없었어
골치 아픈 얘긴 껌딱지 같잖아
힘내라는 말 위로 되지 않아 꺼져 
말 같잖은 소린 그만해 해 해

손가락질 진절머리 났어
맘 같아선 한 대 치고 싶어
그래도 난 다시 태어나도
지금의 나로 살고 싶어 어 어

내일 없는 매일을 살고 있잖아
오늘 하룬 살고픈 대로 살 거야
촛불 켜고서 소원을 빌어 다 이뤄질 거야
Happy birthday to you

Happy birthday to you you you you
Happy birthday to you

착해빠진 멍청이라 욕먹으면 어때
하나부터 열까지 강요받는 세상에
뜨거워진 내 맘을 얕잡아봐선 안 돼
끝날 때까지 끝까지 run run run

맘대로 내 맘대로
오늘은 내 맘대로
촛불 켜고서 소원을 빌어 다 이뤄질 거야
Happy birthday to you

Happy birthday to you you you you
Happy birthday to you

오늘은 날 위한 나만의 celebration night
멈추지 않을 거야

It’s like HAPPY BURSTDAY yeah
이렇게 계속 불 불 불 지필래
I don’t care 어지럽게 오늘 밤은 미쳐버릴래
Let’s go

Boom Brr Like it 오늘 밤은 미쳐 like this
Boom Brr Like it (hey hey hey hey)
Boom Brr Like it 오늘 밤은 미쳐 like this
Boom Brr Like it
Happy birthday to you",https://ai-vocal-training.s3.ap-northeast-2.amazonaws.com/album_cover/세븐틴 SEVENTEEN_HBD.jpg,2025.05.26
Bag Bad Back,RIIZE,"I’ve been in my bag
Counting up my steps
두 눈빛은 Heavy
우리 꿈을 담을 때
내 움직임을 봐
Think I might just break my back
터질 듯이 가방 가득 채워 졸라매
Know I gotta get that

Whoa Jet ski on my toes
우리 Energy가 Flow
Go-getter my pose one more
Whoa 한 발짝 To the goal
거울 앞은 늘 Summer
젖은 내 Training clothes run it up
빙빙 돌아가도 직진
우린 우릴 믿지 R double I Z E
Beep beep 꿈을 꾸는 Dream team
지켜내고 있지 우리들의 진심

백번째 But it’s never enough
우리가 하나로 가득 채워 담은 Vision
발과 바닥이 맞닿아 숨이 차오르면
나를 감싸는 떨림 That’s fire

I’ve been in my
Bag bag bag bag bag bag bag
Please don’t touch my
Bag bag bag bag bag bag bag
I’ve been in my bag
Counting up my steps
두 눈빛은 Heavy
우리 꿈을 담을 때
내 움직임을 봐
Think I might just break my back
터질 듯이 가방 가득 채워 졸라매
Know I gotta get that

Know I gotta get that, bad
불가능은 잊은 채 매일
흐르는 땀은 Splash
부담이 됐던 First stage
이제는 Where to next
한 번 더 박차고 Dash
우리가 뭉치면 못할 게 뭔데
가득 챙겨 우린 될 때까지 해
24 마치 불꽃 멈추는 법 Forgot it
Pedal to floor image like 슉슉
시작됐어 이미
지켜봐 How we make it real
함께 흘린 땀이지
닳은 신발까지 안에 전부
챙겨 다음으로 올라갈 뿐이지

Checks on that
매번 Deep in the vibe
포긴 안 해 절대
RIIZE will continue to rise
손과 손이 맞닿아
나는 소리는 Tight
우릴 감싸는 떨림
That’s fire

I’ve been in my
Bag bag bag bag bag bag bag
Please don’t touch my
Bag bag bag bag bag bag bag
I’ve been in my bag
Counting up my steps
두 눈빛은 Heavy
우리 꿈을 담을 때
내 움직임을 봐
Think I might just break my back
터질 듯이 가방 가득 채워 졸라매
Know I gotta get that

뜨거웠던 하루 잠시
흐르고 다시 온 아침
내게 물어봤지 What's on my mind?
But do you know?
반짝이는 빛이 우릴 비추고
서로의 눈 맞추면
이미 준비는 끝났지
누가 우릴 막지
We are still wanting more
Anything you want
I can do that
Walk up to the stage
they like “Who that?”
너와 나 같은 꿈을 꿀 때
Say it we are rising all the way

I’ve been in my
Bag bag bag bag bag bag bag
Please don’t touch my
Bag bag bag bag bag bag bag
I’ve been in my bag
Counting up my steps
두 눈빛은 Heavy
우리 꿈을 담을 때
내 움직임을 봐
Think I might just break my back
터질 듯이 가방 가득 채워 졸라매
Know I gotta get that

Bag bag bag
Please don’t touch my",https://ai-vocal-training.s3.ap-northeast-2.amazonaws.com/album_cover/RIIZE_Bag Bad Back.jpg,2025.05.19
Maybe Tomorrow,DAY6 (데이식스),"뭘 해도 똑같고 변함없잖아 
그래도 뭐라도 하긴 하지만 
나를 에워싼 아픔이
가실 기미가 안 보이지 
지금이란 게 영원히 
계속될 것 같아

시간아 흘러가 이런 날 좀 봐 
눈물만 차올라 고갤 들잖아
흐릿해진 내 세상에 
걸어갈 길은 어딘지 
I don't know, no

내일이 오면 오늘보단 나아지겠지 
쓰라리는 이 상처가 좀 덜 아프겠지 
미소를 되찾는 날을 기다려 
Maybe tomorrow tomorrow tomorrow 

내일이 되면 오늘보단 따뜻하겠지 
살을 에는 이 추위가 좀 잦아들겠지 
내 맘을 감싸 줄 봄을 기다려 
Maybe tomorrow tomorrow tomorrow 

억지로라도 넘기고 싶어져 
왠지 다음은 괜찮을 것 같아서
나아지는 게 안 보여도
그 너머를 상상하며 반복해

내일이 오면 오늘보단 나아지겠지 
쓰라리는 이 상처가 좀 덜 아프겠지
미소를 되찾는 날을 기다려
Maybe tomorrow tomorrow tomorrow 

And so on 내일이 쌓여가겠지 
And then one day 기다리던 날이 오겠지 
To me

Tomorrow 
내일이 되면 오늘보단 따뜻하겠지 
살을 에는 이 추위가 좀 잦아들겠지 
내 맘을 감싸 줄 봄을 기다려 
Maybe tomorrow tomorrow tomorrow",https://ai-vocal-training.s3.ap-northeast-2.amazonaws.com/album_cover/DAY6 데이식스_Maybe Tomorrow.jpg,2025.05.07
살기 위해서,순순희,"원합니다 내가 살기 위해서
내가 이렇게도 가슴이 뛰는 건
그대가 내 마음에 다녀 갔었나 봐
우리 사랑은 또 스쳐가지만
세상에서 가장 그리운 사람
내가 어느새 그대 이름을 불러
원합니다 내가 살기 위해서
그 사랑이 아파도 기다릴게 여기서
사랑이란 멀리 있어도
언젠간 만날 테니까
네가 없으면
죽을 것 같아서 살기 위해서
왜 이유 없이 눈물이 났는지
그렇게 가슴 아파야 했는지
지금 달려가 꼭 말해주고 싶어
원합니다 내가 살기 위해서
그 사랑이 아파도 기다릴게 여기서
사랑이란 멀리 있어도
언젠간 만날 테니까
네가 없으면
죽을 것 같아서 널 사랑해서
두 번 다신 못 보게 될까 봐
연기처럼 네가 사라질까 봐
난 두려워
원합니다 내가 살기 위해서
날 살게 해준 사람 바로 그대입니다
눈물마저 고맙습니다
그대가 준 것이니까
그리움 조차 나는 행복해서
살기 위해서 널 사랑해",https://ai-vocal-training.s3.ap-northeast-2.amazonaws.com/album_cover/순순희_살기 위해서.jpg,2022.04.24
춘몽,현서 (HYUN SEO),"운명 같이 만나길 바래 봄날처럼
유난히 하늘을 멍하니 바보처럼
난 사계절을 돌고 돌아
너에게 가는 중이야
꿈처럼 이 순간 영원하길

왜인지 익숙한 향기
청춘을 함께 걸었지
너라는 날씨는
예보에 없었는데
운명인 듯 우연처럼 널 만나
우리 한 없이 예뻤잖아

그리웠다가 미워했다가
결국엔 사랑이었다고
다 거짓말 같아 네가 떠난 날
난 꿈에서 깨어났지
아쉽게 막을 내렸던
따스했던 봄의 기억
다시 또 너를 그릴 것 같아

운명 같이 만나길 바래 봄날처럼
유난히 하늘을 멍하니 바보처럼
난 사계절을 돌고 돌아
너에게 가는 중이야
꿈처럼 이 순간 영원하길

벚꽃이 피었어, 너가 날 바라볼 때
몇 번의 계절이 지나도 i'll be there
꿈결 같은 장면에
익숙지 않아서 그래
평생을 함께한다 말했잖아

돌고 돌아 이게 마지막
이거 하나 너에게 약속해 
딴 생각은 하지마 ㅎ 
넌 예쁜 것만 바라보면 돼
너와 함께한 계절들 짙게 남아있어
영원히 그대의 봄날이 될게 

운명 같이 만나길 바래 봄날처럼
유난히 하늘을 멍하니 바보처럼
난 사계절을 돌고 돌아
너에게 가는 중이야
꿈처럼 이 순간 영원하길

이 모든 게 꿈이라고 해도
네 생각을 잃지 않을 텐데
그 어떤 계절이 와도
널 절대 놓지 않을 거야
찬란했던 우리들의 시간

운명 같이 만나길 바래 봄날처럼
유난히 하늘을 멍하니 바보처럼
난 사계절을 돌고 돌아
너에게 가는 중이야
꿈처럼 이 순간 영원하길",https://ai-vocal-training.s3.ap-northeast-2.amazonaws.com/album_cover/현서 HYUN SEO_춘몽.jpg,2025.02.18
1999,마크 (MARK),"World, listen to me (uh huh)
Listen (uh yeah)
Too fine

1999, 다시 느껴 난 (What)
Today I feel so new, feels like '99
(World, listen to me)
‘99, yeah, ‘99
‘99, yeah, ‘99 (What)
‘99, yeah, ‘99 yeah
1-9-9-9

Yeah, Mark Lee, back again (Again)
왔어 With a testament (uh huh)
목적지가 달린 플로우
Imma break the net (Break that)
알고리즘 타, 네 앞에 도착해
나이 99년생이 나와
업계를 Brain slap 탄생
깨워 Like alarm set
I’mma wake em up,
I’mma wake em up,
I’mma wake em up
(It’s another day, good morn’)

10년째 키운 내 Dream
소박할 리 없지
Got a call
From my Maker
Told me wake up, I said okay
오늘 저 태양
젊어 보여 I feel reborn
Used to think but now I know baby
1-9-9-9

1999, 다시 느껴 난 (uh huh huh)
Today I feel so new, feels like '99
(World, listen to me)
‘99, yeah, ‘99
‘99, yeah, ‘99 (yeah)
‘99, yeah, ‘99 yeah
1-9-9-9

Yeah 기가 막히네
아침에 Okay, I wear that
Armor like 자켓
Now what’s that
하루 반나절
바뀌는 세상
말고 난 I know
He sees me more than some viral

Oh, what's a decade
10년 동안 나같은 놈은 못 봤네
One hundred (One hundred)
못할 바엔 일을 안 할게
(I’m so fine)
World, listen to me

1999, 다시 느껴 난 (uh huh huh)
Today I feel so new, feels like '99
(World, listen to me)
‘99, yeah, ‘99 (what)
‘99, yeah, ‘99 (yeah)
‘99, yeah, ‘99 (Listen)
1-9-9-9

Light it up, hoo
해가 떠 방 안에 (huh!)
This is a revolution (huh!)
I'll leave the 99 (huh!)
Just to get the 1 baby

세기 마지막에
태어난 애
이 시대에 마지막이 될게
Only one more question remains
대체 What was his whole plan
‘99 yeah

(You ain’t listening)
(Listen)
(Uh, yeah)

(World, listen to me)
Let me show you I was born to be
Let me show you I was born to be
(Whatchu mean?)
Let me show you I was born to be
I was always meant to be all yours

Yeahh (Let’s bring it back)

1999, 다시 느껴 난 (Made in ‘99)
Today I feel so new, feels like '99
(World, listen to me)
‘99, yeah, ‘99 (’99, ’99)
‘99, yeah, ‘99 (oh yeah)
‘99, yeah, ‘99 yeah
1-9-9-9
(oh yeah)

과거 현재 미래 Kids
(Kids)
그냥 Show me how you swish
(Swish)
세상에다 찍어 mark it
1999 Ninety night, babe
(woah oh uh oh) (Baby)
 
과거 현재 미래 Kids
(Kids)
그냥 Show me how you swish
(Swish)
세상에다 찍어 mark it
1-9-9-9",https://ai-vocal-training.s3.ap-northeast-2.amazonaws.com/album_cover/마크 MARK_1999.jpg,2025.04.07
Sweet Dreams (feat. Miguel),"j-hope, Miguel","Yeah
Sweet dreams come after hours
Nothin’ that’s not allowed
You should never sleep alone (sleep alone)
Cuz I’ll always take you home (yeah right)
When there’s nothin’ left but diamond necklace 
On you girl

I just wanna love ya like love ya like love ya like that
Love ya like love ya like love ya like that
(Then) you love me right love me right love me right back
Love me right love me right love me right back

You should never sleep alone
Cuz I’ll always take you home
When there’s nothin’ left but diamond necklace 
On you girl, oh

Any night, any time, you are my appetite 
Double vision Gemini and it goes like this
Take you home, take it slow
‘Til you bite your lip
Got a movie in my mind and it goes like this

Closed curtains, open eyes 
Lay down your skin on mine 
Leave all the rest to me

Yeah
Sweet dreams come after hours (that’s what they do)
Nothin' that’s not allowed (uh huh)
You should never sleep alone (sleep alone)
Cuz I’ll always take you home (yeah right)
When there’s nothin’ left but diamond necklace 
On you girl 

I just wanna love ya like love ya like love ya like that
Love ya like love ya like love ya like that
(Then) you love me right love me right love me right back
Love me right love me right love me right back

You should never sleep alone
Cuz I’ll always take you home
When there’s nothin’ left but diamond necklace 
On you girl, oh

You the only cover that I need when I’m cold
You can have my body with my heart and my soul 
You light up my life, you’re like a diamond
Shinin’ shinin’ shinin’, yeah

And we might never get to sleep tonight 
I’ll give you everything you need tonight
This kind of love I guarantee for life
Dreams gonna be sweet tonight

Sweet dreams come after hours
Nothin’ that’s not allowed
You should never sleep alone (sleep alone)
You should let me take you home (alright)
‘Til there’s nothin’ left but diamond necklace 
On you girl

I just wanna love ya like love ya like love ya like that
Love ya like love ya like love ya like that
(Then) you love me right love me right love me right back
Love me right love me right love me right back

You should never sleep alone
Cuz I’ll always take you home
When there’s nothin’ left but diamond necklace 
On you girl",https://ai-vocal-training.s3.ap-northeast-2.amazonaws.com/album_cover/j-hope Miguel_Sweet Dreams feat Miguel.jpg,2025.03.07
number one girl,로제 (ROSÉ),"Tell me that I’m special
Tell me I look pretty
Tell me I’m a little angel
Sweetheart of your city
Say what I’m dying to hear
Cause I’m dying to hear you

Tell me I’m that new thing
Tell me that I’m relevant
Tell me that I got a big heart
Then back it up with evidence
I need it and I don’t know why
This late at night

Isn’t it lonely
I’d do anything to make you want me
I’d give it all up if you told me
That I’d be
The number one girl in your eyes
Your one and only
So what’s it gon’ take for you to want me
I’d give it all up if you told me
That I’d be
The number one girl in your eyes

Tell me I’m going real big places
Down to earth so friendly
And even through all the phases
Tell me you accept me
Well that’s all I’m dying to hear
Yeah I’m dying to hear you

Tell me that you need me
Tell me that I’m loved
Tell me that I’m worth it
And that I’m enough
I need it and I don’t know why
This late at night

Isn’t it lonely
I’d do anything to make you want me
I’d give it all up if you told me
That I’d be
The number one girl in your eyes

Your one and only
So what’s it gon’ take for you to want me
I’d give it all up if you told me
That I’d be
The number one girl in your eyes

The girl in your eyes
The girl in your eyes
Tell me I’m the number one girl
I’m the number one girl in your eyes
The girl in your eyes
The girl in your eyes
Tell me I’m the number one girl
I’m the number one girl in your eyes

Well isn’t it lonely
I’d do anything to make you want me
I’d give it all up if you told me
That I’d be
The number one girl in your eyes

Your one and only
So what’s it gon’ take for you to want me
I’d give it all up if you told me
That I’d be
The number one girl in your eyes
The number one girl in your eyes",https://ai-vocal-training.s3.ap-northeast-2.amazonaws.com/album_cover/로제 ROSÉ_number one girl.jpg,2024.11.22
모래 알갱이,임영웅,"나는 작은 바람에도 흩어질 
나는 가벼운 모래 알갱이 
그대 이 모래에 작은 발걸음을 내어요 
깊게 패이지 않을 만큼 가볍게 
나는 작은 바람에도 흩어질 
나는 가벼운 모래 알갱이 
그대 이 모래에 작은 발자국을 내어요 
깊게 패이지 않을 만큼 가볍게 
그대 바람이 불거든 
그 바람에 실려 홀연히 따라 걸어가요 
그대 파도가 치거든 
저 파도에 홀연히 흘러가리 
그래요 그대여 내 맘에 
언제라도 그런 발자국을 내어줘요 
그렇게 편한 숨을 쉬듯이 
언제든 내 곁에 쉬어가요 
그대 바람이 불거든 
그 바람에 실려 홀연히 따라 걸어가요 
그대 파도가 치거든 
저 파도에 홀연히 흘러가리 
그래요 그대여 내 맘에 
언제라도 그런 발자국을 내어줘요 
그렇게 편한 숨을 쉬듯이 
언제든 내 곁에 쉬어가요 
언제든 내 맘에 쉬어가요",https://ai-vocal-training.s3.ap-northeast-2.amazonaws.com/album_cover/임영웅_모래 알갱이.jpg,2023.06.05
To. X,태연 (TAEYEON),"처음 본 널 기억해
We skipped the small talk
바로 다음 단계였지 뭐
단점이라곤 없는 게 단점이라던
그 허세도 마냥 좋았어

하지만 내 일기가
재미없어진 이유
내가 없어진 나의
매일들은 허전해

좀 이상해 왜 둘 사이에
너만 너만 보이는 걸까
난 까다롭고 힘든 아이라
그런 피곤한 생각만 한대

오늘 나눈 문자 속에
새로 산 티셔츠
그 얘기뿐이야
이제야 난 알 것 같아
Gonna block you
불을 꺼 To. X

그 좋아했던 립스틱
싫단 말에 버린
널 좋아했던 만큼
다 맞추려 했어

‘나 아님 누가
그런 세상 안아주겠어’
그 말이 그땐 그리
달콤했던 거야 Oh no

새벽의 긴 통화도
이젠 피곤해졌어
Every day, every night
나로 채우고 싶어

좀 이상해 왜 둘 사이에
너만 너만 보이는 걸까
난 까다롭고 힘든 아이라
그런 피곤한 생각만 한대

오늘 나눈 문자 속에
새로 산 티셔츠
그 얘기뿐이야
이제야 난 알 것 같아
Gonna block you
불을 꺼 To. X

Gonna block you
불을 꺼 To. X

Say Bye
Gonna block you
불을 꺼 To. X

깜빡거리는
흔들거리는 Light
Gonna block you
불을 꺼 To. X

좀 이상해 왜 둘 사이에
너만 너만 보이는 걸까
(너만 보일까)
난 까다롭고 힘든 아이라
그런 피곤한 생각만 한대

오늘 나눈 문자 속에
(이제 불을 꺼)
새로 산 티셔츠
그 얘기뿐이야
이제야 난 알 것 같아
Gonna block you
불을 꺼 To. X

Gonna block you
불을 꺼 To. X",https://ai-vocal-training.s3.ap-northeast-2.amazonaws.com/album_cover/태연 TAEYEON_To X.jpg,2023.11.27
온기,임영웅,"아무도 모를 거야 
말한 적 없을 테니
아이처럼 울고 싶은 순간들
어른이란 말은 참 그댈 힘들게 하죠
더 외롭게 만들어

힘겨운 걸음으로 먼 길을 걸었는데
가고 싶은 곳은 어디였는지
어둡고 깊은 곳에 웅크려 앉은 그댈
난 떠나지 않겠어요

아무리 먼 길을 떠났어도
아무리 긴 시간이 흘러도
이 길 끝에 떠오르는 태양을 만날 때까지
난 곁에 있겠어요

힘겨운 걸음으로 먼 길을 걸었는데
가고 싶은 곳은 어디였는지
세상이 지독하게 그댈 혼자 둘 때엔
단 하나만 기억해요

아무리 먼 길을 떠났어도
아무리 긴 시간이 흘러도
이 길 끝에 떠오르는 태양을 만날 때까지
난 곁에 있어요

(I will be with you) 혼자인 것 같아
(I can be your only one) 그 어둠 속에 단 한 번의 용기, 단 한 사람의 온기
(Wanna be Warm) 그 작은 시작이 돼 줄 수 있어(in your life) 

또다시 먼 길을 떠나도
한 번 더 긴 시간이 가도
이 길 끝에 떠오르는 태양을 만날 때까지
난 곁에 있겠어요
나 곁에 있어요",https://ai-vocal-training.s3.ap-northeast-2.amazonaws.com/album_cover/임영웅_온기.jpg,2024.05.06
Congratulations,DAY6 (데이식스),"이제는 연락조차 받질 않아
너 대신 들리는 무미건조한 목소리
힘든 날들도 있는 건데
잠깐을 못 이겨
또 다른 대안을 찾아가
시간을 가지자
이 말을 난 있는 그대로
시간을 가지잔
뜻으로 받아들여 버렸어
Congratulations 넌 참 대단해
Congratulations 어쩜 그렇게
아무렇지 않아
하며 날 짓밟아
웃는 얼굴을 보니 다 잊었나 봐
시간을 갖자던 말 ye
생각해 보자던 말 ye
내 눈을 보면서
믿게 해놓고 이렇게 내게
아무렇지 않아
하며 날 짓밟아
웃는 얼굴로 날 까맣게 잊고
행복해 하는 넌
어때 그 남잔 나보다 더 나
그 사람이 내 기억 다 지워줬나 봐
그래 너가 행복하면 됐지
라는 거짓말은 안 할게
대체 내가 왜 날 떠난 너한테
행복을 바래야 돼 절대
I don’t give a 아
Congratulations 넌 참 대단해
Congratulations 어쩜 그렇게
아무렇지 않아
하며 날 짓밟아
웃는 얼굴을 보니 다 잊었나 봐
시간을 갖자던 말 ye
생각해 보자던 말 ye
내 눈을 보면서
믿게 해놓고 이렇게 내게
아무렇지 않아
하며 날 짓밟아
웃는 얼굴로 날 까맣게 잊고
행복해 하는 넌
진심 wow girl congratulations
바로 얼마 안 걸렸네 잘 나셨어
Huh 인터넷에 올라온 니 사진을 보니
그리 많이도 행복하니
입이 귀까지 걸려있는 거 같애
난 아직도 숨쉴 때 심장이 아픈데
다행히 넌 절대 아플 일은 없겠다
만약 또 이별을 겪는담
그럴 때 마다
새로운 사랑을 시작하면 되니까
congratulations 어떻게 이래
congratulations 넌 절대 내게
돌아오지 않아
기대조차 않아
나 없이도 얼마나 잘 살지 몰라 uh
시간을 갖자던 말 ye
생각해 보자던 말 ye
기다림 속에 날 가둬버리고
너만 이렇게
내 곁을 떠나가
그 남자를 만나
나라는 놈은 없었던 것처럼
사랑에 빠진 넌",https://ai-vocal-training.s3.ap-northeast-2.amazonaws.com/album_cover/DAY6 데이식스_Congratulations.jpg,2015.09.07
사건의 지평선,윤하 (YOUNHA),"생각이 많은 건 말이야
당연히 해야 할 일이야
나에겐 우리가 지금 1순위야
안전한 유리병을 핑계로
바람을 가둬 둔 것 같지만

기억나? 그날의 우리가
잡았던 그 손엔 말이야
설레임보다 커다란 믿음이 담겨서
난 함박웃음을 지었지만
울음이 날 것도 같았어
소중한 건 언제나 두려움이니까

문을 열면 들리던 목소리
너로 인해 변해있던 따뜻한 공기
여전히 자신 없지만 안녕히

저기, 사라진 별의 자리
아스라이 하얀 빛
한동안은 꺼내 볼 수 있을 거야
아낌없이 반짝인 시간은
조금씩 옅어져 가더라도
너와 내 맘에 살아 숨 쉴 테니


여긴, 서로의 끝이 아닌
새로운 길 모퉁이
익숙함에 진심을 속이지 말자
하나 둘 추억이 떠오르면
많이 많이 그리워할 거야
고마웠어요 그래도 이제는
사건의 지평선 너머로

솔직히 두렵기도 하지만
노력은 우리에게 정답이 아니라서
마지막 선물은 산뜻한 안녕

저기, 사라진 별의 자리
아스라이 하얀 빛
한동안은 꺼내 볼 수 있을 거야
아낌없이 반짝인 시간은
조금씩 옅어져 가더라도
너와 내 맘에 살아 숨 쉴 테니

여긴, 서로의 끝이 아닌
새로운 길 모퉁이
익숙함에 진심을 속이지 말자 
하나 둘 추억이 떠오르면
많이 많이 그리워할 거야
고마웠어요 그래도 이제는
사건의 지평선 너머로

저기, 사라진 별의 자리
아스라이 하얀 빛
한동안은 꺼내 볼 수 있을 거야
아낌없이 반짝인 시간은
조금씩 옅어져 가더라도
너와 내 맘에 살아 숨 쉴 테니

여긴, 서로의 끝이 아닌
새로운 길 모퉁이
익숙함에 진심을 속이지 말자 
하나 둘 추억이 떠오르면
많이 많이 그리워할 거야
고마웠어요 그래도 이제는
사건의 지평선 너머로

사건의 지평선 너머로",https://ai-vocal-training.s3.ap-northeast-2.amazonaws.com/album_cover/윤하 YOUNHA_사건의 지평선.jpg,2022.03.30
Igloo,KISS OF LIFE,"Imma back up every word
Mini skirt, pretty pink
What you heard
But it’s never what you think
Trust

I got finger-licking venom
Little sweet, a little bitter
Looking like a seven figure on me cause I

Mmmm
I can melt an igloo
Yeah cause I’m so dang hot
I got everything you - that you’re feening for

Throwing some cash on that body
Throw in some cash, make ’em put in that work
Whether it rains or it’s sunny
Best believe I keep ‘em running back

Glass room, perfume, Kodak on that lilac
Slipping on my short dress, know he like that

Facetime on the regular
In the night, wanna say what’s up
He knows this ain’t regular, got that A1 on the schedule

I got finger-licking venom
Little sweet, a little bitter
Looking like a seven figure on me cause I

Mmmm
I can melt an igloo
Yeah cause I’m so dang hot
I got everything you - that you’re feening for

Heart attack -IV
When I walk the street
Vitamins that D
I’m good, I’m healthy

Every summer I come out
Make ‘em disappear like clouds
To me, it’s another year to you, it’s all you worry ‘bout
Yeah white tippy toe summer
I make him go dumb duh
He doubled down on that text, says that I’m the only one

Mmmm
I make him lose his cool
Yeah I make him go

Mmmm
I can melt an igloo
Yeah cause I’m so dang hot
I got everything you - that you’re feening for",https://ai-vocal-training.s3.ap-northeast-2.amazonaws.com/album_cover/KISS OF LIFE_Igloo.jpg,2024.10.15
earthquake,지수 (JISOO),"It hits me like an earthquake
더 빠르게 my heart race
온몸이 떨려 can’t stand
널 부정할 수 없게
I think I’m gonna

심장 off the chart 마치 race car
(Vroom vroom vroom)
시간조차 FAST 숨이 멎게
(Vroom vroom vroom)

벗어나려 할수록 너는 짙어져
알면서 깨어날 수 없는 꿈처럼
There’s a shock coming after 지금
(’Bout to blow)
(’Bout to blow)
(’Bout to blow)
(’Bout to blow)

It hits me like an earthquake
더 빠르게 my heart race
온몸이 떨려 can’t stand
널 부정할 수 없게
I think I’m gonna
I think I’m gonna
I think I’m gonna

Wake up, electric touch
내 맘이 춤춰
You give me that good good
From every angle
내 세상을 덮친 널 가져야겠어

벗어나려 할수록 너는 짙어져
알면서 깨어날 수 없는 꿈처럼
There’s a shock coming after 지금
(’Bout to blow)
(’Bout to blow)
(’Bout to blow)
(’Bout to blow)

It hits me like an earthquake
더 빠르게 my heart race
온몸이 떨려 can’t stand
널 부정할 수 없게
I think I’m gonna
I think I’m gonna

’Cause I 깊이 떨어져도 and I love it
굳이 말 안 해도 yeah I’m feelin’ you
One touch baby I fall 난 널 원해
네 눈동자 속에 가둬줘 날 all of the time

It hits me like an earthquake
더 빠르게 my heart race
온몸이 떨려 can’t stand
널 부정할 수 없게
I think I’m gonna
I think I’m gonna
I think I’m gonna",https://ai-vocal-training.s3.ap-northeast-2.amazonaws.com/album_cover/지수 JISOO_earthquake.jpg,2025.02.14
DRAMA,G-DRAGON,"When every scene’s rolling in good
Why you acting like it’s so bad
There is nothing left to see right so I’d
Paint all over this pain-full of black

Seems like you like to start an argument
Win or lose, Just for the hell of it

“你总是问我爱你，爱得有多深“

You never like it when it’s nice
‘Drama queen’ got it from her mama
Rather hang up to pick a fight
What goes around here comes the karma
Baby it’s cold outside, I’ll make you warm
Burn, Burn, this love
‘The End’ begins for us be nice
I bet you like it, Bet you like this

I’ve lost an angel, Falling in love
Blessing the curse that we are born with and
I gave it all that I could but
How dare you be so cold and heartless

Let’s take a bow “ ”
I’m out the door “You want more?”
Go play the role(lol) alone

“¬¬¬わからない、意味もないし。何故？ 君は…”

You never like it when it’s nice
‘Drama queen’ got it from her mama
Rather hang up to pick a fight
What goes around here comes the karma
Baby it’s cold outside, I’ll make you warm
Burn, Burn, this love
‘The End’ begins for us be nice
I bet you like it, Bet you like this

I don’t know why can’t we be drama free
More than just a minute I keep asking myself, What the hell am I doing in this…?
‘극’에 달한 ‘희비’가 갈마드는 ‘드라마’

You never like it when it’s nice
‘Drama queen’ got it from her mama
Rather hang up to pick a fight
What goes around here comes the karma
Baby it’s cold outside, I’ll make you warm
Burn, Burn, this love
‘The End’ begins for us be nice
I bet you like it, you like a …..

You never like it when it’s nice
‘Drama queen’ got it from her mama
Baby it’s cold outside
Burn, Burn, this love
You never like it when it’s nice",https://ai-vocal-training.s3.ap-northeast-2.amazonaws.com/album_cover/G-DRAGON_DRAMA.jpg,2025.02.25
RIZZ,PLAVE,"I’m a sweetie cupcake 
Feelin’ like uh uh
I swear to god babe 
Feelin’ like 너 
I’m a sweetie cupcake 
Feelin’ like uh uh
I swear to god babe 
You could be my love

또 다르지 넌 이런 식 drive into your zone
핑크빛으로 물들었지 온 세상을 draw

Chasin’ chasin’ 너를 따라
둘만의 Tastin’ tastin’ 너를 따라
On a scale one to ten how happy are you?
대답은 눈빛으로 해

깊어질수록 빠져드는 너의 groove
I just wanna know 이 음악의 climax

I’m a sweetie cupcake
Feelin’ like uh uh
I swear to god babe
Feelin’ like 너 
I’m a sweetie cupcake
Feelin’ like uh uh
I swear to god babe
You could be my love

Freaky cheeky freaky
ooh 내게만 허락해 줘 I want your lips
Freaky cheeky freaky
ooh 난 지금 보고싶어 show me your RIZZ


넌 그냥 숨만 쉬어도 모든 시선들을 앗아가지 네 존재는 diamond
운명을 가장한 우연일지라도 I don’t care nothin’ 밤새 rock it


케바케니 사바사니 Nope, We’re just different
Ready get set Vroom #OFFROAD yeah we’re drivin’ wild

Please don’t stop it 도착지가 보여 Oh
How you feel?

깊어질수록 빠져드는 너의 groove
I just wanna know 이 음악의 climax


I’m a sweetie cupcake
Feelin’ like uh uh
I swear to god babe
Feelin’ like 너 
I’m a sweetie cupcake
Feelin’ like uh uh
I swear to god babe
You could be my love


Freaky cheeky freaky 
ooh 내게만 허락해 줘 I want your lips
Freaky cheeky freaky
ooh 난 지금 보고싶어 show me your RIZZ


Oh 자꾸 눈이 감겨 흐릿해져
But 그 목소리에 또 선명해져


Right away
I’m a sweetie cupcake
Feelin’ like uh uh
I swear to god babe
Feelin’ like 너 
I’m a sweetie cupcake
Feelin’ like uh uh
I swear to god babe
You could be my love


Freaky cheeky freaky 
ooh 내게만 허락해 줘 I want your lips
Freaky cheeky freaky
ooh 난 지금 보고싶어 show me your RIZZ",https://ai-vocal-training.s3.ap-northeast-2.amazonaws.com/album_cover/PLAVE_RIZZ.jpg,2025.02.03
Island,PLAVE,"Heavenly lights

I never cared to view til now

Love in life

I never dared to pursue til now



Ooh, damned out of chances

Felt lost at sea

Ooh, your glances moved something in me

You opened my eyes

Rescued me out of the blue



Lost on this Island

Nothing new - All black &amp; white

‘Til you came in - Lovely and smilin’

Bringing hues, color, and light

Swear that I could spend every day

Waiting for you

Knowing what you bring to life

From my wishes

To your kisses

Share this Island with me

Tonight



We lit the fire

Feel so encouraged with you around

Even though

I’ve spent so many moons in doubt



Ooh 

Taking our chances, dancing at sea

Two
Scattered pictures, now picture complete

No, we can’t deny

Heaven from out of the blue


Lost on this Island

Nothing new - All black &amp; white

‘Til you came in - Lovely and shinin’

Bringing hues, color, and light

Swear that I could spend every day

Waiting for you

Saving my life when you smile

From my wishes

To your kisses

Share this Island with me

Tonight, tonight


Lost on this Island

Nothing new - All black &amp; white

‘Til you came in - Lovely and shinin’

Bringing hues, color, and light

Swear that I could spend everyday

Waiting for you

Saving my life when you smile

From my wishes

To your kisses
Share this Island with me

Tonight, tonight",https://ai-vocal-training.s3.ap-northeast-2.amazonaws.com/album_cover/PLAVE_Island.jpg,2025.02.03
봄 사랑 벚꽃 말고,"HIGH4 (하이포), 아이유","길었던 겨우내 줄곧 품이 좀 남는
밤색 코트
그 속에 나를 쏙 감추고 걸음을
재촉해 걸었어
그런데 사람들 말이 너만 아직도
왜 그러니
그제서야 둘러보니 어느새 봄이
손 잡고 걸을 사람 하나 없는 내게
달콤한 봄바람이 너무해
나만 빼고 다 사랑에 빠져
봄노래를 부르고
꽃잎이 피어나 눈 앞에 살랑거려도
난 다른 얘기가 듣고 싶어
한바탕 휩쓸고 지나가버릴
오오 봄 사랑 벚꽃 말고
봄 사랑 벚꽃 말고
봄 사랑 벚꽃 말고
봄 사랑 벚꽃 말고
손에 닿지도 않을 말로
날 꿈틀거리게 하지 말어
맘 먹고 밖에 나가도
막상 뭐 별 거 있나
손 잡고 걸을 사람 하나 없는 내게
오 사랑노래들이 너무해
나만 빼고 다 사랑에 빠져
봄노래를 부르고
꽃잎이 피어나 눈 앞에 살랑거려도
난 다른 얘기가 듣고 싶어
한바탕 휩쓸고 지나가버릴
오오 봄 사랑 벚꽃 말고
남들보다 절실한 사랑 노래 가사를
불러 봐
수많은 연인들 가운데 왜 나는
혼자만
똑같은 거리와 어제와 같은 옷차림
난 제자린데 왜 세상은 변한 것만
같지
누군가와 봄길을 거닐고 할 필욘
없지만
누구나 한번쯤은 머물고 싶은 그런
기억을
만들고 싶어 떨어지는 벚꽃잎도
엔딩이 아닌 봄의 시작이듯
사실은 요즘 옛날 생각이 나
걷기만 해도 그리워지니까
다시 느낄 수 있나 궁금해지지만
Then you know what
나만 빼고 다 사랑에 빠져
봄노래를 부르고
꽃잎이 피어나 눈 앞에 살랑거려도
난 다른 얘기가 듣고 싶어
한바탕 휩쓸고 지나가버릴
오오 봄 사랑 벚꽃 말고
봄 사랑 벚꽃 말고
봄 사랑 벚꽃 말고
봄 사랑 벚꽃 말고
봄 사랑 벚꽃 말고",https://ai-vocal-training.s3.ap-northeast-2.amazonaws.com/album_cover/HIGH4 하이포 아이유_봄 사랑 벚꽃 말고.jpg,2014.04.08
Not Like Us,Kendrick Lamar,,https://ai-vocal-training.s3.ap-northeast-2.amazonaws.com/album_cover/Kendrick Lamar_Not Like Us.jpg,2024.05.04
12:32 (A to T),PLAVE,"한참을 멍하니 앉아
지금을 꿈꿔 왔었죠

알 수 없는 궤도에 갇혀진 채로
 
매일이 같은 미지였죠

내일의 내가 두려웠죠

Shining star
Find the star

In the universe

지켜줄게 whole life

은하수를 건너 마주친 빛

있어 줄게 in your life

몇 광년을 지나 마침내 그댈 보게 되었죠
 
어두운 밤이 찾아오면
문이 열리길 믿어요

순간에 있어

너와
(Alright)

12시 32분
 
No matter who you are
Forever on your side 
내 존재의 의미를 밝혀준 너니까

이젠 내가 너의 별이 되어서
꼭 알려줄게
포근한 너만의 쉴 곳이 될게
 
어제 거기서 만나요 Good Night
그대 따라서 곤히 잠들게요

스르륵 눈이 감기네요
 
Shining star
Find the star

In the universe
 
지켜줄게 whole life

은하수를 건너 마주친 빛

있어 줄게 in your life

몇 광년을 지나 마침내 그댈 보게 되었죠

어두운 밤이 찾아오면
문이 열리길 믿어요

순간에 있어

너와
(Alright)

12시 32분

I could be an astronaut, girl 
And you could be my star of Asterum Boy huh

내 품에 안고서

지켜줄게 whole life

널 지켜줄게

있어 줄게 in your life

몇 광년을 지나 마침내 그댈 보게 되었죠

어두운 밤이 찾아오면
문이 열리길 믿어요

순간에 있어 

너와
(Alright)

12시 32분",https://ai-vocal-training.s3.ap-northeast-2.amazonaws.com/album_cover/PLAVE_1232 A to T.jpg,2025.02.03
벚꽃 엔딩,버스커 버스커,"그대여 그대여 그대여 
그대여 그대여 
오늘은 우리 같이 걸어요 이 거리를 
밤에 들려오는 자장노래 어떤가요 
오예 
몰랐던 그대와 단 둘이 손 잡고 
알 수 없는 이 떨림과 둘이 걸어요 
봄바람 휘날리며 
흩날리는 벚꽃 잎이 
울려 퍼질 이 거리를 
우우 둘이 걸어요 
봄바람 휘날리며 
흩날리는 벚꽃 잎이 
울려 퍼질 이 거리를 
우우 둘이 걸어요 
오예 
그대여 우리 이제 손 잡아요 
이 거리에 마침 들려오는 
사랑 노래 어떤가요 
오예 
사랑하는 그대와 단 둘이 손잡고 
알 수 없는 이 거리를 둘이 걸어요 
봄바람 휘날리며 
흩날리는 벚꽃 잎이 
울려 퍼질 이 거리를 
우우 둘이 걸어요 
봄바람 휘날리며 
흩날리는 벚꽃 잎이 
울려 퍼질 이 거리를 
우우 둘이 걸어요 
바람 불면 울렁이는 기분 탓에 
나도 모르게 
바람 불면 저편에서 그대여 
니 모습이 자꾸 겹쳐 
오 또 울렁이는 기분 탓에 
나도 모르게 
바람 불면 저편에서 그대여 
니 모습이 자꾸 겹쳐 
사랑하는 연인들이 많군요 
알 수 없는 친구들이 많아요 
흩날리는 벚꽃 잎이 많군요 좋아요 
봄바람 휘날리며 
흩날리는 벚꽃 잎이 
울려 퍼질 이 거리를 
우우 둘이 걸어요 
봄바람 휘날리며 
흩날리는 벚꽃 잎이 
울려 퍼질 이 거리를 
우우 둘이 걸어요 
그대여 그대여 그대여 
그대여 그대여",https://ai-vocal-training.s3.ap-northeast-2.amazonaws.com/album_cover/버스커 버스커_벚꽃 엔딩.jpg,2012.03.29
Chroma Drift,PLAVE,"It's so beautiful 날 향한 city lights
Full moon is shining in my eyes

끝도 없이 유난히 길던 밤 끝에 서 있어

I found you 처음 이끌린 낯설음이
그냥 그냥 그냥
알 것만 같아 But I don't know why
이상하리만치 아름답던 밤

가만히 너를 그리면 깨진 유리 조각의 날처럼
서 있던 내 모습이 떠올라서 날 괴롭혀

끝도 없이 유난히 길던 밤 끝에서
하염없이

I found you 처음 이끌린 낯설음이
그냥 그냥 그냥
알 것만 같아 But I don't know why
이상하리만치 아름답던 밤

I found you 처음 이끌린 낯설음이
그냥 그냥 그냥
알 것만 같아 But I don't know why
이상하리만치 아름답던 밤

Chroma Drift Chroma Drift
Chroma Drift Chroma Drift
Chroma Drift Chroma Drift",https://ai-vocal-training.s3.ap-northeast-2.amazonaws.com/album_cover/PLAVE_Chroma Drift.jpg,2025.02.03
Home,임영웅,"쓸쓸한 거리에
외로움이 더 쌓이고
사람도 이 밤도
사랑 찾아 헤매이네

그대 마음이 허전하다면
밤 하늘의 별을 보며 날 떠올려요
난 곁에 있어

그댄 나의 친구야
비 오는 날 우산이 되어줘
해가 뜨는 날에는 널 지켜줄게
When I Go! Shining Star
And I Go! Don't stop baby
평생 너와 함께 하리라
 
쓸쓸한 거리에
외로움이 더 쌓이고
사람도 이 밤도
사랑 찾아 헤매이네

그대 마음이 지쳐있다면
단 하루도 울지 말고 날 떠올려요
난 곁에 있어

그댄 나의 친구야
비 오는 날 우산이 되어줘
해가 뜨는 날에는 널 지켜줄게
When I Go! Shining Star
And I Go! Don't stop baby
평생 너와 함께 하리라

When you feel so alone
Remember that I’m with you
너와 함께라면 어디든 내가 갈게
어디든 다 갈게

그댄 나의 친구야
비 오는 날 우산이 되어줘
해가 뜨는 날에는 널 지켜줄게
When I Go! Shining star
And I Go! Don't stop baby
평생 너와 함께 하리라",https://ai-vocal-training.s3.ap-northeast-2.amazonaws.com/album_cover/임영웅_Home.jpg,2024.05.06
IBELONGIIU,G-DRAGON,"한 침대 두 잠자리 심쿵해
아찔 Silhouette, I see through your veil
낮이고 밤이고 뭣이 중해
Love is never done
Til’ the break of dawn

You and me alone in the dark
Forever I’ll stay with you
Nothing’s gonna tear us apart
Since the first time we met I knew
That I belong to you
That I belong to you

Tell me about ur secret, Who lost wings
Girl starts taking off, Boy grown big enough
아침햇살 한 모금에 Blowing
Look at what you’ve done
Got me hypnotized

You and me alone in the dark
Forever I’ll stay with you
Nothing’s gonna tear us apart
Since the first time we met I knew
That I belong to you

Where the hell we at?! Must be heaven
It’ll never split, No matter what happens
너와 내가 우리 둘이 하나 돼, 사랑해 (As witness)
Where the hell we at?! Must be heaven
It’ll never split, No matter what happens
너와 내가 우리 둘이 하나 돼, U Don’t believe me?
(Just watch)

I belong to you 
I belong to you 
I belong to you 
That I belong to you 

You and me alone in the dark
Forever I’ll stay with you
Nothing’s gonna tear us apart
Since the first time we met I knew

You and me alone in the dark
That I belong to you 
Nothing’s gonna tear us apart
That I belong to you",https://ai-vocal-training.s3.ap-northeast-2.amazonaws.com/album_cover/G-DRAGON_IBELONGIIU.jpg,2025.02.25
눈이 오잖아(Feat.헤이즈),이무진,"한 달 좀 덜 된 기억들
주머니에 넣은 채
걷고 있어 몇 시간을
혹시 몰라 네가 좋아했던
코트를 입은 채
나온 번화가 그때 마침
찬바람 막아줄
네가 이젠 없으니까
추울 때 따스히
안아줄 이가 없으니까
친구들이 불러도
나갈 수 없어 난
창문 너머
그저 바라봐 그때 마침
눈이 오잖아
우리 처음 만난 그 밤에도
한참 동안 눈이 왔잖아
지금 내가 생각나지
않을 리가 없잖아
눈이 오잖아
그때 내가 밤하늘 내린
하얀 눈 예쁘다 했잖아
그랬잖아
지금 눈이 오잖아
Uh 눈이 오잖아
이 말 핑계인 걸 알지만
생각에 잠기곤 해
거릴 거니는 내
곁에 아무도 없을 때
더 크게 들리네
Oh 눈 내리는 소리
이제 인정하자
수많은 끝도 끝났어
찬란한 그때의
우린 이젠 없으니까
돌아온 계절
남아있는 건 없으니까
추억을 지우는 게
내 이별의 숙제
창문 너머
그저 바라봐 그때 마침
눈이 오잖아
우리 처음 만난 그 밤에도
한참 동안 눈이 왔잖아
지금 내가 생각나지
않을 리가 없잖아
눈이 오잖아
그때 내가 밤하늘 내린
하얀 눈 예쁘다 했잖아
그랬잖아
지금 눈이 오잖아
마지막 안녕이 남은 거리에서 혼자
너와의 약속들을 되뇌었어
함께여야 할 너 없는 이 겨울의
첫눈이 오잖아
눈이 오지만
우리 처음 만난 그 밤에도
내렸던 그 눈이 오지만
주머니 속 챙겨 나온 기억
버려야만 해
눈이 오지만
우린 이대로의 모습으로
남아있는 게 맞지만
그래도
지금
그 눈이 오잖아",https://ai-vocal-training.s3.ap-northeast-2.amazonaws.com/album_cover/이무진_눈이 오잖아Feat헤이즈.jpg,2021.12.03
GYRO-DROP,G-DRAGON,"Ride me like a Carousel
Spin me like a Ferris wheel
The way you me baby it ain’t fair
Sweet like Cotton candy
You don’t play no games with me
The way you me baby it ain’t fair

나무 심코 논 베짱이 ‘심마니’
유치뽕 동네짱 ‘개미핥기’
기사 발로 뺨치네, 조크가 심해
약도 못 바르게 ‘보도’ 발라내

‘Free-pass’ 금지, 배탈 나
어른이건 아이건 ‘눈치’ 개 빨라
달라, 4 Dollar ‘Photo-catalogue’
‘Para-noise’ ‘Kwondo’ 나이, 키 자랑 말라

Work-work-work, Work it out
What-what-what, What it’s like
Turn-turnt-야 인마 돌아가
Whooo 어처구니없게

넌 타 있어 내 커다란 구름에
맨날 밤에 널뛰기만 해
대외로 Embarrassador
Merry-go-round-and
나만 또 Gyro-drop해

Ride me like a Carousel
Spin me like a Ferris wheel
The way you me baby it ain’t fair
Sweet like Cotton candy
You don’t play no games with me
The way you me baby it ain’t fair


(Excuse me) 
“G, Did I ever tell u Ms. Gold-Digger?”
“Go-diva?” Maybe ‘골빈거’
너는 ‘사랑’ 보다, 그 사람 ‘통장’
분에 가치가 ‘성장’ 통해 ‘상장’ 통과해

롤러코스터 레일처럼 복잡한 사고
곡예사가 됐지 벼락 돈다발 타고
Take a look at me now
(Raise the roof for y’all)
Can’t you see me now?
(A House with a pool and yard)

Work-work-work, Work it out
What-what-what, What it’s like
Turn-turnt-야마 돌아가
Whooo 어처구니없게

넌 타 있어 내 커다란 구름에
쇠철장에 별미 G-Nightmare
해가 지고 나면 날 가지고 놀으렴
가만히 또 자기 위로하네

나 마니또 한잔해

Ride me like a Carousel
Spin me like a Ferris wheel
The way you me baby it ain’t fair
Sweet like Cotton candy
You don’t play no games with me
The way you me baby it ain’t fair",https://ai-vocal-training.s3.ap-northeast-2.amazonaws.com/album_cover/G-DRAGON_GYRO-DROP.jpg,2025.02.25
클락션 (Klaxon),i-dle (아이들),"좀 미친 소리 같지만 난 네게 반했어
(어어우워 어어우워)
자꾸 눈으로 욕 하지마 더 네게 빠졌어
(어어우워 어어우워)

영화보다 멋진 드라마틱 Romantic show
나 처음 본 순간 완전 영원한 반쪽인걸
또 못 본 척 못 들은 척 넘어가려 하지 어림없어
차 떠나가라 소리칠 거야

I love you baby
야 나 좀 봐줘 Lady
더 Hit the 클락션
Hon hon hon hon hon honk
또 Hit the 클락션
Hon hon hon hon hon honk
Hey hop in sweetie boy

우 우아우~ 우 우아우~
우 우아우~
Honk honk hit the 클락션
우 우아우~ 우 우아우~
우 우아우~
Honk honk hit the 클락션

오픈카 타고 드라이브는 어때?
Wannabe by Spice Girls 틀고 Okay?
야 딱 봐도 그 여자는 불건전해
그만 힐끔대고 벨트나 매 옆에

Pretty hot stuff hot stuff beautiful
But don’t worry 
I don’t want a boy toy
잠깐 갓길에 멈춰 깜빡이도 안 켜고 덮쳐

힙합보다 멋진 발라드틱 Romantic show
너 처음 본 순간 완전 딱 천생연분인걸
또 못 본 척 못 들은 척 넘어가려 하지 어림없어
차 떠나가라 소리칠 거야

I love you baby
야 나 좀 봐줘 Lady
더 Hit the 클락션
Hon hon hon hon hon honk
또 Hit the 클락션
Hon hon hon hon hon honk
Hey hop in sweetie boy

Hey I love you
I want to do an interview
Ah yeah 난 너의
완벽한 The true lover 

Hey I love you
I want to do an interview
Ah yeah 난 너의
완벽한 The true lover

I love you baby
나 좀 봐줘 Lady
Hit the 클락션
Hon hon hon hon hon honk
또 Hit the 클락션
Hon hon hon hon hon honk
Hey hop in sweetie boy

우 우아우~ 우 우아우~
우 우아우~
Honk honk hit the 클락션
우 우아우~ 우 우아우~
우 우아우~
Honk honk hit the 클락션",https://ai-vocal-training.s3.ap-northeast-2.amazonaws.com/album_cover/i-dle 아이들_클락션 Klaxon.jpg,2024.07.08
청바지,부석순 (SEVENTEEN),"They call us 부석순

뭣도 아닌 일에 입이 거칠어지는 평일
할 일이 터져 마치 뜨거운 팝콘 같지

에라 모르겠다
Everyday 사춘기야
“우린 젊기에” 해 뜨는 날이 오겠지

청바지 (청바지)
싹 다 갈아입고 나와 
청바지

맘대로 해 아무렴 어때
어머니 잔소리 딱 하나 빼고
걱정을 왜 벌써 하니 
행복은 부석순 우리는 청바지라네 Let’s go

Hey, Hey
행복은 부석순 우리는 청바지라네

왜 퇴근해도 내 Phone은 정상 영업 중인지 
불어나는 메시지 잘못 눌러 확인하지

에라 모르겠다
Everyday 사춘기야
오늘 드레스 코드는 청바지라네

청바지 (청바지)
싹 다 갈아입고 나와 
청바지

맘대로 해 아무렴 어때
아버지 잔소리 딱 하나 빼고
걱정을 왜 벌써 하니 
행복은 부석순 우리는 청바지라네 Let’s go

‘청춘은 바로 지금’
‘청춘은 바로 지금’
‘청춘은 바로 지금’
‘청춘은 바로 지금’
‘청춘은 바로 지금’
‘청춘은 바로 지금’
‘청춘은 바로 지금’

여보세요 나의 맘에
청춘을 가득히 따라 주시오
한잔하세 바로 지금을 담아
행복은 부석순 우리는 청바지라네",https://ai-vocal-training.s3.ap-northeast-2.amazonaws.com/album_cover/부석순 SEVENTEEN_청바지.jpg,2025.01.08
SPOT! (feat. JENNIE),지코 (ZICO),"Everything ok my man
Turn the music up

Uhm we’re not going home tonight, alright
네 계획에 없던 party
Up and down round and round
Hit the spot spot spot spot
엎치락뒤치락 정신을 왜 차려 왜

Hey girl where you at
데리러 갈게 send me the address
No dress code 대충 걸치면 돼
우린 꾸밈없고, 나머진 억텐 yeah

농익은 분위기 it’s too sticky
마구 부대껴 어머! 정전기 찌릿
여긴 내 동생 저기는 내 homie
순둥이지만 음악 틀면 눈 돌지

Chillin’ out, we yellin’ out, one more
찐친 바이브 위아래 안 따져
부끄런 I 피식 E를 드러내
포위됐어 넌 now hands in the air

Uhm we’re not going home tonight, alright
네 계획에 없던 party
Up and down round and round
Hit the spot spot spot spot
엎치락뒤치락 정신을 왜 차려 왜

Up and down round and round
Everybody hit the spot
Up and down round and round
Everybody hit the top
Up and down round and round
Everybody make it loud (Make it loud)
Up and down round and round
Ain’t nobody hold us down

어깨 툭툭 he say “Yo JENNIE,
Told you that 도망치면 배신”
Yeah, I know I know
일단 더우니까 바람 쐬러 나가

Bae 나갈 때 뒤로 딱 붙어
땀 뺐으니까 후딱 아이스크림 go
들키면 피곤해져 put your mask on
한바퀴 돌고 퀵하게 조인해

우리 프로젝트 타이틀 명은 J Z
We gon’ run this town, that’s crazy
짱박아 놨던 네 똘끼를 꺼내
해방됐어 넌 now hands in the air

Uhm we’re not going home tonight, alright
네 계획에 없던 party
Up and down round and round
Hit the spot spot spot spot
엎치락뒤치락 정신을 왜 차려 왜

Up and down round and round
Everybody hit the spot
Up and down round and round
Everybody hit the top
Up and down round and round
Everybody make it loud
Up and down round and round
Everybody Stop
Wait a minute ahhh

Come vibe with us
Ride with us",https://ai-vocal-training.s3.ap-northeast-2.amazonaws.com/album_cover/지코 ZICO_SPOT feat JENNIE.jpg,2024.04.26
Love 119,RIIZE,"1 2 Let’s go

뺏긴 My heart
that girl’s a killer
Love so good
feels like a thriller
시작됐지
이건 Emergency (Vroom)
1-1-9 1-1-9
Save my life save my life
She sets me free
이건 Emergency (Love)

너는 마치 Flashlight
자꾸만 시선을 뺏겨
많은 사람 속에서
순간 너만 보였어
다들 말하지
Love is so sweet
아직 난 뭔지 모르겠지
Right now

처음 느낀 이상한 떨림
이건 진심 I’m not kidding
친구이기엔 더
Deeper deeper deeper
어쩌면 Love song yah

뺏긴 My heart
that girl’s a killer
Love so good
feels like a thriller
시작됐지
이건 Emergency (Vroom)
1-1-9 1-1-9
Save my life save my life
She sets me free
이건 Emergency (Love)

이상해 나 What do I do
너에 관한 건 뭐라도
신경 쓰여 난 All day
넌 만들어 My day
이 감정은 Someday
난 알고 싶어
귓가에 울린
Love is so sweet
멈출 수 없이
빠져버린 나야

네가 자꾸 궁금해 왜지
말도 안 돼
I’m not kidding
시간이 갈수록
깊어 깊어 깊어져
가는 나잖아

뺏긴 My heart
that girl’s a killer
Love so good
feels like a thriller
시작됐지
이건 Emergency (Vroom)
1-1-9 1-1-9
Save my life save my life
She sets me free
이건 Emergency (Love)

이건 뭘까
You know what I’m talking about
왜 이렇게
나의 맘이 어지러운 걸까
이 모든 게
내가 널 좋아하는 건가
난 그럼 더 이상
끌고 싶지 않아
다른 건
Nothing but
I want it all with you

뺏긴 My heart
that girl’s a killer
Love so good
feels like a thriller
시작됐지
이건 Emergency (Vroom)
1-1-9 1-1-9
Save my life save my life
She sets me free
이건 Emergency (Love)",https://ai-vocal-training.s3.ap-northeast-2.amazonaws.com/album_cover/RIIZE_Love 119.jpg,2024.01.05
luther,"Kendrick Lamar, SZA","If this world were mine

Hey, Roman numeral seven, bae, drop it like it's hot
If this world was mine, I'd take your dreams and make 'em multiply
If this world was mine, I'd take your enemies in front of God
Introduce 'em to that light, hit them strictly with that fire
Fah-fah, fah-fah-fah, fah-fah, fah
Hey, Roman numeral seven, bae, drop it like it's hot
If this world was mine, I'd take your dreams and make 'em multiply
If this world was mine, I'd take your enemies in front of God
Introduce 'em to that light, hit them strictly with that fire
It's a vibe, do your dance, let 'em watch
She a fan, he a flop, they just wanna kumbaya, nah

In this world, concrete flowers grow
Heartache, she only doin' what she know
Weekends, get it poppin' on the low
Better days comin' for sure
If this world were—
If it was up to me
I wouldn't give these nobodies no sympathy
I'd take away the pain, I'd give you everything
I just wanna see you win, wanna see
If this world were mine

It go in (When you), out (Ride it), do it real slow (Slide)
Baby, you a star, strike, pose
When I'm (When you), with you (With me), everything goes (Slow)
Come and (Put that), put that (On my), on my (Titi), soul (Soul)
'Rari (Red), crown (Stack), wrist (Stay), froze (Really)
Drip (Tell me), pound (If you), on the way home (Love me)

In this world, concrete flowers grow
Heartache, she only doin' what she know
Weekends, get it poppin' on the low
Better days comin' for sure
If this world were—
If it was up to me
I wouldn't give these nobodies no sympathy
I'd take away the pain, I'd give you everything
I just wanna see you win, wanna see
If this world were mine

I can't lie
I trust you, I love you, I won't waste your time
I turn it off just so I can turn you on
I'ma make you say it loud
I'm not even trippin', I won't stress you out
I might even settle down for you, I'ma show you I'm a pro
I'ma take my take my time and turn it off
Just so I can turn you on, baby
Weekends, get it poppin' on the low
Better days comin' for sure

I know you're comin' for
Better days
If this world were mine",https://ai-vocal-training.s3.ap-northeast-2.amazonaws.com/album_cover/Kendrick Lamar SZA_luther.jpg,2024.11.22
Boom Boom Bass,RIIZE,"My baby like to string me on
좀 더 내게 다가와
네게 맞춰 온 My bass
살짝 너의 맘을 Slide

그냥 놓치긴 아쉬워 난
넌 어떻게 생각해
자 Follow me now
이 리듬이 다시 Make me spin

We makin’ music
Every day we play
가볍게 Groovin’
느낀 대로 해
Don’t stop the music
Hands up on my bass
지금부터 Lower lower lower
We want that

Boom ba doom
boom boom bass
That boom ba doom
boom boom bass
We got that
boom ba doom on my bass
우린 좀 더 Lower lower lower
We want that

박자에 맞춰
Up down 줄을 감싸
밀고 당겨
Doom slap let’s countdown
음은 자꾸만 Flat
괜찮아 뭐 어때
우리 사이
Keep going make a bassline
너도 왠지 템포가 빨라
따라와 둘만의 Timeline
Hands in the sky yeah
you know what I like

We makin’ music
Every day we play
가볍게 Groovin’
느낀 대로 해
Don’t stop the music
Hands up on my bass
지금부터 Lower lower lower
We want that

Boom ba doom
boom boom bass
That boom ba doom
boom boom bass
We got that
boom ba doom on my bass
우린 좀 더 Lower lower lower
We want that

We makin’ music
Every day we play
가볍게 Groovin’
느낀 대로 해
Don’t stop the music
Hands up on my bass
지금부터 Lower lower lower
We want that

Aye alright
나의 손을 잡고 떠올라
Aye alright
너와 내가 자꾸 떠올라
Aye alright
우린 계속 같이 떠올라
지금부터 Lower lower lower
We want that

Boom ba doom
boom boom bass",https://ai-vocal-training.s3.ap-northeast-2.amazonaws.com/album_cover/RIIZE_Boom Boom Bass.jpg,2024.06.17
보나마나 (BONAMANA),G-DRAGON,"몇 신데 눈을 뜨자 하루가 지네
며칠째 죽을 쑤다 가루 떡이 돼
멍하니 널 기다리다 이 개 같은 신세
주인을 잃은 후 길을 잃은 독방에 갇힌 빈대

왜 나나나 이러면 안 되는데
네가 없으면 죽을 것만 같아서 그래
에이 맞잖아 다 알면서 그래
네 남자 모르게 어때 재미 좀 보는 게

내가 이상한 걸까? 보나 마나
내가 잘못한 걸까? 뻔하잖아
뇌가 이상한 걸까? 보나 마나
She ain’t got no problems? Alright, 너나 나나

금지된 길을 걸어, NO가 답, ‘Feed-back’
문자도 전화도 못 걸어, 줄까 봐 ‘민폐’
Most scandalous, 외줄 타는 듯
Fragilely Dangerous
자신만 불편한 말 못 할 고민
Can you handle this?

왜 나나나 이러면 안 되는데
네가 없으면 죽을 것만 같아서 그래
에이 좋잖아 잘하면서 그래
네 남자 모르게 어때 재미 좀 보는 게

내가 이상한 걸까? 보나 마나
내가 잘못한 걸까? 뻔하잖아
뇌가 이상한 걸까? 보나 마나
She ain’t got no problems? Alright, 너나 나나

늦은 시간 밤이면 문이 열려 너인 걸

(Giddy-up) 내 위에 올라타 문질러봐
Push me hard ‘Scream Girl’
사랑의 소나타 뺑소니 차트
Fan’s only ‘Stream Girl’
‘Dig-inside’ 미칠광이 빛이기를
그림-자다, 떡이 나와 (딩동댕) 하루종일 쌩쌩 

왜 나나나 이러면 안 되는데
네가 없으면 죽을 것만 같아서 그래
에이 맞잖아 다 알면서 그래
네 남자 모르게 어때 재미 좀 보는 게

내가 이상한 걸까? 보나 마나
내가 잘못한 걸까? 뻔하잖아
뇌가 이상한 걸까? 보나 마나
She ain’t got no problems? Alright, 너나 나나
 
늦은 시간 밤이면 문이 열려 너인 걸 

보나 마나 뻔하잖아
She ain’t got no problems? Alright, 너나 나나",https://ai-vocal-training.s3.ap-northeast-2.amazonaws.com/album_cover/G-DRAGON_보나마나 BONAMANA.jpg,2025.02.25
Bubble Gum,NewJeans,"You just got my heart pump pumpin’ 
Every time that you’re here around me 
노랫 소리가 또 흘러나와 yeah

오늘 오래 걸린 이유
I’m always so excited to meet you 
내 향기가 널 먼저 찾아가

눈 감아도 기억나게
어디라도 따라갈래
You’re so delicate 거품 속에
숨었네 uh uh uh

Oh you make my heart melt away 
You’re a softie 구름 같아 
이건 말로 설명 못해
You got me oh oh

이미 우린
저기 멀리
높이 있는 
풍선같이
Have you right here
In a basket

Oh my baby
Sweet like bubble gum 
Bouncing like playing ball
더 높이 올려줘
We’re gonna ﬂy away

Sweet like bubble yum
So smooth, soft like a hug
더 멀리 날려줘
Let’s go far away

You’re my favorite flavor 
Bubble gum 
Bubble Bubble Bubble Bubble Bubble Bubble
Bubble Bubble Bubble Gum

얘기 늘어놓아 줄줄
Like I got nothing better to do 
내 손바닥 안에 쏙 들어와 yeah

나만 알고 싶은 비밀
All I know is I need this feeling 
내 윤기가 널 먼저 사로잡아 yeah

눈 감아도 기억나게
어디라도 따라갈래
You’re so delicate 거품 속에
숨었네 uh uh uh

Oh you make my heart melt away 
You’re a softie 구름 같아 
이건 말로 설명 못해
You got me oh oh

Sweet like bubble gum 
Bouncing like playing ball
더 높이 올려줘
We’re gonna ﬂy away

Sweet like bubble yum
So smooth, soft like a hug
더 멀리 날려줘
Let’s go far away

눈 감아도 기억나게
어디라도 따라갈래
You’re so delicate 거품 속에
숨었네 uh uh uh

Oh you make my heart melt away 
You’re a softie 구름 같아
이건 말로 설명 못해
You got me oh oh

이미 우린 
저기 멀리 
높이 있는 
풍선같이
Have you right here
In a basket

Oh my baby
Sweet like bubble gum

이미 우린 
저기 멀리 
높이 있는 
풍선같이
Have you right here
In a basket

Oh my baby
Sweet like bubble gum",https://ai-vocal-training.s3.ap-northeast-2.amazonaws.com/album_cover/NewJeans_Bubble Gum.jpg,2024.05.24
첫 눈,EXO,"첫눈 오는 이런 오후에
너에게 전화를 걸 수만
있다면 기쁠텐데
벌써 일년이 지났는데
난 아직 미련 가득해서
""쓸쓸해"" 어느새 혼잣말

(시계를 되돌려)
1년 전으로 갈 수 있다면
(마음을 되돌려)
지금 우린 달라졌을까
yeah 바보 같은 소리지,
그래도 만약

너를 만나면 눈물 차 올라
바보 같은 난 아무 말 못해
말해줘 메리 메리 크리스마스,
안녕 잘 지내는거지
눈이 내리면 멍든 가슴이
모두 하얗게 다 덮여지게 될까

미안해 잘해주지 못해
후회만 가득 가득 했던,
그 크리스마스

불빛 가득한 거리거리
혼자 걸었어
다들 행복해 보여
너는 언제나 공기처럼
있어줄 거란 착각에,
멍청히 보내,
내가 너무 미안해

(너무 흔한 얘기)
지나고 나면 너무 소중해
(항상 지나치지)
왜 그때는 모르는 걸까
지금은 다를 거야
말해주고파

너를 만나면 눈물 차 올라
바보 같은 난 아무 말 못해
말해줘 메리 메리 크리스마스,
안녕 잘 지내는거지
눈이 내리면 멍든 가슴이
모두 하얗게 다 덮여지게 될까

눈물인지 눈 때문인지
점점 너 멀리 멀리 보이던,
그 크리스마스

정말 신기한 일이야 너의
생각만으로 눈물 차 흐르니말야
Tears are falling, falling, falling
다시 너에게로 가고 싶어
무슨 일이든 할 수 있어
지금까지 삶이
모두 사라진다 해도 Girl

너를 만나면 눈물 차 올라
바보 같은 난 아무 말 못해
말해줘 메리 메리 크리스마스,
안녕 잘 지내는거지
Baby girl ooh- yeah-
눈이 내리면 멍든 가슴이
모두 하얗게 다 덮여지게 될까

미안해 잘해주지 못해
후회만 가득 가득 했던,

너를 만나면 눈물 차 올라
(눈물 차 올라)
바보 같은 난 아무 말 못해
(아무 말 못하는 나 인걸)
말해줘 메리 메리 크리스마스,
잘 지내는거지
눈이 내리면 멍든 가슴이
모두 하얗게 다 덮여지게 될까

눈물인지 눈 때문인지
점점 너 멀리 멀리 보이던,
그 크리스마스",https://ai-vocal-training.s3.ap-northeast-2.amazonaws.com/album_cover/EXO_첫 눈.jpg,2013.12.09
Hug (포옹),RIIZE,"하루만 네 방의 침대가
되고 싶어 Oh baby
더 따스히 포근히 내 품에
감싸 안고 재우고 싶어
아주 작은 뒤척임도
너의 조그만 속삭임에
난 꿈속의 괴물도
이겨내 버릴 텐데

내가 없는 너의 하룬
어떻게 흘러가는 건지
나를 얼마나 사랑하는지
난 너무나 궁금한데
너의 작은 서랍 속의
일기장이 되고 싶어
알 수 없는 너의 그 비밀도
내 맘속에 담아둘래 너 몰래

하루만 너의 고양이가
되고 싶어 Oh baby
네가 주는 맛있는 우유와
부드러운 네 품 안에서
움직이는 장난에도
너의 귀여운 입맞춤에
나도 몰래 질투를
느끼고 있었나 봐

내 마음이 이런 거야
너밖엔 볼 수 없는 거지
누구를 봐도 어디 있어도
난 너만 바라보잖아
단 하루만 아주 친한
너의 애인이 되고 싶어
너의 자랑도 때론 투정도
다 들을 수 있을 텐데 널 위해

In my heart in my soul
나에게 사랑이란
아직 어색하지만 Uh uh babe
이 세상 모든 걸
너에게 주고 싶어
꿈에서라도

내 마음이 이런 거야
지켜볼 수만 있어도
너무 감사해 많이 행복해
나 조금은 부족해도
언제까지 너의 곁에
연인으로 있고 싶어
너를 내 품에 가득 안은 채
굳어버렸으면 싶어 영원히",https://ai-vocal-training.s3.ap-northeast-2.amazonaws.com/album_cover/RIIZE_Hug 포옹.jpg,2025.01.08
Drama,aespa,"Ya Ya I’m the Drama
Ziggy ziggy zag I’m new
'Cause I go biggie biggie bad It’s true
날카로운 눈 안에 비친 Toxic
내 본능을 당겨 Zoom
Hold up, What? Oh my god
You say, What? 다쳐 넌
You better watch out
우린 이미 거센 Boom
달려가고 있어 Vroom
I li-li like me when I roll
Li-li-like me when I’m savage
Li-li-like me when I go
Li-li-likie when I baddest
Hold up 빛을 따라서
달아 다 다 달려나가 Run
Go Finally Ra ta ta ta
다음 세계를 열어 난
1, 2 It’s time to go
후회 없어 난
맞서 난 깨버렸지
날 따라서 움직일 Rules
손끝으로 세상을 두드려 움직여
Yeah I’m coming
I bring I bring
all the Drama-ma-ma-ma
I bring Drama-ma-ma-ma
With my girls in the back
Girls in the back
Drama
Trauma-ma-ma-ma
I break Trauma-ma-ma-ma
With MY WORLD in the back
나로 시작되는 Drama
(All that)
Drama-ma-ma-ma
(Bring it that)
Drama-ma-ma-ma
With my girls in the back
Girls in the back Yeah
I break
Trauma-ma-ma-ma
(We them)
Trauma-ma-ma-ma
With MY WORLD in the back
나로 시작되는 Drama
Drama-ma-ma-ma
Drama-ma-ma-ma (3, 2, 1)
Drama-ma-ma
You know I’ve been kind of like
1, 2, 3 깜짝 놀랄 다음 Scene
키를 거머쥔
주인공은 나
4, 3, 2 Going down
쉽게 Through
Deja Vu 같이
그려지는 이미지
날 굳이 막지 말아
이건 내 Drama
도발은 굳이 안 막아
Uh I’m a stunner
1, 2 It’s time to go
타오르는 날 (타는 날)
느껴 난 And I love it
새로워지는 Rules
난 눈을 떠 (두 눈을 떠)
시작된 걸 (넌) 알아 (Now)
It’s coming
I bring I bring
all the Drama-ma-ma-ma
I bring Drama-ma-ma-ma
With my girls in the back
Girls in the back
Drama
Trauma-ma-ma-ma
I break Trauma-ma-ma-ma
With MY WORLD in the back
나로 시작되는 Drama
Into the REAL WORLD
다가온 Climax
두려워하지 마
You and I
함께 써 내려가는 Story
날 가로막았던 No
한계를 뛰어 넘어 Every day
Oh Imma make it my way
Out of the way Yeah
I bring I bring
all the Drama-ma-ma-ma
I bring Drama-ma-ma-ma
With my girls in the back
Girls in the back
Drama
Trauma-ma-ma-ma
I break Trauma-ma-ma-ma
With MY WORLD in the back
나와 함께하는 Drama
(All that)
You know, I’m savage
거침없는 Baddest
나를 둘러싼 Thrill
거친 여정 속의 Drama
(Drama-ma-ma)
내가 깨트릴 모든 Trauma
(Drama-ma-ma)
지금 시작되는 Drama
Ya Ya 너로 시작될 MY Drama",https://ai-vocal-training.s3.ap-northeast-2.amazonaws.com/album_cover/aespa_Drama.jpg,2023.11.10
봄여름가을겨울 (Still Life),BIGBANG (빅뱅),"이듬해 질 녘 꽃 피는 봄 한여름 밤의 꿈
가을 타 겨울 내릴 눈 1년 네 번 또다시 봄

정들었던 내 젊은 날 이제는 안녕
아름답던 우리의 봄 여름 가을 겨울
 
“Four seasons with no reason.”
비 갠 뒤에 비애(悲哀) 대신 a happy end
비스듬히 씩 비웃듯 칠색 무늬의 무지개
철없이 철 지나 철들지 못해(still)
철부지에 철 그른지 오래, Marchin’ 비발디
차이코프스키, 오늘의 사계를 맞이해
마침내, 마치 넷이 못내
 
Boy 저 하늘만 바라보고서 
사계절 잘 지내고 있어 Good-bye 
떠난 사람 또 나타난 사람
머리 위 저세상 
난 떠나 영감의 amazon
지난 밤의 트라우마 다 묻고 
목숨 바쳐 달려올 새 출발 하는 왕복선 
변할래 전보다는 더욱더
좋은 사람 더욱더 
더 나은 사람 더욱더
아침 이슬을 맞고 내 안에 분노 과거에 묻고
For Life

울었던 웃었던 소년과 소녀가 그리워 나
찬란했던 사랑했던 그 시절만 자꾸 기억나
 
계절은 날이 갈수록 속절없이 흘러
붉게 물들이고 파랗게 멍들어 가슴을 훑고

언젠가 다시 올 그날 그때를 위하여 (그대를 위하여)
아름다울 우리의 봄 여름 가을 겨울

La la la la la la la la la la la 
La la la la la la la la la la la 
La la la la la la la la la la la 
La la la la la la la la la la la 

이듬해 질 녘 꽃 피는 봄 한여름 밤의 꿈
가을 타 겨울 내린 눈 봄 여름 가을 겨울",https://ai-vocal-training.s3.ap-northeast-2.amazonaws.com/album_cover/BIGBANG 빅뱅_봄여름가을겨울 Still Life.jpg,2022.04.05
Dynamite,방탄소년단,"Cos ah ah
I’m in the stars tonight
So watch me bring the fire
and set the night alight
Shoes on get up in the morn
Cup of milk let’s rock and roll
King Kong kick the drum
rolling on like a rolling stone
Sing song when I’m walking home
Jump up to the top LeBron
Ding dong call me on my phone
Ice tea and a game of ping pong
This is getting heavy
Can you hear the bass boom
I’m ready
Life is sweet as honey
Yeah this beat cha ching
like money
Disco overload I’m into
that I’m good to go
I'm diamond you know I glow up
Hey so let’s go
Cos ah ah
I’m in the stars tonight
So watch me bring the fire
and set the night alight
Shining through the city
with a little funk and soul
So I’mma light it up
like dynamite woah
Bring a friend join the crowd
Whoever wanna come along
Word up talk the talk
just move like we off the wall
Day or night the sky’s alight
So we dance to the break of dawn
Ladies and gentlemen
I got the medicine
so you should keep ya
eyes on the ball huh
This is getting heavy
Can you hear the bass boom
I’m ready
Life is sweet as honey
Yeah this beat cha ching
like money
Disco overload
I’m into that I’m good to go
I'm diamond you know I glow up
Let’s go
Cos ah ah
I’m in the stars tonight
So watch me bring the fire
and set the night alight
Shining through the city
with a little funk and soul
So I’mma light it up
like dynamite woah
Dynnnnnanana life is dynamite
Dynnnnnanana life is dynamite
Shining through the city
with a little funk and soul
So I’mma light it up
like dynamite woah
Dynnnnnanana eh
Dynnnnnanana eh
Dynnnnnanana eh
Light it up like dynamite
Dynnnnnanana eh
Dynnnnnanana eh
Dynnnnnanana eh
Light it up like dynamite
Cos ah ah
I’m in the stars tonight
So watch me bring the fire
and set the night alight
Shining through the city
with a little funk and soul
So I’mma light it up
like dynamite
Cos ah ah
I’m in the stars tonight
So watch me bring the fire
and set the night alight
Shining through the city
with a little funk and soul
So I’mma light it up
like dynamite woah
Dynnnnnanana life is dynamite
Dynnnnnanana life is dynamite
Shining through the city
with a little funk and soul
So I’mma light it up
like dynamite woah",https://ai-vocal-training.s3.ap-northeast-2.amazonaws.com/album_cover/방탄소년단_Dynamite.jpg,2020.08.24
Cherish (My Love),아일릿(ILLIT),"You know what?
Not even god can stop me
I’ll like you

I’m a diamond
너무 소중한 내 마음은
너를 볼 때 빛나
I can’t, I can’t stop myself

Am I selfish? 
눈치 없는 네 맘 대신
지금 이 설렘이 
훨씬 더 내겐 소중해

Boy, I ch ch ch ch cherish my love
Ch ch ch ch cherish my love 
Oh my crush, that’s all my wish 
빛이 나는 이 설렘은 못 참지 
협조해줘 you gotta

Ch ch ch ch cherish my love 
어차피 넌 내 게, 내 게 분명
날 말릴 순 없을걸
하느님도 두 손 두 발 들었지
좋아해 cuz I wanna

너란 아이는 make me higher 
널 웃기면
웃을까? 어떨까?
이상하게 볼까? 
상상만으로 난 
Oh cherish my love 

If you, if you, if you love me or not
궁금해 너의 맘
고민은 3초만 난 my way
네 맘은 두 번째
내 각오가 첫 번째
절대 끝까지 지켜! 내 감정

Boy, I ch ch ch ch cherish my love
Ch ch ch ch cherish my love 
Oh my crush, that’s all my wish 
빛이 나는 이 설렘은 못 참지 
협조해줘 you gotta

Ch ch ch ch cherish my love 
어차피 넌 내 게, 내 게 분명
날 말릴 순 없을걸
하느님도 두 손 두 발 들었지
좋아해 cuz I wanna

Cherish 이 설렘 넌 cherry on top
Cherish 내 욕심이 원해 you’re mine
알쏭달쏭 너의 표정에 괜히 불타올라
무조건 직진할래

Boy, I ch ch ch ch cherish my love
Ch ch ch ch cherish my love 
Oh my crush, that’s all my wish 
빛이 나는 이 설렘은 못 참지 
협조해줘 you gotta

Ch ch ch ch cherish my love 
어차피 넌 내 게, 내 게 분명
날 말릴 순 없을걸
하느님도 두 손 두 발 들었지
좋아해 cuz I wanna

I’m a diamond 
너무 소중한 내 마음은
너를 향해 빛나
네게 건네 줄거야",https://ai-vocal-training.s3.ap-northeast-2.amazonaws.com/album_cover/아일릿ILLIT_Cherish My Love.jpg,2024.10.21
네모네모,YENA (최예나),"네모네모 네모네모 Sign 
삐뚤빼뚤해 Like 

째깍 째깍 둥근 시곈
우리 눈칠 보고
각진 얼음 씹어대며 폰만 보는 너
난 또 째릿째릿

얄미워 너 정말
왜 저럴까 진짜?
내가 알던 핑크빛 Romance는
둥근 풍선 같던데
우린 좌 우 앞 뒤 뾰족하다구!

손 내밀면 콕! 하고 찔릴 거야 
네모 같은 우리
서로 남 탓하는 건 
(예나 지금이나 그대로)
상처투성이야 
이러다 나 죽어 
네모나고 모난 우린

삐뚤빼뚤해 Like 
네모네모 네모네모 Sign 
삐뚤빼뚤해 Like 
네모네모 네모네모 Sign 
삐뚤빼뚤해 Like

(야 가만있어 봐, 이건 뭔데?)

""잘 자, 일어났다, 밥 먹었어?"" (ㅇㅇ)
텅 빈 톡에 왜 심술은 잔뜩 가득해
본체만체
잠근 화면같이
우리 사이 정말 어두컴컴해

얄미워도 살짝
한발 물러설까?
더 멀어지는 건 싫다구!

손 내밀면 콕! 하고 찔릴 거야 
네모 같은 우리
서로 남 탓하는 건 
(예나 지금이나 그대로)
상처투성이야 
이러다 나 죽어 
네모나고 모난 우린

삐뚤빼뚤해 Like 
네모네모 네모네모 Sign 
삐뚤빼뚤해 Like 
네모네모 네모네모 Sign 
삐뚤빼뚤해 Like 

뒤죽박죽
소란한 내 마음 어떡해야 해요 
이랬다저랬다
흔들려봐도
잠깐, 
끝내긴
흐음…싫은데?

콕! 하고 찔린대도
먼저 손 내밀래
네모나도 널 좋아해
(예나 지금이나 그대로)
둥근 리본처럼
내가 안아줄게
넌 나의 선물이니까

삐뚤빼뚤해 Like
네모네모 네모네모 Sign 
삐뚤빼뚤해 Like
네모네모 네모네모 Sign 

한 번 더!

네모네모 네모네모 Sign 
삐뚤빼뚤해 Like
네모네모 네모네모 Sign 
삐뚤빼뚤해 Like",https://ai-vocal-training.s3.ap-northeast-2.amazonaws.com/album_cover/YENA 최예나_네모네모.jpg,2024.09.30
Love Hangover (feat. Dominic Fike),"제니 (JENNIE), Dominic Fike","Fight me fight me fight me
You made me so unlike me
I don’t wanna talk come behind me
Know you ain’t the one but you might be
Who sent you
Who sent you
Who sent you
Who sent you ’round again
 
I’m so I’m so shady
I don’t really mind when you play me
Wanna switch it up go crazy
I ain’t gonna leave till you hate me
Who sent you
Who sent you
Who sent you
Who sent you ’round
 
We say it’s over
But I keep f with you
And every time I do I wake up with this love hangover
You got me pouring for two
I swore I’d never do it again
Until you came over
I started lying with you
And every time I do I wake up with this love hangover ah oh
I swear I'll never do it again
 
Ah s I did it again
(call me back call me back call me back)
 
Oh but you know I'm gonna do it again
(call me back call me back call me back)
Yeah you know I’m gonna do it again
 
I had woke up in a daze
My sweat was cold
My lip was cracked
I can’t leave this chick I had to
Single
Double
Triple back
She gon leave me
But she wants to keep me on
What’s up with that
I ain’t even really got time for all that s right now
I’m a baby father
And all them jokes she told at dinner last night ain’t had me dead I was playing possum
And when the waiter brought the check she said let’s head to mine I said okay awesome
One minute we’re growing apart
Next time I’m in her apartment
Watching her get naked and not thinking with my heart
I ain’t even really got time for all that s
Right now
But if she wanted it right now
Then I could meet you there right now
Even though ya barely even drink
We hardly even spoke
But I know when I wake up that I’m still gon feel that hangover bae
 
We say it’s over
But I keep f with you
And every time I do I wake up with this love hangover
You got me pouring for two
I swore I’d never do it again
Until you came over
I started lying with you
And every time I do I wake up with this love hangover ah oh
I swear I'll never do it again
 
Ah s I did it again
(call me back call me back call me back)
 
Oh but you know I'm gonna do it again
(call me back call me back call me back)
Yeah you know I'm gonna do it again
 
Back back back back back
(call me back call me back call me back)
Back back back back back
Ah s ah s
Back back back back back
(call me back call me back call me back)
Back back back back back
Ah s ah s
Back back back back back back
(single double triple back)
(call me back call me back call me back)
Back back back back back
(single double triple back right now right now)
(call me back call me back call me back)
Back back back back back
(single double triple back)
Ah s ah s
Back back back back back
 
Don’t know what I’m saying at this point",https://ai-vocal-training.s3.ap-northeast-2.amazonaws.com/album_cover/제니 JENNIE Dominic Fike_Love Hangover feat Dominic Fike.jpg,2025.01.31
무지개,임영웅,"오늘 하루 어땠었나요
많이 힘들었나요
쉬지 않고 달려왔던 길에서
나와 함께 쉬어가요
그냥 아무런 준비도 없이
떠나볼까요
평범해도 좋으니까
우리 함께 가요
Du Du Du Du Du
행복 가득 담은 배낭 하나 메고서
답답했던 일상과 도심을 벗어나
Du Du Du Du
Du Du Du Du
떠나볼래요
힘껏 살다 보니 무뎌져
헝클어진 머리도
괜찮다며 그댈 안아줄 사람
바로 그대 곁에 있죠
까만 선글라스 하나 챙겨서
떠나볼까요
평범해도 좋으니까
우리 함께 가요
Du Du Du Du Du
행복 가득 담은 배낭 하나 메고서
답답했던 일상과 도심을 벗어나
Du Du Du Du
Du Du Du Du
떠나볼래요
우리 함께 가요
Du Du Du Du Du
행복 가득 담은 배낭 하나 메고서
답답했던 일상과 도심을 벗어나
Du Du Du Du
Du Du Du Du
떠나볼래요
우리 함께 가요
Du Du Du Du Du
Du Du Du Du
Du Du Du Du
떠나볼래요
Du Du Du Du
Du Du Du Du
떠나볼래요
Du Du Du Du
Du Du Du Du
지금 떠나요",https://ai-vocal-training.s3.ap-northeast-2.amazonaws.com/album_cover/임영웅_무지개.jpg,2022.05.02
Storm,김보경 (NEON),"If you can be
바람 되어 불어
나의 몸을
감싸 안아주렴
그렇게라도 영원히
내게 있어줘

난 기다렸어 이 시간
모두 다 바친 거야
내 젊음 바쳐
널 사랑한 죄
그 한 이유로
날 버려왔던 거야

또 어디에서
난 사랑하며
날 잊은 채로
또 웃겠지만
널 기다리는 내 모습만은
늘 행복해

만일 내게 올 수 없다면
그대로 사라져 주렴
나 없이 너 행복한 것을
원치 않아

If you can be
비가 되어 내려
나의 머리 위에
앉아주렴
내 맘속에 깊은 곳까지
너 올 수가 없다면

If you can be
바람 되어 불어
나의 몸을
감싸 안아주렴
그렇게라도 영원히
내게 있어줘

난 하늘을 봐
저 구름 아래
너 어디선가
이 하늘 보며
날 생각할지도
모르잖아 그럴 거야

만일 내게 올 수 없다면
그대로 사라져 주렴
나 없이 너 행복한 것을
원치 않아

If you can be
비가 되어 내려
나의 머리 위에
앉아주렴
내 맘속에 깊은 곳까지
너 올 수가 없다면

If you can be
바람 되어 불어
나의 몸을
감싸 안아주렴
그렇게라도 영원히 내게 있어줘
그렇게라도 영원히 내게 있어줘",https://ai-vocal-training.s3.ap-northeast-2.amazonaws.com/album_cover/김보경 NEON_Storm.jpg,2025.01.30
Do or Die,임영웅,"함성이 번져 숨이 차올라
이 밤의 주인공 쏟아진 Spotlight
멈추지 마라 힘껏 외쳐봐
우리 오늘 후회 없도록
더 두려울 것이 없어 타오르는 너의 heart beat
모두가 함께 미쳐 하늘로 높이 뛰어
열정을 채워줄게 날 따라 함께하게
Let’s Go, Go Baby
나만 믿고 따라와 따라와
너를 위해 난 노래할 거야
심장소리 난리 나 난리 나
Put your hands up in the air
Just raise your hands
미쳐 이 순간
Tonight It's Do or Die
Tonight It's Do or Die
세상을 뒤흔들어 봐 뛰어봐
Move your body like It's Do or Die
Woah
Woah
Like It's Do or Die
Woah
Woah
Like It's Do or Die
나사 하나 빠진 것처럼 막
향기에 취해버린 것처럼 now
오직 너만의 영웅이 되어
모든 걱정을 다 막아줄게
오늘 밤 우린 Party Time
분위기를 전부 휘어잡아
맘이 시키는 그대로 춤춰
나만 믿고 따라와 따라와
너를 위해 난 노래할 거야
심장소리 난리 나 난리 나
Put your hands up in the air
[Hook]
Just raise your hands
미쳐 이 순간
Tonight It's Do or Die
Tonight It's Do or Die
세상을 뒤흔들어 봐 뛰어봐
Move your body like It's Do or Die
Woah
Woah
Like It's Do or Die
Woah
Woah
Like It's Do or Die
가슴 벅찬 이 순간 (Right Now)
Let's turn up
Let's get loud
기억해 오늘 너와 나 (You and I)
Let's get loud
Just raise your hands
미쳐 이 순간
Tonight Let’s Do or Die
Tonight Let’s Do or Die
세상을 뒤흔들어 봐 뛰어봐
Move your body like It's do or die
Woah
Woah
Like It's Do or Die
Woah
Woah",https://ai-vocal-training.s3.ap-northeast-2.amazonaws.com/album_cover/임영웅_Do or Die.jpg,2023.10.09
WAY 4 LUV,PLAVE,"Way 4 Luv
Way 4 your Luv
Way 4 Luv
Way 4 your Luv
거짓말이라도 믿을게
영화 같은 스토리의 끝에

It’s like a movie
우린 참 어렸었지
저 별들을 닮기엔
모든 게 서툴렀지 Oh yeah

뜨거웠던 숨은 꿈이 되어
내 심장에 불을 지폈어 날 멈출 수 없도록 더욱
떨어져가는 폭포

처럼 내 몸을 던졌어
그 속에 피어난 Flo(wer)

어느새 노을이 지고 있어 그곳으로

Moonlight
끝이 없는 Midnight
Sunshine
반복되는 Highlight

Woo woo woo woo woo woo woo

(Woo woo woo woo woo woo woo)

Woo woo woo woo woo woo woo

(Woo woo woo woo woo woo woo)

Way 4 Luv
Way 4 your Luv
Way 4 Luv
Way 4 your Luv
거짓말이라도 믿을게
영화 같은 스토리의 끝에

Way 4 Luv
uh Way 4 your Luv
사계절이 되어줘 My Venus
거짓말이라도 믿을래
황홀한 이 여정의 끝에

쏟아지는 유성 아래
형 형색의 Rainbow
지나치게 아름다워
A to T, I’m driving now

There’s no rush hour

Let’s go Eiffel Tower

Imagine we smile at the same time

Moonlight
끝이 없는 Midnight
Sunshine
반복되는 Highlight

Woo woo woo woo woo woo woo

(Woo woo woo woo woo woo woo)

Woo woo woo woo woo woo woo

(Woo woo woo woo woo woo woo)

Way 4 Luv
Way 4 your Luv
Way 4 Luv
Way 4 your Luv
거짓말이라도 믿을게
영화 같은 스토리의 끝에

같은 시선 속에 맞닿은 우리야

너와 날 닮은 이 순간

끝나지 않을 여행이라

It’s a beautiful life

Way 4 Luv
oh Way 4 Luv
거짓말이라도 믿을게
영화 같은 스토리의 끝에

Way 4 Luv
uh Way 4 your Luv

사계절이 되어줘 My Venus
거짓말이라도 믿을래
황홀한 이 여정의 끝에

Woo woo woo
woo woo woo
Woo woo woo woo
woo woo woo
Woo woo woo woo",https://ai-vocal-training.s3.ap-northeast-2.amazonaws.com/album_cover/PLAVE_WAY 4 LUV.jpg,2024.02.26
Pump Up The Volume!,PLAVE,"처음엔 난 아무것도 몰랐어
널 향해 심장이 뛰고 있단 걸
돌이켜 봐도 정말 서툴렀던 거야
우물쭈물 망설였던 난 그만

짜릿한 이 순간 바래왔던 이 느낌
바보야 니 얘기란 말야
(듣고 있지)
많은 사람 중에 너 하나밖에 안 보여
많은 사람 중에 너 하나밖에 보이지 않아
사랑해 말하지 못한 날 이젠 안녕

이렇게 전할래 내 맘
그곳에 기다려준 너에게 나 말할게
사랑해 이 말을 못 해서 너를 사랑해
참 오래 걸렸어
진심 어린 이 말 적었다 지웠다 했지
과연 니 맘도 같을까 봐 걱정이 됐으니

잠깐 기다리면 돌아오겠지
잠깐 시간나면 전화하겠지
생각지 못한 결말 일까 봐 두려웠었어
이젠 더는 신경 쓰지 않을래 널 두고 난
짜릿한 이 순간 바래왔던 이 느낌

바보야 니 얘기란 말야
많은 사람 중에 너 하나밖에 안 보여
많은 사람 중에 너 하나밖에 보이지 않아
사랑해 말하지 못한 날 이젠 안녕
이렇게 전할래 내 맘

그곳에 기다려준 너에게 나
많은 사람 중에 너 하나밖에 안 보여
많은 사람 중에 너 하나밖에 보이지 않아
사랑해 말하지 못한 날 이젠 안녕
이렇게 전할래 내 맘

그곳에 기다려준 너에게 나 말할게
영원히
숨이 차 말하지 못한 난 이젠 안녕
이렇게 전할래 내 맘
그곳에 너를 향해 달려갈게 
(진심이야)",https://ai-vocal-training.s3.ap-northeast-2.amazonaws.com/album_cover/PLAVE_Pump Up The Volume.jpg,2024.08.20
우리 영화,PLAVE,"많은 장면들을 보내고 나면
엔딩크레딧에는 너와 나뿐이야
끝나지 않은 이야긴 계속돼
우리의 영화를 시작해

엄청난 사랑에 빠져 uh
너란 존재를 알게 된 건
oh 정말 Lucky me Lucky me

비슷한 모습에 운명이란 말을 믿었죠
마침내 시작된 우리 이야기를 써 내려가요

너란 영화
되어줄게 Highlight
나의 영화
되어줄래 마지막
한 편의 영화가 끝나도 끝이 아닐 거라고

멜로 영화
주인공은 너야 
흑백 영화
속에 너만 빛나
막이 내리고 별빛들이 쏟아질 거야

화면 속에 너와 나 Feel like I'm Hollywood star
BGM은 Nothin' 내가 불러
넌 내 앞에서 Right here 즐겨만 줘

한걸음 우리 손잡고 같이 걷자
두 걸음 아름다운 밤을 지새우자 You know what
What a beautiful night 모닥불 is burnin'
너를 사랑할게 I'm in love

너란 영화
되어줄게 Highlight
나의 영화
되어줄래 마지막
한 편의 영화가 끝나도 끝이 아닐 거라고
멜로 영화
주인공은 너야
흑백 영화
속에 너만 빛나
막이 내리고 별빛들이 쏟아질 거야

함께 걸어가 줄래
진심이니까 내 손 놓지 마
함께 걸어가 줄 때
넘어지면 내 손잡아 줄래

함께 걸어가 줄게
힘들 때면 내 손을 잡을래
함께 걸어가 줄 때
눈부시게 아름다워져 hey

너란 영화
되어줄게 Highlight
나의 영화
되어줄래 마지막
한 편의 영화가 끝나도 끝이 아닐 거라고
멜로 영화
주인공은 너야
흑백 영화
속에 너만 빛나
막이 내리고 별빛들이 쏟아질 거야

많은 장면들을 보내고 나면
엔딩크레딧에는 너와 나뿐이야
끝나지 않은 이야긴 계속돼
우리의 영화를 시작해",https://ai-vocal-training.s3.ap-northeast-2.amazonaws.com/album_cover/PLAVE_우리 영화.jpg,2024.02.26
From,PLAVE,"How are you doing?
괜찮은 건지
사소한 감정들에 지쳐 보여
Somebody help me
그 시간들이 지나서
네게 비춰진 지금의 나

두려웠던 나의 계절
It was me, I didn't recognize myself

잠들지 못한 그날
잠들 수 없던 그 밤
무너질 수 없었던 일어서야만 했던
Fogginess, Broken heart
But I've dreamed all day always
Love you
From your best friend

여기
Rain is falling
여전히 난 이곳에 서 있어
Somebody help me
그토록 바랬던 그 사람은 나, 너란 걸

찬란했던 나의 계절
It was me, I didn't recognize myself

잠들지 못한 그날
잠들 수 없던 그 밤
무너질 수 없었던 일어서야만 했던
Fogginess, Broken heart
But I've dreamed all day always
Love you
From your best friend

잠들지 못한 그날
잠들 수 없던 그 밤
무너질 수 없었던 일어서야만 했던
Fogginess, Broken heart
But I've dreamed all day always
Love you
From your best friend",https://ai-vocal-training.s3.ap-northeast-2.amazonaws.com/album_cover/PLAVE_From.jpg,2024.02.26
눈사람,정승환,"멀리 배웅하던 길
여전히 나는 그곳에 서서
그대가 사랑한
이 계절의 오고 감을 봅니다
아무 노력 말아요
버거울 땐 언제든
나의 이름을 잊어요
꽃잎이 번지면
당신께도 새로운 봄이 오겠죠
시간이 걸려도
그대 반드시 행복해지세요
그 다음 말은 이젠
내가 해줄 수 없어서
마음속에만 둘게요
꽃잎이 번지면
그럼에도 새로운 봄이 오겠죠
한참이 걸려도
그대 반드시 행복해지세요
끝 눈이 와요
혹시 그대 보고 있나요
슬퍼지도록 시리던
우리의 그 계절이 가요
마지막으로 날
떠올려 준다면 안 되나요
다시 한 번 더 같은 마음이고 싶어
우릴 보내기 전에
몹시 사랑한 날들
영원히 나는 이 자리에서",https://ai-vocal-training.s3.ap-northeast-2.amazonaws.com/album_cover/정승환_눈사람.jpg,2018.02.19
파이팅 해야지 (Feat. 이영지),부석순 (SEVENTEEN),"파이팅 해야지
파이팅
아뿔싸 일어나야지 아침인데
눈 감았다 뜨니 해가 중천인데
아침밥은 Pass 10분 더 자야 돼 Oh
Take-out coffee로 (아메 아메 아메 아메)
Story 속에 (친구들은 다 왜)
잘나 보여 (왜 나 나 나만 왜)
또 또 또 또 왜 아등바등 또 왜
이리저리 치여 왜 (I9 I9 I9 I9)
우린 다 이어폰 꽂은 Zombie
필요해 모두 다 텐션 Up pumpin’
힘을 좀 내어보자
우린 여러분의 부석순
반복되는 하루에
시작이 되는 이 노래
네 옆에서 불러주겠어
힘내야지 뭐 어쩌겠어
파이팅 해야지 파이팅 해야지
Don’t give it up Never give it up yeah
파이팅 해야지 파이팅 해야지
우린 부석순
Ah 파이팅 해야지
Story 속에 (친구들은 다 왜)
잘나 보여 (왜 나 나 나만 왜)
또 또 또 또 왜 아등바등 또 왜
이리저리 치여 왜 (I9 I9 I9 I9)
우린 다 이어폰 꽂은 Zombie
필요해 모두 다 텐션 Up pumpin’
힘을 좀 내어보자
우린 여러분의 부석순
반복되는 하루에
시작이 되는 이 노래
네 옆에서 불러주겠어
힘내야지 뭐 어쩌겠어
파이팅 해야지 파이팅 해야지
Don’t give it up Never give it up yeah
파이팅 해야지 파이팅 해야지
Okay 모닝커피는 디카페인
일찍 일어나니 기분 뭣 같지
철없이 부재중 전화 제끼고
Dance with ma laziness
굽은 등, 팔, 다리 전부 다 펴니
Ooh I feel like I’m seventeen
일원도 보탬 안 되는
불행과 같이 살기에는 내 시간이 너무 아깝지 Man
힘을 내 힘을 내 힘을 내 힘을 내
힘을 내 힘을 내 힘을 내 힘을 내
Y’all don’t deserve it
Unfortune is unnecessary
알다시피 인생은
원래 거지 같아
그러니 조금만 힘을 내
구겨진 인생을
연주하는 우린 비운의 베토벤
차분히 다음 악장을 연주해
We got plenty more pages left to play
올라갔다 내려가는 주식같이
알다가도 모르겠는 인생 뭣 같지
한 템포 쉬고 물 한 모금 마시기
자 여기 있어 비타민 A B C
반복되는 하루에
시작이 되는 이 노래
네 옆에서 불러주겠어
힘내야지 뭐 어쩌겠어
파이팅 해야지 파이팅 해야지
Don’t give it up Never give it up yeah
파이팅 해야지 파이팅 해야지
우린 부석순
Ah 파이팅 해야지
Ah 파이팅 해야지",https://ai-vocal-training.s3.ap-northeast-2.amazonaws.com/album_cover/부석순 SEVENTEEN_파이팅 해야지 Feat 이영지.jpg,2023.02.06
Watch Me Woo!,PLAVE,"I got stuck in roulette
돌아가는 문제 속 헤매고 있어

We wanna touch the moon
도달할 수 없다는 건 참 어리석었지

Watch Me Woo!
Watch Me Woo!
You know I know Ah

Watch Me Woo!
Watch Me Woo!
You know I know Ah

세상은 다 거짓말
가면에 숨긴 Red eyes
All I can say is, Freedom

Vida Preciosa
Livin’ La Vida Loca
의미 없단 건 결국 없다고 Yeah

너도 알고 있잖아
그 속 안에 진실과
마주치는 순간 You'll be alright

Watch Me Woo!
Watch Me Woo!
You know I know Ah

Watch Me Woo!
Watch Me Woo!
You know I know Ah

Gold's getting bigger
Gold on my neck
Shining 24/7, They call me mad

Gold's getting bigger
Gold on my neck
Shining 24/7, They call me mad

1 hunnit, 白이던 100이건 상관없이 I get it all
원하면 다 이뤄나가 Why so serious?
God damn, 시간은 금 흘린 땀방울 뒤엔 
우린 고급 지게 놀아 Play, 부

Watch Me Woo!
Watch Me Woo!
You know I know Ah

Watch Me Woo!
Watch Me Woo!
You know I know Ah",https://ai-vocal-training.s3.ap-northeast-2.amazonaws.com/album_cover/PLAVE_Watch Me Woo.jpg,2024.02.26
London Boy,임영웅,"꿈에 그리던 그곳 난 여기 있어
저 푸른 바다 위로 널 닮은 하늘
I’m in London oh,
I’m in London, yeah
드넓은 공원 안에 널 담은 향기
가는 모든 곳마다 난 네가 보여
I’m in London,
yeah, I’m in London, oh
나지막한 소리가 들려와
수많은 별들 사이 너에게
Baby baby baby my baby
세상 누구보다 널 사랑해
모든 힘 다해 너를 불러
Hold me tight baby,
you’re my everything
널 만나고 난 변했어
세상 누구보다 널 사랑해
모든 힘 다해 너를 불러
I’m London, London Boy
Oh oh no no no
London Boy yeah
셰익스피어, 처칠, 비틀즈, 숀 코네리
해리포터, 데이비드 베컴 모든 게 있어
Baby You are my London Girl
행복은 너와 함께 즐기는 거야
내 모든 걸 다 줘도 아깝지 않아
너는 내게, Oh
그런 사람, Oh
나지막한 소리가 들려와
수많은 별들 사이 너에게
Baby baby baby my baby
세상 누구보다 널 사랑해
모든 힘 다해 너를 불러
Hold me tight baby,
you’re my everything
널 만나고 난 변했어
세상 누구보다 널 사랑해
모든 힘 다해 너를 불러
I’m London, London Boy
널 만나고 내가 변했다
Oh, I’m London Boy
Baby baby baby my baby
세상 누구보다 널 사랑해
모든 힘 다해 너를 불러
Hold me tight baby,
you’re my everything
널 만나고 난 변했어
세상 누구보다 널 사랑해
모든 힘 다해 너를 불러
I’m London, London Boy
La la la la la la la la
La la la la la la la la
La la la la la la la la
I’m London, London Boy
La la la la la la la la
La la la la la la la la
La la la la la la la la
London Boy
London Boy
London Boy",https://ai-vocal-training.s3.ap-northeast-2.amazonaws.com/album_cover/임영웅_London Boy.jpg,2022.11.15
Polaroid,임영웅,"별들이 짙던 밤 하늘에 약속한 고백
아직도 맘에
당연하듯 남아 있어요
어제 일같이 선명하네요
가슴 저리는 게 사랑이 아니라
그 누가 뭐라던가, 오
심장이 뛰는데 아프게 뛰는데
이게 사랑인 거야
운명 같은 밤 너를 만나
영원하자고 외쳤던 그 밤
네가 날 잊어도
난 널 꺼내 볼 테니까 언제나
내 맘속 사진첩 한 켠엔 그대가 있지
참 행복했지 때론 아픈 날이 있어도
버릴 수 없는 추억이 됐지
가슴 저리는 게 사랑이 아니라
그 누가 뭐라던가, 오
심장이 뛰는데 아프게 뛰는데
이게 사랑인 거야
운명 같은 밤 너를 만나
영원하자고 외쳤던 그 밤
네가 날 잊어도
난 널 꺼내 볼 테니까 언제나
우~ 예~
우~
네가 날 잊어도
난 널 꺼내 볼 테니까 언제나
한 장씩 널 기억하며 보낼게
우리 모든 순간 가슴 떨리던 날
모든 날이 따스하게 감싸준
널 사랑했다
운명 같은 밤 너를 만나
셀 수 없이 많은 날 함께 했지
사랑했어요 아주 많이
사진첩 속의 그대여
영원히 기억할게 시간이 지나도
언제나",https://ai-vocal-training.s3.ap-northeast-2.amazonaws.com/album_cover/임영웅_Polaroid.jpg,2022.11.15
HERO (From the Film “소방관”),박효신,"어젯밤에 꾸었던 꿈에
나는 너의 노래가 되어
작은 숨소리 그 위를 걷는
가장 예쁜 소리로 사랑을 말했네

빛이 드는 창가에 걸린
바래져 간 그림 속에 난
망토를 입고 하늘을 나는
너의 영웅이 되어 남겨져 있네

영원히
시들지 않을 꽃이 되어
바람이 불면
너의 곁에 흩날리리

햇살 아래 나란히 걷던
우리 집 앞 그 모든 길목에
뒤돌아보면 손을 흔들며
매일로 가는 너를 바라보겠네

영원히
시들지 않을 꽃이 되어
바람이 불면
너의 곁에 흩날리리

햇살 아래 나란히 걷던
우리 집 앞 그 모든 길목에
뒤돌아보면 손을 흔들며
매일로 가는 너를 바라보겠네

I want to be your HERO
I want to be your HERO
I want to be your HERO",https://ai-vocal-training.s3.ap-northeast-2.amazonaws.com/album_cover/박효신_HERO From the Film 소방관.jpg,2024.12.16
인생찬가,임영웅,"꿈처럼 지나간 시간
나는 무얼 찾고 싶었나
지도도 없이 걸어온 삶을
후회하진 않으리
떠난 어제는 떠날 오늘로
남겨지기도 하지
나의 친구여 나의 형제여
내 이름 불러주오
미안하다 나의 인생아
앞만 보며 살아왔구나
찬란한 순간이여 영원하라
내일은 처음 가는 길
언제나처럼 또 두려워
버들강아지 활짝 웃는 날
후회하지 않으리
비가 내리면 노래하리
눈이 내려도 좋아
나의 친구여 나의 형제여
내 이름 불러 주오
미안하다 나의 인생아
앞만 보며 살아왔구나
찬란한 순간이여 영원하라
영원한 순간이여 찬란하라",https://ai-vocal-training.s3.ap-northeast-2.amazonaws.com/album_cover/임영웅_인생찬가.jpg,2022.05.02
All I Want for Christmas Is You,Mariah Carey,"I don`t want a lot for Christmas
There is just one thing I need
I don`t care about the presents
Underneath the Christmas tree
I just want you for my own
More than you could ever know
Make my wish come true 
All I want for Christmas
Is you 
I don`t want a lot for Christmas
There is just one thing I need
And I 
I don`t care about the presents
Underneath the Christmas tree
I don`t need to hang my stocking
There upon the fireplace
Santa Claus won`t make me happy
With a toy on Christmas day 
I just want you for my own
More than you could ever know
Make my wish come true
All I want for Christmas is you 
You baby
Oh I won`t ask for 
much this Christmas
I won`t even wish for snow
And I 
I`m just gonna keep on waiting
Underneath the mistletoe
I won`t make a list and send it
To the North Pole for Saint Nick
I won`t even stay awake to
Hear those magic reindeer click
`Cause I just want you here tonight
Holding on to me so tight
What more can I do
Baby all I want for Christmas is you
You Baby
Oh All the lights are shining
So brightly everywhere
And the sound of children`s
Laughter fills the air
And everyone is singing
I hear those sleigh bells ringing
Santa won`t you bring me
the one I really need
Won`t you please 
bring my baby to me 
Oh I don`t want a lot for Christmas
This is all I`m asking for
I just want to see my baby
Standing right outside my door
Oh I just want you for my own 
More than you could ever know
Make my wish come true
Baby all I want for Christmas is
You you baby 
All I want for Christmas is you baby
All I want for Christmas is you baby
All I want for Christmas is you baby
All I want for Christmas is you baby",https://ai-vocal-training.s3.ap-northeast-2.amazonaws.com/album_cover/Mariah Carey_All I Want for Christmas Is You.jpg,2019.11.01
Santa Tell Me,Ariana Grande,"Santa tell me if you're really there
Don't make me fall in love again
If he won't be here next year
Santa tell me if he really cares
Cause I can't give it all away
if he won't be here next year
Feeling Christmas all around
And I'm trying to play it cool
But it's hard to focus
when I see him
walking 'cross the room
Let it snow is blasting now
But I won't get it in the mood
I'm avoiding every mistletoe
until I know it's true love
That he thinks of
So next Christmas
I'm not all alone boy
Santa tell me if you're really there
Don't make me fall in love again
If he won't be here next year
Santa tell me if he really cares
Cause I can't give it all away
if he won't be here next year
I've been down this road before
Fell in love on Christmas night
But I knew you say I woke up
and you wasn't by my side
Now I need someone to hold
Be my fire in the cold
But it's hard to tell if this is
just a fling or if it's true love
That he thinks of
So next Christmas
I'm not all alone boy
Santa tell me if you're really there
Don't make me fall in love again
If he won't be here next year
Santa tell me if he really cares
Cause I can't give it all away
if he won't be here next year
Oh I wanna have him
beside me like ooh
On the 25th by the fireplace ooh
But I don't want no broken heart
This year I got to be smart
Oh baby
Santa tell me
Santa tell me
Santa tell me
Santa tell me if you're really there
Don't make me fall in love again
If he won't be here next year
Santa tell me if he really cares
Cause I can't give it all away
if he won't be here next year
Santa tell me if you're really there
Don't make me fall in love again
If he won't be here next year
Santa tell me if he really cares
Cause I can't give it all away
if he won't be here next year",https://ai-vocal-training.s3.ap-northeast-2.amazonaws.com/album_cover/Ariana Grande_Santa Tell Me.jpg,2014.11.24
미리 메리 크리스마스 (Feat. 천둥 Of MBLAQ),아이유,"하얀 눈이 내려올 때면
온 세상이 물들을 때면
눈꽃이 피어나 또 빛이 나
눈이 부신 너처럼
Yeah girl
you should know that
That my heartbeats like
Huh Huh Huh Huh
From the bottom of my heart
I thank god I found you
쿵쿵 가슴이 왜 이렇게 가쁘니 yeah
꾹꾹 참아도
자꾸 네 생각이 나잖아 oh
You You I love you
and I know you love me too
네가 내게 불러 준
You're my boo
You 아직 꿈만 같아
And you 마치 선물 같아
For you 네 품에 안겨도
늘 불안불안 해 꿈처럼 깰까 봐
You 꼭 안아 줘야만 해
And you 아껴 줘야만 해
For you 큰 맘 먹고 네 꺼 돼준 걸
하늘에게 감사해
하얀 눈이 내려올 때면
온 세상이 물들을 때면
눈꽃이 피어나 또 빛이 나
눈이 부신 너처럼
사랑할 수 밖에 없어서
사랑한 네 손 잡고서
첫 눈 위를 걸어 발자국을 새겨
이 길 끝까지 걸어 갈 거야
With you
You 혹시 알고 있니
And you 느낄 수가 있니
For you 늘 자랑하고픈
네 여자친구가 되고만 싶은 걸
You 전부 다 주고 싶어
And you 잘 해주고 싶어
For you 다음 그 다음 해 겨울도
너의 곁에 있을게
하얀 눈이 내려올 때면
온 세상이 물들을 때면
눈꽃이 피어나 또 빛이 나
눈이 부신 너처럼
사랑할 수 밖에 없어서
사랑한 네 손 잡고서
첫 눈 위를 걸어 발자국을 새겨
이 길 끝까지 걸어 갈 거야
With you
매일 매일 너 때문에 행복해
다른 누구 아닌 나를
모두 가질 너만이 My love
나도 믿기지 않아
지금 네가 내 옆에
이렇게 손 꼭 잡은 채 걷는다는 게
하얀 눈보다 더 뽀얀 네 볼에
키스해줄게 Baby
빨갛게 물들게 Baby
다가오는 크리스마스에는
기다리는 그 날만큼은
네 곁에 있을래
하루 종일 미리 미리 약속해
사랑할 수 밖에 없어서
사랑한 네 손 잡고서
첫 눈 위를 걸어 발자국을 새겨
이 길 끝까지 걸어 갈 거야
With you
Girl you know
I can't even think without you
in my life
Yeah Yeah I know that you know
That's my baby",https://ai-vocal-training.s3.ap-northeast-2.amazonaws.com/album_cover/아이유_미리 메리 크리스마스 Feat 천둥 Of MBLAQ.jpg,2010.12.09
Snowman,Sia,"Don't cry snowman
not in front of me
Who will catch your tears
if you can't catch me darling
If you can't catch me darling
Don't cry snowman
don't leave me this way
A puddle of water
can't hold me close baby
Can't hold me close baby
I want you to know
that I'm never leaving
Cause I'm Mrs. Snow
'till death we'll be freezing
Yeah you are my home
my home for all seasons
So come on let's go
Let go below zero
And hide from the sun
I love you forever
Well we'll have some fun
Yes let's hit the North Pole
And live happily
Please don't cry no tears now
It's Christmas baby
My snowman and me yeah
My snowman and me baby
Don't cry snowman
don't you fear the sun
Who'll carry me
without legs to run honey
Without legs to run honey
Don't cry snowman
don't you shed a tear
Who'll hear my secrets
if you don't have ears baby
If you don't have ears baby
I want you to know
that I'm never leaving
Cause I'm Mrs. Snow
'till death we'll be freezing
Yeah you are my home
my home for all seasons
So come on let's go
Let's go below zero
And hide from the sun
I love you forever
Well we'll have some fun
Yes let's hit the North Pole
And live happily
Please don't cry no tears now
It's Christmas baby
My snowman and me yeah
My snowman and me baby",https://ai-vocal-training.s3.ap-northeast-2.amazonaws.com/album_cover/Sia_Snowman.jpg,2022.12.30
크리스마스니까,"성시경, 박효신, 이석훈, 서인국, VIXX (빅스)","오늘은 뭔가 좀 다른 기분 Feeling 
이젠 때가 된 것 같은 느낌 Love U 
하늘에선 마침 눈이 내려 
Now It's Falling 
뭔가 잘 될 것 같은 예감 
하얀 거리마다 
행복해 보이는 연인들 
니 맘은 어떤지 내 맘과 같은지 
우리 시작해볼까 
오늘은 괜찮을까요 
내 맘이 전해질까요 
내리는 하얀 눈처럼 
너에게 닿을까요 
숨겨왔던 내 맘 전부 고백할게요 
바로 오늘 크리스마스이니까 
사실 그대도 
조금은 기댈 했잖아요 
못 이기는 척 웃는 너 
그런 니가 사랑스러워 
오늘은 괜찮을까요 
내 맘이 전해질까요 
내리는 하얀 눈처럼 
너에게 닿을까요 
숨겨왔던 내 맘 전부 고백할게요 
바로 오늘 크리스마스 
많은 사람들 속에
너만 내 눈에 보여
의상 좋고 머리도 괜찮고
얼굴 상태 나쁘지 않아
오늘만 기다렸단 말야
눈치껏 눈도 내린단 말야
또박또박 연습한 멘트
뚜벅뚜벅 걷는 발걸음이
벌써 네 앞에 도착했어
올해 크리스마스 선물은 나야
귀요미 루돌프 남
오늘이야 메리 크리스마스
조금만 더 용길 낼게
이 순간이 지나버리면
널 놓칠지 몰라
진심이 더 진심처럼 느껴지는 게
바로 오늘 크리스마스이니까
너와 나 영원히
Christmas Love",https://ai-vocal-training.s3.ap-northeast-2.amazonaws.com/album_cover/성시경 박효신 이석훈 서인국 VIXX 빅스_크리스마스니까.jpg,2012.12.06
Must Have Love,"SG 워너비, 브라운아이드걸스","함께 있단 이유로 행복했었던 
우리들의 겨울날의 소중한 기억들 
좋은 날엔 언제나 네가 있기에 
잊을 수 없는 Memories 
 
Ring the bells sing the song 
this season is the time for love 
익숙한 음악소리 가득한 거리 
하얀 거품처럼 내려와서 
소복히 쌓이는 눈 
멀리서 들려오는 맑은 종소리 
날 위해 준비해 둔 것 같아 
너무 아름다워 
말을 하지 않아도 알 수 있잖아 
나를 항상 웃게 하는 
너만 있으면 돼 
내 맘을 다 아나 봐 하늘에서도 
세상 가득히 눈이 와 
 
Ring the bells sing the song 
this season is the time for love 
친구란 이름으로 지내 왔기에 
새삼 말하기도 어색했던 
그고백 기억할게 
너만의 사랑이란 이유만으로 
모든 게 아름다운 이 세상 
너만을 사랑해 
말을 하지 않아도 알 수 있잖아 
나를 항상 웃게 하는 
너만있으면 돼 
내 맘을 다 아나 봐 하늘에서도 
Singing all around 
Singing all around 
함께 있단 이유로 행복했었던 
우리들의 겨울날의 소중한 기억들 
좋은 날엔 언제나 네가 있기에 
잊을 수 없는 Memories 
잊을 수 없는 Memories 
Ring the bells sing the song 
cuz it's Christmastime 
This season is the time For you",https://ai-vocal-training.s3.ap-northeast-2.amazonaws.com/album_cover/SG 워너비 브라운아이드걸스_Must Have Love.jpg,2006.11.16
Letter To Myself,태연 (TAEYEON),"I wrote a letter to myself
서툴게도 써내리는 맘속
더 깊이 눌러왔던 말
그 어떤 말보다
널 잃지 않았으면 해

길 잃은 채 헤매던 매일
그늘진 마음 그 끝에
여전히 변치 않은 내가 있었어

I could be good
I could be bad
어렵고 어리던 내게
그 아픔 위로
다시 널 위로하고 싶어

끌어안은 상처 따윈
It’s only hurting you

I wrote a letter to myself
서툴게도 써내리는 맘속
더 깊이 눌러왔던 말
다 쏟아낸 순간
선명해 Voices in my head

My head, my head,
my head, my head
내가 날 울리던 모든 밤
기억을 다르게 채워 가

삼켜왔던 단어들로
솔직한 이야기를 적어
이제야 말하는 날 미워하지 마

멍든 마음과 흉터마저
어설픈 대로 내뱉어
더이상 내게 숨길 필요 없잖아

어색한 표현 따윈 버려
I’m done being used

I wrote a letter to myself
서툴게도 써내리는 맘속
더 깊이 눌러왔던 말
그 어떤 말보다
널 잃지 않았으면 해

I wrote a letter to myself
또 잊었던 내 모습이 보여
꼭 숨어있던 날 만나
제대로 마주 봐
들려와 Voices in my head

My head, my head,
my head, my head
내가 날 울리던 모든 밤
기억을 다르게 채워 가
Oh uh

My head, my head,
my head, my head
오롯이 내가 들리는 밤
다시는 놓치지 않아 날
Oh uh

선명해 Voices in my head
마음껏 외쳐 날 Oh
선명해 Voices in my head",https://ai-vocal-training.s3.ap-northeast-2.amazonaws.com/album_cover/태연 TAEYEON_Letter To Myself.jpg,2024.11.18
I Don't Think That I Like Her,Charlie Puth,"Get her name and get her number
Find out all of the things
that we have in common
Never all the differences,
oh, yeah
Meet her parents, meet her brother
Then she starts sleepin'
over the crib on weekends
Like a real relationship, oh, no
For me, the stars are alignin'
But for her, it's bad timin'
So she just can't be mine
I don't think
that I like her anymore
Cause they're all the same
All they wanna do is break
my heart, my heart (Oh-oh)
I don't think
that I like her anymore
Cause they're all the same
They just wanna see me
fall apart, apart (Oh-oh)
So I hook up on a rebound
And I say that I'm gonna be
single for life
But she's so pretty
and nice (Pretty and nice)
So I made just one exception
But I find out eventually
I'm not her type
Baby, that's the reason why, that
For me, the stars are alignin'
But for her, it's bad timin'
So she just can't be mine
I don't think
that I like her anymore (Yeah)
Cause they're all the same
All they wanna do is break
my heart, my heart (Oh-oh)
I don't think
that I like her anymore (No)
Cause they're all the same
They just wanna see me
fall apart, apart (Oh-oh)
I'm trying not to be bitter
But damn it, I miss her
'Cause she's one of a kind
For me, the stars are alignin'
But for her, it's bad timin'
So she just can't be mine
I don't think
that I like her anymore
Cause they're all the same
All they wanna do is break
my heart, my heart (Oh-oh)
I don't think
that I like her anymore
Cause they're all the same
They just wanna see me
fall apart, apart (Oh-oh)
Then we fall,
we fall, fall, fall apart now
I don't think
that I like her anymore
Cause they're all the same
They just wanna see me
fall apart, apart (Oh-oh)",https://ai-vocal-training.s3.ap-northeast-2.amazonaws.com/album_cover/Charlie Puth_I Dont Think That I Like Her.jpg,2022.10.07
Last Christmas,Ariana Grande,"I hate that I remember
I wish I could forget
What you did last December
You left my heart a mess a mess
Boy you blew it
How could you do it do it
oh yeah oh yeah
It's the rascals
Last Christmas
I gave you my heart
But the very next day
you gave it away
This year
To save me from tears
I'll give it to someone special
oh yeah yeah
But last Christmas
I gave you my heart
But the very next day
you gave it away
This year
To save me from tears
I'll give it to someone special
Thought we belong together
At least that's what you said
I should've known better
You broke my heart again again
Boy you blew it
How could you do it do it oh yeah
The last Christmas
I gave you my heart
gave you my heart
But the very next day
you gave it away
gave it away
This year
To save me from tears you got it
I'll give it to someone special
The last Christmas oh baby
I gave you my heart
But the very next day
you gave it away gave it away
This year you got it
To save me from tears
I'll give it to someone special
Ooh yeah
How could you leave Christmas morning
You broke my heart with no warning
Boy you blew it
How could you do it do it oh yeah
Last Christmas
I gave you my heart gave you my heart
But the very next day
you gave it away gave it away
This year
To save me from tears oh baby
I'll give it to someone special
This is our last last last last
Christmas
You broke my heart
Last last last last Christmas
You broke my heart
This year
To save me from tears
I'll give it to someone special
I hate that I remember
I wish I could forget
What you did last December
You left my heart a mess
You left my heart a mess
This year
Boy you blew it
To save me from tears oh baby
How could you do it do it
I'll give it to someone special
I hate that I remember
I wish I could forget
What you did last December
You left my heart a mess
This year To save me from tears",https://ai-vocal-training.s3.ap-northeast-2.amazonaws.com/album_cover/Ariana Grande_Last Christmas.jpg,2013.01.01
ETA,NewJeans,"낭비하지 마 네 시간은 은행
서둘러서 정리해 걔는 real bad
받아주면 안돼
No you better trust me
답답해서 그래
저번에도 봤지만 너 없을 때
걘 여기저기에 눈빛을 뿌리네
아주 눈부시게
Honestly 우리 사이에
He’s been totally lying yeah
내 생일 파티에 너만 못 온 그날
혜진이가 엄청 혼났던 그날
지원이가 여친이랑 헤어진 그날
걔는 언제나 네가 없이 그날
너무 멋있는 옷을 입고 그날
Heard him say
We can go wherever you like
Baby say the words and I’m down
All I need is you on my side
We can go whenever you like
Now where are you?
Mmhmm
What’s your ETA, what’s your ETA
Mmhmm
What’s your ETA, what’s your ETA
Mmhmm
What’s your ETA, what’s your ETA
I’ll be there right now, lose that boy on her arm
아파 맘이 네가 걔 못 잊을 때
내 말 믿어 you deserve better than that
내가 도와줄게
걔는 그냥 playin’
Boys be always lying yeah
내 생일 파티에 너만 못 온 그날
혜진이가 엄청 혼났던 그날
지원이가 여친이랑 헤어진 그날
걔는 언제나 네가 없이 그날
너무 멋있는 옷을 입고 그날
Heard him say
We can go wherever you like
Baby say the words and I’m down
All I need is you on my side
We can go wherever you like
Now where are you?
Mmhmm
What’s your ETA, what’s your ETA
Mmhmm
What’s your ETA, what’s your ETA
Mmhmm
What’s your ETA, what’s your ETA
I’ll be there right now, lose that boy on her arm
Need a boy on my arm
Need a boy on my arm
Want a boy on my arm
Need a boy on my arm",https://ai-vocal-training.s3.ap-northeast-2.amazonaws.com/album_cover/NewJeans_ETA.jpg,2023.07.21
버추얼 아이돌,PLAVE,"아 매워 
뭐가요?
맵다고 
뭐가요?
어 매운 거? 라쓰고?
그런 거 말고
우리가 맵다
은호야 가자 
네 형님

어디 갈까 고민하지 마
누가 뭐래도 난 충분하니까
있잖아 진짜로 하나도 부럽지가 않아
Billie jean is not my lover

타격 없어 떠들어 더
내 스타일은 한 귀로 듣고 흘렸어
죄송해요 귀엽게 봐주세요
버추얼 아이돌
우린 PLAVE

난 삐뚤 빼뚤 (삐뚤 빼뚤)
안 비슷 비슷해 (기특 기특해)
난 삐걱 삐걱 (삐걱 거려)
안 비겁 비겁해

Shake it 흔들어
Hater 들은 그냥 가세요
키득 키득
지긋 지긋

난 삐뚤 빼뚤 (삐뚤 빼뚤)
안 비슷 비슷해 (기특 기특해)
난 삐걱 삐걱거릴수록 
다들 좋아해 (닥터)

Shake it 흔들어
Hater 들은 그냥 가세요
키득 키득해
지긋 지긋해 
Hey yeah

너 부정하지 마 (할 수 있잖아)
내 생각이 나잖아 (뭐야 왜 저래?)
논중화물이야 난
PLAVE 날아가는 모양

라쓰고

이름이 뭐냐고 물어보게 돼 넌 결국엔 입덕
파란색 노란색 분홍색 실버색 검은색
궁금해서 못 참을 거야 분명
버추얼 아이돌
우린 PLAVE

난 삐뚤 빼뚤 (삐뚤 빼뚤)
안 비슷 비슷해 (기특 기특해)
난 삐걱 삐걱 (아이고)
안 비겁 비겁해

Shake it 흔들어
Hater 들은 그냥 가세요
키득 키득
지긋 지긋

난 삐뚤 빼뚤 (삐뚤 빼뚤)
안 비슷 비슷해 (기특 기특해)
난 삐걱 삐걱거릴수록 
다들 좋아해 (뚝스)

Shake it 흔들어
Hater 들은 그냥 가세요
키득 키득해
지긋 지긋해 
Hey yeah

인사드리겠습니다
잘 부탁드립니다
자주 뵙고 싶습니다
예쁘게 봐주세요 

(예쁘게 봐달라니까?)

인사드리겠습니다
잘 부탁드립니다
자주 뵙고 싶습니다
예쁘게 봐주세요 

난 삐뚤 빼뚤 
안 비슷 비슷해
난 삐걱 삐걱
안 비겁 비겁해

Shake it 흔들어
Hater 들은 그냥 가세요

여러분 대박입니다",https://ai-vocal-training.s3.ap-northeast-2.amazonaws.com/album_cover/PLAVE_버추얼 아이돌.jpg,2024.02.26
오래된 노래,"허각, 임한별, 이무진, 이진성 (먼데이 키즈), 김희재, #안녕","오래전에 함께 듣던 노래가
발걸음을 다시 멈춰 서게 해
이 거리에서 너를 느낄 수 있어
널 이곳에서 꼭 다시 만날 것 같아

너일까 봐 한 번 더 바라보고
너일까 봐 자꾸 돌아보게 돼
어디선가 같은 노래를 듣고
날 생각하며 너 역시 멈춰있을까

오래전에 함께 듣던 노래가
거리에서 내게 우연히 들려온 것처럼
살아가다 한 번쯤 우연히 만날 것 같아
사랑했던 그 모습 그대로

내 사랑이 그대로인 것처럼
발걸음이 여길 찾는 것처럼
꼭 만날 거야 지금 이 노래처럼
날 사랑하는 네 맘도 같을 테니까

오래전에 함께 듣던 노래가
거리에서 내게 우연히 들려온 것처럼
살아가다 한 번쯤 우연히 만날 것 같아
사랑했던 그 모습 그대로

운명처럼 아니면 우연처럼
우리가 다시 예전처럼 만날 수 있다면
너에게 나 해주고 싶은 말이 하나 있어
널 다시는 놓치지 않을게

오래전에 함께 듣던 노래가
거리에서 내게 우연히 들려온 것처럼
살아가다 한 번쯤 우연히 만날 것 같아
사랑했던 그 모습 그대로

살아가다 한 번쯤 우연히 만날 것 같아
사랑했던 그 모습 그대로",https://ai-vocal-training.s3.ap-northeast-2.amazonaws.com/album_cover/허각 임한별 이무진 이진성 먼데이 키즈 김희재 안녕_오래된 노래.jpg,2024.06.16
달랐을까,PLAVE,"꽃이 지고 서야
그제서야
봄인 줄 알았네

너무 당연하듯
내 곁에 있어서
그래서

니가 떠나고야
그제서야
사랑인 줄 알았네

너무 당연하게
내 옆에 있어서
그래서

그때 널 붙잡았다면
더 웃어줬더라면 우리
달랐을까

그때 널 안아줬다면
네 손 놓지 않았다면 우리
행복했던 그때로
돌아갈 수 있을까

니가 떠나고야
그제서야
이별인 줄 알았어

너의 빈자리가
한없이 길어서
그래서

그때 널 붙잡았다면
더 웃어줬더라면 우리
달랐을까

그때 널 안아줬다면
네 손 놓지 않았다면 우리
행복했던 그때로 돌아갈 수 있을까

이제 와 수많은 가정을 해봐도
달라지지 않을 걸 잘 알지만
자꾸 그때가 떠올라서 난
또 이렇게 후회하고 있어

널 붙잡았다면 
더 아껴줬더라면 우리
달랐을까

다시 널 볼 수 있다면
아직 늦지 않았다면 우리
사랑했던 그때로 돌아갈 수 있을까",https://ai-vocal-training.s3.ap-northeast-2.amazonaws.com/album_cover/PLAVE_달랐을까.jpg,2024.10.13
"LOVE, MONEY, FAME (feat. DJ Khaled)",세븐틴 (SEVENTEEN),"I, never before in my life time
이런 나의 마음 말로
못해서 준비해 봤어 Prime time
Cuz you changin’ me for better

You're the reason for my being
나를 숨 쉬게 하니까
Oh baby It’s all up to you
영원히 나만의 GOAT

사랑의 많은 Paradigm
널 헷갈리게 하지 않아
You know what I need is only you
(Yeh yeh yeh yeh yeh)

사랑이란 확신의 말
거짓 없이 눈 맞춰 봐
Just trust me once baby
I’ll never let you down baby

모두가 원해 (Hey-) 사랑 돈 명예 (Ho-)
But only want you baby baby baby
I only want you baby baby baby

너 없이 빛나는 Fame 나는 원하지 않아
너의 사랑 하나 그거면 돼
Baby baby yeh baby baby yeh

Poppin’, 시간은 금이니까
바삐 너에게 뛰는 심장이 Main topic
I can solve your problem, 그게 나답지
Time together 녹지 않는 나의 Ice cream

가끔 널 잃을까 봐 겁나
그 날이 오면 난 이룬 게 뭘까
Fame, Money, Love 세 개는 많아
Only last one 내가 바란 하나

사랑의 많은 Paradigm
널 헷갈리게 하지 않아
You know what I need is only you
(Yeh yeh yeh yeh yeh)

사랑이란 확신의 말
거짓 없이 눈 맞춰 봐
Just trust me once baby
I’ll never let you down baby

모두가 원해 (Hey-) 사랑 돈 명예 (Ho-)
But only want you baby baby baby
I only want you baby baby baby

너 없이 빛나는 Fame 나는 원하지 않아
너의 사랑 하나 그거면 돼
Baby baby yeh baby baby yeh

사랑을 할 때, I don’t need something
내 마음은 그래, 너에게
너만 있어 주면, I don’t need something
내 마음은 그래, 너에게

모두가 원해 (Hey-) 사랑 돈 명예 (Ho-)
But only want you baby baby baby
l only want you baby baby baby

너 없이 빛나는 Fame 나는 원하지 않아
너의 사랑 하나 그거면 돼
Baby baby yeh baby baby yeh",https://ai-vocal-training.s3.ap-northeast-2.amazonaws.com/album_cover/세븐틴 SEVENTEEN_LOVE MONEY FAME feat DJ Khaled.jpg,2024.10.14
별별별 (See that?),NMIXX,"Ooh ah
Don’t mind, just do it, yeah
Don’t mind, just do it
Can you feel the tension? yeah

No, I don’t mind
깨진 손톱 위에 검은 매니큐어 칠 (Doesn’t matter)
난 헝클어진 머리칼을 풀듯 이어폰 줄을 풀지

I’m a boss, turn the radio on
튀어올라 난 glow in the dark
Who cares, not your stereotype
부숴, 네가 알던 날

아침 해가 뜨고 우린 숨었지
(내리쬐는 sunshine, shine, shine)
모두 우릴 보고 혀를 차겠지
(혀를 차네)

음~

Wuh, 요즘에는 별별별 (See that?)
이런저런 별별별 (쯧쯧)
하여튼간 별별
(Twinkle little little star)
그래, 난 별별별

우린 we we we we 위로 위로 더
우린 we we we we 위로 위로 더
Imma be be be be be the be the one
여기 여기 붙어라, wuh

NMIXX, we get it on now

Nah~ 주어진 건 싫어
(No thank you)
네모 박스를 지워
(No thank you)
날 자연스레 둘래?
청개구리, 두더지, come follow me
This is the day, ay

Who cares 좀 튀어도
Who cares 난 나일 뿐 (음~)
넘어져도 난 무릎을 털고
Go for the goal, 전부 비켜줘yo

음~ 하여튼간

Wuh, 요즘에는 별별별 (See that?)
이런저런 별별별 (쯧쯧)
하여튼간 별별
(Twinkle little little star)
그래, 난 별별별

우린 we we we we 위로 위로 더
우린 we we we we 위로 위로 더
Imma be be be be be the be the one
여기 여기 붙어라, wuh

Wuh-
(Don’t mind, just do it)
Stay awake, you cannot hold us down
(Don’t mind, just do it)

Wuh-
(Don’t mind, just do it)
Fly away 저 하늘로 날아
Imma tell ’em

다같이 stomp the ground
마음 안의 말 털어내 voice up (yeah)
We’re never ever going back
Deep and deeper 조금씩..

하여튼간

Wuh, 요즘에는 별별별 (See that?)
이런저런 별별별 (쯧쯧)
하여튼간 별별
(Twinkle little little star)
그래, 난 별별별

우린 we we we we 위로 위로 더
우린 we we we we 위로 위로 더
Imma be be be be be the be the one
여기 여기 붙어라, wuh

음~",https://ai-vocal-training.s3.ap-northeast-2.amazonaws.com/album_cover/NMIXX_별별별 See that.jpg,2024.08.19
플러팅,황인욱,"멀리서 너를 처음 봤던 날
친구들과 앉아서 웃고 있던
네게 반했던 그날

잠시도 눈을 뗄 수 없었어
너에게 걸어가 볼까 말까
잠깐 말 걸어볼까

이대로 두 번 다시
너를 못 보게 될까 두려워
후회하게 될 것만 같아
물어 번호 봤던 거야

믿지 않겠지만 처음이었어
너를 본 순간부터
우리가 손잡고 걷는 모습이 떠올랐어

술에 취해서 조명이 어두워서
이런 말 하는 거 아냐
우리 내일 다시 만나자
그때 다시 한번 말할게

우리 내일 만나면
널 바로 안아버릴지 몰라
처음부터 반한 것 같아
물어 번호 봤던 거야

믿지 않겠지만 처음이었어
너를 본 순간부터
우리가 손잡고 걷는 모습이 떠올랐어

술에 취해서 조명이 어두워서
이런 말 하는 거 아냐
우리 내일 다시 만나자
그때 다시 한번 말할게

원래 이러냐고
모든 사람에게 잘해주냐고
아니 사실 아무렇지 않지 않단 말이야

모르겠어 내가 왜 이러는지
없던 용기가 왜 나는지
스친 눈빛에 스친 손끝에
자꾸 뛴단 말이야 심장아 나대지 마

혹시 번호 물어봐도 되겠니

믿지 않겠지만 모든 게 처음이야
너를 본 순간부터
우리가 사랑할 날들이 자꾸 떠올랐어

술에 취해서 조명이 어두워서
이런 말 하는 거 아냐
우리 내일 다시 만나자
그때 다시 한번",https://ai-vocal-training.s3.ap-northeast-2.amazonaws.com/album_cover/황인욱_플러팅.jpg,2024.07.26
Attention,NewJeans,"You and me
내 맘이 보이지 
한참을 쳐다봐
가까이 다가가
You see
You see, ey ey ey ey

One, two, three
용기가 생겼지
이미 아는 네 눈치
고개를 돌려 천천히
여기
You see
여기 보이니

Looking for attention 너야겠어
확실하게 나로 만들겠어
Stop, eyyy
Drop the question
Drop the, drop the question
Want attention
Wanna want attention

You give me butterflies you know
내 맘은 온통 paradise
꿈에서 깨워주지 마

You got me looking for attention
You got me looking for attention
가끔은 정말
헷갈리지만
분명한 건
Got me looking for attention

널 우연히 마주친 척할래
못 본 척 지나갈래
You’re so fine
Gotta gotta get to know ya
나와 나와 걸어가 줘

지금 돌아서면
I need ya, need ya, need ya
To look at me back
Hey 다 들켰었나
널 보면 하트가 튀어나와

난 사탕을 찾는 baby (baby)
내 맘은 설레이지
Eyyy, drop the question
Drop the, drop the question
Want attention
Wanna want attention

You give me butterflies you know
내 맘은 온통 paradise
꿈에서 깨워주지 마

You got me looking for attention
You got me looking for attention
가끔은 정말
헷갈리지만
분명한 건
Got me looking for attention

You got me looking for attention
You got me looking for attention
가끔은 정말
헷갈리지만
분명한 건
Got me looking for attention

A T T E N T I on
Attention is what I want
A T T E N T I on
Attention is what I want
A T T E N T I on
Attention is what I want
A T T E N T I on
You got me looking for attention",https://ai-vocal-training.s3.ap-northeast-2.amazonaws.com/album_cover/NewJeans_Attention.jpg,2022.08.01
내가 S면 넌 나의 N이 되어줘,TWS (투어스),"내가 S면 넌 나의 N이 되어줘
어떤 순간에도 너를 찾을 수 있게
반대가 끌리는 천만번째 이유를
내일의 우리는 알지도 몰라

오늘따라 왠지 말이 꼬여
성을 빼고 부르는 건 아직 어색해 (지훈아..!)
너와 나 우리 모여보니까
같은 색 더듬이가 자라나

창문 너머의 춤을 따라 추고 싶어
좋아하는 걸 함께 좋아하고 싶어
왼쪽으로 Slide 한번 Poppin'
몸이 붕 뜨는 이 기분 Whoo!

‘우리’라는 말에 자석이 있는 걸까
내 맘이 자꾸 너에게 가려고 해

내가 S면 넌 나의 N이 되어줘
어떤 순간에도 너를 찾을 수 있게
반대가 끌리는 천만번째 이유를
내일의 우리는 알지도 몰라

느낌이 와 Right now 
10m 위에 너 있나?
날 당겨 (Whoa- Whoa-)
눈인사로 Say Hello
나도 모르게 너의 앞에서
손을 내밀어버린 거야

둥그렇게 앉아서 서로를 바라볼 때
눈에 비친 우리의 모습을 좋아해
N과 S 우리는 캐스터네츠
하나가 되는 이 기분 Whoo!

‘우리’라는 말에 자석이 있는 걸까
내 맘이 자꾸 너에게 가려고 해

내가 S면 넌 나의 N이 되어줘
어떤 순간에도 너를 찾을 수 있게
반대가 끌리는 천만번째 이유를
내일의 우리는 알지도 몰라

너와 나 표현이 서툴러 티격태격하고
토라지는 날이 온다해도 좋아
맞아, 우린 언제나
서로의 곁에 있잖아
지금 이 순간도

내가 S면 넌 나의 N이 되어줘
이 말 한마디가 너무 어려웠지만
너의 이름조차 내겐 특별하니까
오직 너에게만 말할게
널 마주 보고서 
 
반대 반대 반대 반대
반대 반대가 끌린 이유는
어떤 순간에도 우린 하나이니까 
그거면 충분해 난 
있잖아 오늘부터
내가 S면 넌 나의 N이 되어줘",https://ai-vocal-training.s3.ap-northeast-2.amazonaws.com/album_cover/TWS 투어스_내가 S면 넌 나의 N이 되어줘.jpg,2024.06.24
Super Shy,NewJeans,"I’m super shy, super shy
But wait a minute while I
Make you mine, make you mine
떨리는 지금도 
You’re on my mind 
All the time
I wanna tell you but I’m
Super shy, super shy 

I’m super shy, super shy
But wait a minute while I
Make you mine, make you mine
떨리는 지금도 
You’re on my mind 
All the time
I wanna tell you but I’m
Super shy, super shy 

And I wanna go out with you 
Where you wanna go? (Huh?) 
Find a lil spot
Just sit and talk
Looking pretty
Follow me
우리 둘이 나란히 
보이지? (봐) 
내 눈이 (heh) 
갑자기 
빛나지 
When you say 
I’m your dream 

You don’t even know my name 
Do ya?
You don’t even know my name 
Do ya-a?
누구보다도

I’m super shy, super shy
But wait a minute while I
Make you mine, make you mine
떨리는 지금도 
You’re on my mind 
All the time
I wanna tell you but I’m
Super shy, super shy

I’m super shy, super shy
But wait a minute while I
Make you mine, make you mine
떨리는 지금도 
You’re on my mind 
All the time
I wanna tell you but I’m
Super shy, super shy 

나 원래 말도 잘하고 그런데 왜 이런지 
I don’t like that
Something odd about you
Yeah you’re special and you know it
You’re the top babe 

I’m super shy, super shy
But wait a minute while I
Make you mine, make you mine
떨리는 지금도 
You’re on my mind 
All the time
I wanna tell you but I’m
Super shy, super shy

I’m super shy, super shy
But wait a minute while I
Make you mine, make you mine
떨리는 지금도 
You’re on my mind 
All the time
I wanna tell you but I’m
Super shy, super shy 

You don’t even know my name 
Do ya?
You don’t even know my name 
Do ya-a?
누구보다도
You don’t even know my name 
Do ya?
You don’t even know my name 
Do ya-a?",https://ai-vocal-training.s3.ap-northeast-2.amazonaws.com/album_cover/NewJeans_Super Shy.jpg,2023.07.07
Get A Guitar,RIIZE,"If you want something
to play with get a guitar
너와 내 느낌대로
Make it 시작해 봐
발 박자를 맞추고
손은 Snapping like
one two five
모두 집중해 줘
When I play the guitar
Cause I know you know

Ooh baby ooh
I love it 너와 맞추는 눈
Ooh baby ooh
I love it 너와 맞추는 춤
Rhythm 속에 그려보는 햇살
가득 담은 꿈 In my heart
Tell me while

You play me like dun dun dun
Still I love it 너와 맞추는 눈
Baby dun dun dun
Still I love it 너와 맞추는 춤

Get get get get a guitar
Get get get get a guitar
Get get get get a guitar
Get get get get a guitar

If you want something
to play with get a guitar
가볍게 툭
어깨에 메고 시작해 봐
불타오를 Love and youth
외치는 순간 Feel the vibe
맘이 가는 대로
Play it get a guitar
Cause I know you know

Ooh baby ooh
I love it 너와 맞추는 눈
Ooh baby ooh
I love it 너와 맞추는 춤
Rhythm 속에 그려보는 햇살
가득 담은 꿈 In my heart
Tell me while

You play me like dun dun dun
Still I love it 너와 맞추는 눈
Baby dun dun dun
Still I love it 너와 맞추는 춤

Ooh baby ooh
I love it 너와 맞추는 눈
Ooh baby ooh
I love it 너와 맞추는 춤
네가 원하던 그 순간
다른 생각들은 다 벗어나
Tell me while

You play me like dun dun dun
Still I love it 너와 맞추는 눈
Baby dun dun dun
Still I love it 너와 맞추는 춤

Get get get get a guitar
Get get get get a guitar
Get get get get a guitar
Get get get get a guitar

Get get get get a guitar",https://ai-vocal-training.s3.ap-northeast-2.amazonaws.com/album_cover/RIIZE_Get A Guitar.jpg,2023.09.04
MEOW,MEOVV (미야오),"(MEOW)

이유 없어 난 생긴 대로 chic
Now you speak French
Talkin’ ‘bout we

아무리 날 불러봐
Oh please
가는 길이 달라
Can’t keep up with me
Try and match my energy

침묵 끝에 터지는 roarin’
막 타기 시작했어 keep burnin’

홀린 듯이
Dancin’ on the table, table
Tell ‘em I’m
Pullin’ up
On sight
We’ll make ‘em

(MEOW)
With my girls
We gon’ shake sumn
(MEOW)
We don’t run
We don’t chase ‘em

Turn it up
Hear dat bass drum

Wons and yens and dollars
Comma comma comma

Bring ‘em
Shake sumn
Ah ah
Break sumn

Wons and yens and dollars
Comma comma comma

암만 막아 봐라
I can do it all night
It look easy, don’t it

Make ‘em all tongue-tied
날카로운 side eye
바로 여기 접수 we own it

고요하게 높이 뛰어
닿지 않을 곳까지

Nothin’ else on my mind
When I’m on my grind
No, I ain’t got time

침묵 끝에 터지는 roarin’
막 타기 시작했어 keep burnin’

홀린 듯이
Dancin’ on the table, table
Tell ‘em I’m
Pullin’ up
On sight
We’ll make ‘em

(MEOW)
With my girls
We gon’ shake sumn
(MEOW)
We don’t run
We don’t chase ‘em

Turn it up
Hear dat bass drum

Wons and yens and dollars
Comma comma comma

Bring ‘em
Shake sumn
Ah ah
Break sumn

Wons and yens and dollars
Comma comma comma",https://ai-vocal-training.s3.ap-northeast-2.amazonaws.com/album_cover/MEOVV 미야오_MEOW.jpg,2024.09.06
밤양갱,비비 (BIBI),"떠나는 길에 니가 내게 말했지
‘너는 바라는 게 너무나 많아
잠깐이라도 널 안 바라보면
머리에 불이 나버린다니까’
나는 흐르려는 눈물을 참고
하려던 얘길 어렵게 누르고
‘그래 미안해’라는 한 마디로
너랑 나눈 날들 마무리했었지

달디달고 달디달고 달디단 밤양갱 밤양갱
내가 먹고 싶었던 건 달디단 밤양갱 밤양갱이야

떠나는 길에 니가 내게 말했지
‘너는 바라는 게 너무나 많아’
아냐 내가 늘 바란 건 하나야
한 개뿐이야 달디단 밤양갱

달디달고 달디달고 달디단 밤양갱 밤양갱
내가 먹고 싶었던 건 달디단 밤양갱 밤양갱이야

상다리가 부러지고
둘이서 먹다 하나가 쓰러져버려도
나라는 사람을 몰랐던 넌

떠나가다가 돌아서서 말했지
‘너는 바라는 게 너무나 많아’
아냐 내가 늘 바란 건 하나야
한 개뿐이야 달디단 밤양갱",https://ai-vocal-training.s3.ap-northeast-2.amazonaws.com/album_cover/비비 BIBI_밤양갱.jpg,2024.02.13
CRAZY,LE SSERAFIM (르세라핌),"Act like an angel and dress like crazy 
All the girls are girling girling
All the girls are girling girling
All the girls are girling girling 
All the girly girls 

Da da da da da da da da da da da da da 
Act like an angel and dress like crazy 
Da da da da da da da da da da da da da 

Ya 내 심장에 강림
넌 CPR같이
손대면 like 피카츄
백만 볼트 전기 it’s pumping 

I'm an otaku bestie 
미쳐 that candy's sassy 
뉴런의 체계를 갱신
내 머릿속 감옥 탈옥했지 

갈릴레오
스스로 심판해 매일
뇌속에선
적당히 미치라 했지
Why can’t you stop?
몰라 육하원칙 따윈 제길 난 그런 재질 
내 답은 make me super CRAZY 

Crazy crazy crazy crazy
Crazy crazy crazy crazy
Crazy crazy crazy crazy
Act like an angel and dress like crazy 

Da da da da da da da da da da da da da
Act like an angel and dress like crazy 
Da da da da da da da da da da da da da 
Da da da da da 

All the girls are girling girling 
All the girls are girling girling 
All the girls are girling girling 
All the girly girls 

All the girls are girling girling 
All the girls are girling girling 
All the girls are girling girling 
All the girly girls 

Back in the days 미침에 미치지 못했던 me 
더이상 내 끌림 앞에 거짓 증언은 않지
무슨 의미 또 무슨 가치 가능과 불가능 이젠 다 쉿 
Yeah me and my girls
우린 눈이 멀 것을 알아도 저 태양에 kiss 

갈릴레오
스스로 심판해 매일
뇌속에선
적당히 미치라 했지
Why can’t you stop?
몰라 육하원칙 따윈 제길 난 그런 재질 
내 답은 make me super CRAZY 

Crazy crazy crazy crazy
Crazy crazy crazy crazy
Crazy crazy crazy crazy
Act like an angel and dress like crazy 

Da da da da da da da da da da da da da 
Act like an angel and dress like crazy 
Da da da da da da da da da da da da da 
Da da da da da 

All the girls are girling girling 
All the girls are girling girling 
All the girls are girling girling 
All the girly girls 

All the girls are girling girling 
All the girls are girling girling 
All the girls are girling girling 
All the girly girls",https://ai-vocal-training.s3.ap-northeast-2.amazonaws.com/album_cover/LE SSERAFIM 르세라핌_CRAZY.jpg,2024.08.30
Spicy,aespa,"Uh Uh Too Spicy
You want my A to the Z
But you won’t 어림없지
맞혀봐 Sweet 또는 Freak
What’s hiding underneath
(I see)
망설이듯 간 보는 너
기회는 없어 Oh
Nah You won’t get it
No No, You won’t get it
I say
깜빡 한순간
끌어당겨
You’ll be mine (Mine)
살짝 다가와
Can cross my borderline
(Line Line Line)
널 따분하게 했던 Every day
흥미로운 덫을 던져줄게
뛰어들어 봐
Just right now
'Cause I’m too Spicy
for your heart
Ring the fire alarm
심장을 파고들어 넌
I'm too Spicy
번지는 자극 속에 넌
바로 그 순간
또 다른 나를 발견해
I’m too Spicy too too
I’m too Spicy
Don’t Stop 겁내지 마
Bang Bang 외쳐봐
I’m too Spicy
Yeah I’m too Spicy
You know that I
Don’t Stop 용기 내 봐
Next step, Myself
I’m too Spicy
Too Spicy too too
I’m too Spicy
Tell me what you see
When you look at me
'Cause I am a 10
out of 10 honestly
기세가 다른 Move
널 압도하는 Groove
But you keep wasting
your time Dude
Don't chase me
경고해 난
Erase me
멀리 달아나
Hey 이젠 알겠니
원래부터 Bad I’m so bad honestly
So bad
전부 가질래
지금부턴
Call you mine (Mine)
도망칠 거면
Don’t cross my borderline
(Line Line Line)
늘 뻔하기만 했던 Every day
이제 그만 Rule을 벗어날 때
어렵지 않아
Just right now
'Cause I’m too Spicy
for your heart
Ring the fire alarm
심장을 파고들어 넌
I'm too Spicy
번지는 자극 속에 넌
바로 그 순간
또 다른 나를 발견해
I’m too Spicy too too
I’m too Spicy
Ready? Uh
좀 더 강도를 높여
다음다음다음
One of a kind
우린 한계를 앞서
Wow Wow Wow
That’s Right
'Cause I’m too Spicy
for your heart
Ring the fire alarm
새로운 도전 끝에 넌
I'm too Spicy
변화할 시간이야 넌
지금 이 순간
또 다른 나를 찾아내
I’m too Spicy too too
I’m too Spicy
Don’t Stop 겁내지 마
Bang Bang 외쳐봐
I’m too Spicy
Yeah I’m too Spicy
You know that I
Don’t Stop 용기 내 봐
Next step, Myself
I’m too Spicy
I’m too Spicy
I’m too Spicy too too
I’m too Spicy
'Cause I
Oh Yeah
Yeah I’m too Spicy
for your heart
(Yeah I’m too Spicy
for your heart)
마침내 번져오는 Joy
(Enjoy joy joy joy)
Yeah I’m too Spicy
for your heart
I’m too Spicy too too
I’m too Spicy
For you",https://ai-vocal-training.s3.ap-northeast-2.amazonaws.com/album_cover/aespa_Spicy.jpg,2023.05.08
Love Lee,AKMU (악뮤),"You know
내 스타일이 아닌 음악을 들어도
You know
좋아하지 않는 음식을 먹어도
우산 없이 비가 와 홀딱 다 젖어도 좋아
I love it because I love you

우리 관계 디비디비딥
매일 봐도 처음같이 비기비기닝
춤추고 싶어 빌리빌리진
우리 앞 우리 옆 시기시기질투
자유로운 날갯짓 훨훨훨
꽃송이가 나를 삼킬 걸
알면서 난 뛰어들었어 
Jump j-j-jump jump jump jump

So lovely day so lovely
Errday with you so lovely
Du durudu durudu du durudu

Spell L.o.v.e.L.e.e
이름만 불러도 you can feel me
눈빛만 봐도 알면서 my love

You know
아끼는 옷에 coffee를 쏟아도
You know
내가 준 목걸이를 잃어버려도
한 번 더 같은 것 사준 걸 다시 또 잃어도 좋아
I don't care I just care about you

여기 어때 how you like that
다 퍼주고 될게 빈털터리
Jubilate 박수갈채
안 반하고 누가 배겨 love sick
비타민 U가 필요해
만들어줘 샛노랗게
체크무늬 벌집 두 눈에
Honey help honey help

So lovely day so lovely
Errday with you so lovely
Du durudu durudu du durudu

Spell L.o.v.e.L.e.e
이름만 불러도 you can feel me
눈빛만 봐도 알면서 my love

누구 사랑 먹고 그리 이쁘게 컸니
Mommy or your daddy or them both
Lovey-dovey things 너의 곁에 everyday
Good morning good night
너의 이름 부를 때

So lovely day so lovely
Errday with you so lovely
Du durudu durudu du durudu

Spell L.o.v.e.L.e.e
이름만 불러도 you can feel me
눈빛만 봐도 알면서 my love",https://ai-vocal-training.s3.ap-northeast-2.amazonaws.com/album_cover/AKMU 악뮤_Love Lee.jpg,2023.08.21
LOVE DIVE,IVE (아이브),"네가 참 궁금해 그건 너도 마찬가지
이거면 충분해 쫓고 쫓는 이런 놀이
참을 수 없는 이끌림과 호기심 
묘한 너와 나 두고 보면 알겠지

Woo 눈동자 아래로
Woo 감추고 있는 거
Woo yeah It’s so bad It’s good 
난 그 맘을 좀 봐야겠어

Narcissistic, my god I love it
서로를 비춘 밤
아름다운 까만 눈빛 더 빠져 깊이
(넌 내게로 난 네게로) 
숨 참고 love dive

Woo lalalalalalala
Woo 어서 와서 love dive
Woo oh perfect sacrifice yeah
숨 참고 love dive

마음은 이렇게 알다가도 모르지
사랑이라는 건 한순간에 필 테니
직접 들어와 두 눈으로 확인해
내 맘 가장 깊은 데로 오면 돼

Woo 망설일 시간은
Woo 3초면 되는 걸
Woo yeah It’s so bad It’s good 
원하면 감히 뛰어들어

Narcissistic, my god I love it
서로를 비춘 밤
아름다운 까만 눈빛 더 빠져 깊이
(넌 내게로 난 네게로) 
숨 참고 love dive

Woo lalalalalalala
Woo 어서 와서 love dive
Woo oh perfect sacrifice yeah
숨 참고 love dive

숨 참고 love dive 
숨 참고 love dive
숨 참고 love dive
숨 참고 love dive

Woo lalalalalalala
Woo 어서 와서 love dive
Woo oh perfect sacrifice yeah
숨 참고 love dive",https://ai-vocal-training.s3.ap-northeast-2.amazonaws.com/album_cover/IVE 아이브_LOVE DIVE.jpg,2022.04.05
퀸카 (Queencard),i-dle (아이들),"Hey you
뭘 보니? 내가 좀 Sexy Sexy 반했니
Ye you
뭐 하니? 너도 내 Kiss Kiss 원하니
월 화 수 목 금 토 일 미모가 쉬지를 않네
머리부터 발끝까지 눈부셔 빛이 나네
Oh 저기 언니야들 내 Fashion을 따라 하네
아름다운 여자의 하루는 다 아름답네
이 Party에 준비된 Birthday cake
태어나서 감사해 Every day
I don’t need them
그래 내가 봐도 난
퀸카 I’m hot
My boob and booty is hot
Spotlight 날 봐
I’m a star star star
퀸카 I’m the top
I’m twerking on the runway
I am a 퀸카
You wanna be the 퀸카
I’m a 퀸카
I’m a 퀸카
I’m a I’m a I’m a 퀸카
I’m a 퀸카 (Take a photo)
I’m a 퀸카
I’m a 퀸카
I’m a I’m a I’m a 퀸카
I’m a 퀸카
Look so cool look so sexy
like Kim Kardashian
Look so cute look so pretty like Ariana
I wanna with you 뽀뽀
I wanna with you 포옹
자꾸 예뻐져 거울 속 너어~
이 Party에 준비된 (Blue) Champagne
태어난 걸 축하해 Every day
I don’t need them
그래 내가 봐도 난
퀸카 I’m hot
My boob and booty is hot
Spotlight 날 봐
I’m a star star star
퀸카 I’m the top
I’m twerking on the runway
I am a 퀸카
You wanna be the 퀸카
I’m a 퀸카
I’m a 퀸카
I’m a I’m a I’m a 퀸카
I’m a 퀸카 (Take a photo)
I’m a 퀸카
I’m a 퀸카
I’m a I’m a I’m a 퀸카
I’m a 퀸카
아무거나 걸친 Girl 퀸카카카
마르거나 살찐 Girl 퀸카카카
자신감 넘치는 Girl 퀸카카카
I am a 퀸카
You wanna be the 퀸카",https://ai-vocal-training.s3.ap-northeast-2.amazonaws.com/album_cover/i-dle 아이들_퀸카 Queencard.jpg,2023.05.15
Perfect Night,LE SSERAFIM (르세라핌),"Me and my girlies
We gon party til its early
Got me feeling otherworldly tonight
Caught in some traffic
But the radio is blasting
Drop a red light and we’ll sing it goodbye
Ooh
By the morning, feel like magic
I got all I need you know nothing else can beat
The way that I feel when I’m dancing with my girls
Perfect energy yeah we flawless yeah we free
There’s no better feeling in the whole wide world
Tonight
I don’t care what’s wrong or right
Don’t start blowing up my line
I’d care at 11:59
But nothing counts after midnight
Come and take a ride with me
I got a credit card and some good company
Some come through
Make the fit real good
Why you still stuck on loading
Waiting on you babe
Ooh
Night to morning, live slow motion
I got all I need you know nothing else can beat
The way that I feel when I’m dancing with my girls
Perfect energy yeah we flawless yeah we free
There’s no better feeling in the whole wide world
Tonight
I don’t care what’s wrong or right
Don’t start blowing up my line
I’d care at 11:59
But nothing counts after midnight
Ooh
By the morning, feel like magic
I got all I need you know nothing else can beat
The way that I feel when I’m dancing with my girls
Perfect energy yeah we flawless yeah we free
There’s no better feeling in the whole wide world
Tonight
I don't care what’s wrong or right
Don’t start blowing up my line
I’d care at 11:59
Don’t start blowing up my line",https://ai-vocal-training.s3.ap-northeast-2.amazonaws.com/album_cover/LE SSERAFIM 르세라핌_Perfect Night.jpg,2023.10.27
꿈,태연 (TAEYEON),"화려한 도시를
그리며 찾아왔네
그곳은 춥고도 험한 곳
여기저기 헤매다
초라한 문턱에서
뜨거운 눈물을 먹는다

머나먼 길을 찾아 여기에
꿈을 찾아 여기에
괴롭고도 험한 이 길을 왔는데
이 세상 어디가 숲인지
어디가 늪인지
그 누구도 말을 않네

사람들은 저마다
고향을 찾아가네
나는 지금 홀로 남아서
빌딩 속을 헤매다
초라한 골목에서
뜨거운 눈물을 먹는다

저기 저 별은 나의 마음 알까
나의 꿈을 알까
괴로울 땐 슬픈 노래를 부른다
슬퍼질 땐 차라리 나 홀로
눈을 감고 싶어
고향의 향기 들으면서

저기 저 별은 나의 마음 알까
나의 꿈을 알까
괴로울 땐 슬픈 노래를 부른다
이 세상 어디가 숲인지
어디가 늪인지
그 누구도 말을 않네

슬퍼질 땐 차라리 나 홀로
눈을 감고 싶어
고향의 향기 들으면서
고향의 향기 들으면서",https://ai-vocal-training.s3.ap-northeast-2.amazonaws.com/album_cover/태연 TAEYEON_꿈.jpg,2023.12.17
Girls Never Die,tripleS (트리플에스),"다시 해보자

La La La La La La La
끝까지 가볼래 포기는 안 할래 난
La La La La La La La
쓰러져도 일어나
We Go, We High, Go Now
La La La La La La La
Girls Never Die 절대 Never Cry

세상은 늘 화려한 꿈 내 눈이 멀게
눈부셔 Shine Better
난 여기 보이지 않겠지 점점
초라한 내가 싫어
날 보이기도 싫어

짙게 화장했던 이유 
필터 꼈던 이유 알겠니 
이젠 알겠니

La La La La La La La
끝까지 가볼래 포기는 안 할래 난
La La La La La La La
쓰러져도 일어나
We Go, We High, Go Now
La La La La La La La
Girls Never Die 절대 Never Cry

비켜봐 봐 비켜 핑계는
우린 본질 속에 진주가 될래
꿈의 난이도 좀 더 난 높일게
고통 시련 다듬어 내가 될게

I’m Just
이제 조금 알겠어
I Shine
왜 날 힘들게 울게만 둔 건지
Hold Me Closer Broken Myself

La La La La La La La
끝까지 가볼래 포기는 안할래 난
La La La La La La La
쓰러져도 일어나
We Go, We High, Go Now
La La La La La La La
Girls Never Die 절대 Never Cry

날 따라와 달라진 날
하나가 되자
너의 꿈이 내가 되고
우리 함께 꾸는 꿈

두려움 따위다 
함께 있다면은
이제 무서울 것 없지

다시 해볼까

La La La La La La La
끝까지 가볼래 포기는 안 할래 난
La La La La La La La
쓰러져도 일어나
We Go, We High, Go Now
La La La La La La La
Girls Never Die 절대 Never Cry

La La La La La La La
Girls Never Die 절대 Never Cry
La La La La La La La
끝까지 가볼래 포기는 안 할래
We Go, We High, Go Now
La La La La La La La
Girls Never Die 절대 Never Cry",https://ai-vocal-training.s3.ap-northeast-2.amazonaws.com/album_cover/tripleS 트리플에스_Girls Never Die.jpg,2024.05.08
SHEESH,BABYMONSTER,"Da la lun dun
Da la lun dun
Da la lun dun

BABY I’mma MONSTER

Mano a mano
I see you in slow mo’
You know you’re in trouble
Ooh hoo hoo hoo

발버둥 쳐봐
어차피 손바닥
위에서 못 나가
You know that

눈을 뜬 순간
피어나
All eyes on me
불을 질러라

Do or die
On my life
Yeah you ain’t seen nothing yet

Got them all going
Sheesh Sheesh
Sheesh Sheesh Sheesh yeah

B.A.B.Y.M.O.N
Sheesh Sheesh
Sheesh Sheesh Sheesh yeah
Got them all going

Yo hold on 쉿
걍 들이부어라 네 달팽이관에
이건 네 귀에 줄 축복
음악에 맞춰 걍 춤 춰 

히비리 합 합 boom boom pow
분위기 타올라 너네들 눈 돌아
띵하니 적잖이 충격일 거야

Crown this queen
홈런은 쳤고 내 다음은 위
어중이떠중이 중간 아님
날 보고 닫혔던 입들 say
Sheesh Sheesh Sheesh

You know what it is
I be running this
Pull up in a ghost
Peek a peek a boo hoo
Vroom vroom
너네 심장에 박동이 pump pump pop
Pedal to the metal
Click clack click 
Put’em up to the sky
High high high high

눈을 뜬 순간
피어나
All eyes on me
불을 질러라

Do or die
On my life
Yeah you ain’t seen nothing yet

Got them all going
Sheesh Sheesh
Sheesh Sheesh Sheesh yeah

B.A.B.Y.M.O.N
Sheesh Sheesh
Sheesh Sheesh Sheesh yeah
Got them all going

마음껏 웃어봐
이젠 내 차례니까

천천히 불태워 네가 잠든 사이

Time’s up
올라가 올라가 더

꼭대기 꼭대기로
하늘 위 하늘 위로

Fly away
온 세상을 뒤집어
Come on let’s ride 

BABY I’mma MONSTER

B A B Y M O N
Tell a friend tell a friend tell a friend
B A B Y M O N
Tell a friend tell a friend tell a friend

Let's go
Jump jump and let it go
Watch out we on a roll 
Rum pump pump pump it up then

Jump jump and let it go
Watch out we on a roll 
Rum pump pump pump it up then",https://ai-vocal-training.s3.ap-northeast-2.amazonaws.com/album_cover/BABYMONSTER_SHEESH.jpg,2024.04.01
OMG,NewJeans,"이 노래는 it’s about you baby
Only you
You you you
You you you you
내가 힘들 때
울 것 같을 때
기운도 이젠
나지 않을 때
It’s you 날 걱정하네
It’s you 날 웃게하네
말 안 해도 돼
Boy what do you say
(They keep on asking me, ""who is he?"") 
멀리든 언제든지 달려와
(They keep on asking me, ""who is he?"") 
바쁜 척도 없이 넌 나타나
(They keep on asking me, ""who is he?"") 
이게 말이 되니 난 물어봐
(They keep on asking me, ""who is he?"") 
너는 말야
He’s the one that’s living in my system baby
Oh my oh my God
예상했어 나
I was really hoping
That he will come through
Oh my oh my God
단 너뿐이야
Asking all the time about what I should do
No I can never let him go
너만 생각나 24
난 행운아야 정말로 I know, I know
널 알기 전까지는 나
의미 없었어 전부 다
내 맘이 끝이 없는 걸 I know, I know
I’m going crazy right?
어디서든
몇 번이든
There ain’t nothing else that I would hold on to
I hear his voice
Through all the noise
잠시라도 내 손 놓지 마 no, no
걱정 없잖아
‘Cause I got someone
혼자라도 괜찮아
‘Cause I love someone
(They keep on asking me, ""who is he?"") 
멀리든 언제든지 달려와
(They keep on asking me, ""who is he?"") 
바쁜 척도 없이 넌 나타나
(They keep on asking me, ""who is he?"") 
이게 말이 되니 난 물어봐
(They keep on asking me, ""who is he?"") 
너는 말야
He’s the one that’s living in my system baby
Oh my oh my God
예상했어 나
I was really hoping
That he will come through
Oh my oh my God
단 너뿐이야
Asking all the time about what I should do
No I can never let him go
너만 생각나 24
난 행운아야 정말로 I know, I know
널 알기 전까지는 나
의미 없었어 전부 다
내 맘이 끝이 없는 걸 I know, I know
너와 나
My heart is glowing
It’s glowing up
너랑만 있으면 무서울 게 없어
가득 메워진, 다 메워진 (붉어진)
My heart is glowing, it’d be glowing
‘Cause he
Oh my oh my God
예상했어 나
I was really hoping
That he will come through
Oh my oh my God
단 너뿐이야
Asking all the time about what I should do
No I can never let him go
He’s right there for me 24
난 행운아야 정말로 I know, I know
널 알기 전까지는 나
의미 없었어 전부 다
어떡해
My heart is glowing, it’s glowing
My heart is glowing up
So I can’t sleep at night",https://ai-vocal-training.s3.ap-northeast-2.amazonaws.com/album_cover/NewJeans_OMG.jpg,2023.01.02
위태로울걸,오반(OVAN),"what should I do
너에게 묻고 싶어
여전히 그 자리인 것처럼
깨어날 수 없는 날 두고 가네
어른이 되는 것처럼

너희 어머니의 빨간 마티즈 안에서도 우린 좋았어
내 뮤직비디오 한 장면같이 어리석어도 사랑했어
그때 옥상 위에서 담밸 같이 피웠던 우리는 변했어
왜 그때보다 못 사랑을 받지 여전히 위태로울 걸
새벽같이 찾아갈게 매일 아픈 너를 위해 약도 사서 1층에서 기다려
번쩍이는 거릴 산책 특별해지네 우리 오늘 이 도시만큼 취하면
날 아무렇게 안아두 돼 망가질 건 알지만 우리에게는 지금뿐이야
새벽 두시 노래방 널 위한 concert 두 번 세 번 어느새 너의 입 맞춤 woah
how can i be without you
아직도 너의 꿈속에 있네

what should I do
너에게 묻고 싶어
여전히 그 자리인 것처럼
깨어날 수 없는 날 두고 가네
어른이 되는 것처럼

난 까먹었어 감정에 솔직해지는 법 내게 다시 돌아와서 알려줘
내 마음 내 가사들 차게 식은 걸 눈물은 얼었어 깨질 것 같아
이랬다 가도 저렇게 바뀌는 걸 그냥 네 품 안에서 눈 감겨줘
난 감정도 없이 표정도 없이 널 사랑이라 부른다
우린 노래를 틀고 춤을 추다가 집에 불을 낸다며 싸우다가
서로를 욕하면서 막 웃다가 결국 다시 볼을 쓰다듬다가
다신 안 볼 것처럼 다루다가 아름다운 궤변을 나누다가
서로에게 서로를 가두다가 잠든다

what should do
너에게 묻고 싶어
여전히 그 자리인 것처럼
깨어날 수 없는 날 두고 가네
어른이 되는 것처럼

하나 둘 셋 켜지네
이제 일어나야 해
악몽이 되기 전에
하나 둘 셋 꺼지네
그댄 눈 감은 곳에
난 깨어나지를 못하네

what should do
너에게 묻고 싶어
여전히 그 자리인 것처럼
깨어날 수 없는 날 두고 가네
어른이 되는 것처럼",https://ai-vocal-training.s3.ap-northeast-2.amazonaws.com/album_cover/오반OVAN_위태로울걸.jpg,2024.08.29
Live My Life,aespa,"Bye 따분한
고지식한
그런 사고방식
Say 솔직한 마음만
너를 속이진 마

You and me
다른 꿈을
그릴 뿐이지
But you and me
Keep believing

I Live My Life
이제 난
틀에 맞춰진
규칙 깨버려
뻔한 네 사고방식
I Live My Life
이제부터가
시작이야
내가 선택한
삶의 주인공은 나

기대해
Live My Life
새롭게
Live My Life
Oh 힘차게
Live My Life
외쳐봐
Live My Life

Keep
빛나는 Eyes
Better idea
자신 있는 표정
Lightly
움직이는 변화
Make it a new thing
그래 또 다른
시작이야

You and me
다른 꿈을
꾸는 듯했지
But you and me
Keep believing

I Live My Life
이제 난
틀에 맞춰진
규칙 깨버려
뻔한 네 사고방식
I Live My Life
이제부터가
시작이야
내가 선택한
삶의 주인공은 나

기대해
Live My Life
(때론 힘들어도)
새롭게
Live My Life
(나에게 찾아오는 소중한 Light)
Oh 힘차게
Live My Life
(Don’t give up 자신을 믿어)
외쳐봐
Live My Life
(소중한 Your life)

시간은 멈출 수 없잖아
Life’s too short
No more,
I don’t care
구속하지 말아줘
인생에 정답이란 없어
You know best
You just live your life
나답게 난 살 거야

I Live My Life
이제 난
두렵지 않아
주저하지 마
Life is like a miracle
I Live My Life
이제부터가
진짜야
내가 행복할
삶의 주인공은 나

기대해
Live My Life
새롭게
Live My Life
Oh 힘차게
Live My Life
외쳐봐
Live My Life

Life",https://ai-vocal-training.s3.ap-northeast-2.amazonaws.com/album_cover/aespa_Live My Life.jpg,2024.05.27
Nice Guy,BOYNEXTDOOR,"Don't be such a wuss
Seoul is mine tonight
Let's rizz up all night
서론이 길었나
“Want to kiss you right now”
I’ll get you all night

나를 소개할게 nice guy, fresh guy of the night
모두가 네게 말해 better watch out girl
간지러운 나의 목소리
허수아비도 make wavy
타고난 끼가 운명인가 봐

Look at my eyes
Look at my line, my girl
You like it right?
Oh no no no
Look at my eyes
Look at my line, my girl
You like me right?
No no no

They say
“I can’t take my eyes off you”
미치겠지 시크한 말투
너만의 사람은 어렵구
빨리 말해줘 yes or no no no no
친구들이 파티에 얼굴만 비춰달라네 
Sorry 이제 뭐 딱히 재미가 없어서

Nice guy, fresh guy 맞지 right?
안 넘어오고는 못 배긴다니까
섹시한 나의 눈빛에
넘어와 my shawty
Oh baby baby I'm busy tonight

Look at my eyes
Look at my line, my girl
You like it right?
Oh no no no
Look at my eyes
Look at my line, my girl
You like me right?
No no no

망설이지 말고 냉큼 말해봐
You’ll say it “I love you”
Baby baby please
Please don’t go away 할거지?
I want it too

Look at my eyes (Eyes)
Look at my line, my girl (Line, my girl)
You like it right? (Come on baby)
Oh no no no (No no no)
Look at my eyes
(Don’t we look lovely? You know it)
Look at my line, my girl 
You like me right?
No no no

Now I’m feelin’ like
Oh ah
Hey my girlfriend
뜸 들이지 마요
Ayy baby
Oh ah
Hey my girlfriend 
Come on over
You know that what I‘m saying
Good night baby",https://ai-vocal-training.s3.ap-northeast-2.amazonaws.com/album_cover/BOYNEXTDOOR_Nice Guy.jpg,2024.09.09
숲,최유리,"난 저기 숲이 돼볼게 
너는 자그맣기만 한 언덕 위를 
오르며 날 바라볼래 
나의 작은 마음 한구석이어도 돼 
길을 터 보일게 나를 베어도 돼 
날 지나치지 마 날 보아줘 
나는 널 들을게 이젠 말해도 돼 
날 보며 
아 숲이 아닌 바다이던가 
옆엔 높은 나무가 있길래 
하나라도 분명히 하고파 난 이제 
물에 가라앉으려나 
난 저기 숲이 돼볼래 
나의 옷이 다 눈물에 젖는대도 
아 바다라고 했던가 
그럼 내 눈물 모두 버릴 수 있나 
길을 터 보일게 나를 베어도 돼 
날 밀어내지 마 날 네게 둬 
나는 내가 보여 난 항상 나를 봐 
내가 늘 이래 
아 숲이 아닌 바다이던가 
옆엔 높은 나무가 있길래 
하나라도 분명히 하고파 난 이제 
물에 가라앉으려나 
나의 눈물 모아 바다로만 
흘려보내 나를 다 감추면 
기억할게 내가 뭍에 나와있어 
그때 난 숲이려나",https://ai-vocal-training.s3.ap-northeast-2.amazonaws.com/album_cover/최유리_숲.jpg,2022.08.24
그녀가 웃었다,DAY6 (데이식스),"왜 하필 매번 매번 너와 마주칠 땐
난 왜 이렇게 바보 같은지
직진만 계속 해도 될까 말까 한데
답답한 짓만 골라 하는지

바람은 차가워지는데
마음은 계속 타들어 가
지금 하는 말에 귀 기울여 줘 
Oh let me tell you
How much I want you baby

수많은 별들이 
한없이 쏟아지던 가을밤 
수줍게 뱉은
널 좋아해 이 말에 
정말 예쁘게 
그녀가 웃었다

(Yeah let me say)
내게 조금 더 조금 더
가까이 와 봐
그래 그래 그렇게 
Oh baby 
내게 그대로 그대로
품에 들어와
고갤 끄덕여 줘

다 티가 나
알고 있었잖아
너에게 향한 
이 마음을

참지 않아
망설이지 않아
Oh let me tell you
How much I want you baby

수많은 별들이 
한없이 쏟아지던 가을밤 
Oh baby baby
내게 그대로 그대로 
품에 들어와
고갤 끄덕여 줘

Take my hand
Let’s just dance
은은한 달빛 아래
너와 나 둘만의 무대

Come on and
Take my hand
Let’s just dance
이 밤에 몸을 맡긴 채
Let me give you all my love

수많은 별들이 
한없이 쏟아지던 가을밤 
수줍게 뱉은
널 좋아해 이 말에 
정말 예쁘게 
그녀가 웃었다

(Yeah let me say)
내게 조금 더 조금 더
가까이 와 봐
그래 그래 그렇게 
Oh baby 
내게 그대로 그대로
품에 들어와
고갤 끄덕여 줘",https://ai-vocal-training.s3.ap-northeast-2.amazonaws.com/album_cover/DAY6 데이식스_그녀가 웃었다.jpg,2024.09.02
MANIAC,VIVIZ (비비지),"힘껏 내팽개친 Roses 
말론 안 통하지 역시 어쩜 이리 안 변해
인정 같은 소린 됐고
이쯤에서 끝내 Let go 인내심도 Out of space

얼룩지는 Red carpet 그렇게 또 Fade away
치워줘 Scarred face 끝까지 신경 쓰여 Huh

This love is maniac maniac maniac 
But I can’t killin’ it killin’ it killin’ it
사랑 말고 다른 말론 설명할 수 없는 멜로 
It’s maniac maniac maniac

자극적 이끌림 잔인해진 Orbit
지겨운 Love-phobic yeah
그래 솔직하자 넌 지금 즐긴 거야

얼음처럼 날 선 말 부서질 듯 던져 막
심장을 푹 찌르고 또 Melted
완벽하게 Cliche 웃기지도 않는 꼴 
갈피 없이 뒤집히는 Magnet
 
답이 없는 Zero-sum game 뭐가 문제였던 건데
결국 또 미뤄진 End 이것도 재주야 Perfect

This love is maniac maniac maniac 
But I can’t killin’ it killin’ it killin’ it
사랑 말고 다른 말론 설명할 수 없는 멜로 
It’s maniac maniac

Crystal처럼 조각난 Lighting 그 아래 선 우린 
Living in a moment Bloody truth
짓이겨져 물든 Rose 결국 벗어던진 Mask 
말해 What you wanna do Woo woo ah

This love is maniac maniac maniac
And I’m okay with it okay with it okay with it
끝내 너와 나마저도 이해할 수 없는 멜로 
It’s maniac maniac maniac
 
화려한 이 Tragic 이거 사랑 맞지
영원할 Scenery yeah
그래 솔직하자 우리는 즐긴 거야
 
Never ever
It’s coming down It’s coming down 
It’s coming down
Maniac 
Yeah yeah woo woo woo",https://ai-vocal-training.s3.ap-northeast-2.amazonaws.com/album_cover/VIVIZ 비비지_MANIAC.jpg,2023.11.02
Cosmic,Red Velvet (레드벨벳),"외딴 별 그 Funny story
(It’s electric)
그 소란스런 Landing
너를 만난 별난 사건

첫 번째 별은 차가워
몇 번째 은하를 건너
멋대로 불시착한

그대란 낯선 이방인을 버려둘까
솔직히 너무 신경 쓰여
재미 삼아 놀려줄까?

Hey, what did you do to my mind?
네가 궁금해져
밤새 질문할 수도 있어
(When the stars align)

오늘 밤이 맑다면
내일 떠나겠단 너
I got a plan, just you and I

조금 더 머무르면 어때?
나의 별이 조금 외롭대
아껴둔 노래를 들려줄게
Love is Cosmic

I’m riding on your rhythm
Through the solar system
Come with me
우린 이 밤을 건너 둘이
Cosmic love

Riding your rhythm
Through the solar system
널 더 알고 싶어
Cosmic love

이런 감정 처음이라
곰곰이 생각해 봐도 물음표야
낯선 이 소동도

너에게도 내가 낯설지
외계인 보듯 보던 걸
상처받을 수도 있어

내 별의 시간은 천천히 흘러가
넌 서두르지 않아도 돼
(When the stars align)

어쩜 우린 주인 없는
꿈을 찾는 여행자
헤매이던 작은 유성

조금 더 머무르면 어때?
나의 별이 조금 외롭대
아껴둔 노래를 들려줄게
Love is Cosmic

I’m riding on your rhythm
Through the solar system
Come with me
우린 이 밤을 건너 둘이
Cosmic love

너는 성큼 다가와
그을린 손 내밀며
함께 떠나자 해
보지 못한 것들 찾자 해
I just can’t say goodnight
I can never say goodnight
‘Cause your love is Cosmic

I’m riding on your rhythm
Through the solar system
Come with me
우린 이 밤을 건너 둘이
Cosmic love

오늘 밤 떠나
숨겨진 별 찾아
이름 붙일 거야
Cosmic love

Riding your rhythm
(이 밤을 타고)
Through the solar system
널 더 알고 싶어
Cosmic love oh yeah",https://ai-vocal-training.s3.ap-northeast-2.amazonaws.com/album_cover/Red Velvet 레드벨벳_Cosmic.jpg,2024.06.24
그랬나봐,유회승 (엔플라잉),"많은 친구 모인 밤 그 속에서 늘 있던 자리에
니가 가끔 보이질 않을 때
내가 좋아했던 너의 향길 맡으며
혹시 니가 아닐까 고갤 돌려 널 찾을 때

우연히 너의 동넬 지나갈때면
어느새 니 얼굴 자꾸 떠오를 때

그랬나봐 나 널 좋아하나봐
하루하루 니 생각만 나는걸
널 보고 싶다고 잘할 수 있다고
용기내 전활걸고 싶었는데
그게 잘 안돼 바보처럼

우연히 너의 메일을 알게되면서
모니터 앞에 널 밤새 기다릴때

그랬나봐 나 널 좋아하나봐
하루하루 니 생각만 나는걸
널 보고 싶다고 잘할 수 있다고
용기내 전활걸고 싶었는데 그게 잘 안돼

말하지 못한 막막함을 너는 알고 있을까
오랫동안 기다려온 사랑 내 앞에 숨쉬고 있는걸

그랬나봐 나 널 좋아하나봐
하루하루 니 생각만 나는걸
널 보고 싶다고 잘할 수 있다고
용기내 전활걸고 싶었는데 그게 잘 안돼

넌 언제나 나를 꿈꾸게 하지
지금보다 더 좋은 남자 되고 싶다고
널 만나러 가는 이 시간 난 연습해
그토록 오랜시간 가슴속에 숨겨왔던 말
사랑해",https://ai-vocal-training.s3.ap-northeast-2.amazonaws.com/album_cover/유회승 엔플라잉_그랬나봐.jpg,2024.05.06
Accendio,IVE (아이브),"Dear priest
고백할 게 있어
피 한 방울과 tears
그저 연극일 뿐
이건 은밀한 독백
아름답지만 Born bad
예측하지 마 No way
You just talk too much

오 아름답지만 섬찟할 거야
첫인상은 강한 게 좋지
오 다정하지만 얼음장 같아
Gonna make you crazy

우 평온했던 심장이
나를 볼 때 Yeah I like that 멎을지 몰라
Now I’m changing, can’t you see?

Watch me, don't touch me 
Love me, don’t hurt me
Watch me, don't touch me
주문 걸어 아센디오

Watch me, don't touch me 
Love me, don’t hurt me
Watch me, don't touch me
주문 걸어 아센디오

손끝으로 아센디오
손끝으로 아센디오

오 절벽에서 Turn 
처음 보는 색채로 물든 동공
그 감정은 pure
그 눈빛은 love
쉽지는 않을 거야 Out of control

향기 가득 채워 둔 미로
연기 속으로 널 밀어
여섯 방울 magic syrup
And we pop into the mirror
온몸에 붙어있는 pearl
두 손가락으로 Swirl
보여줘 달콤한 curse
Let them BURN

우 평온했던 심장이
나를 볼 때 Yeah I like that 멎을지 몰라
Now I’m changing, can’t you see?

Watch me, don't touch me 
Love me, don’t hurt me
Watch me, don't touch me
주문 걸어 아센디오

Watch me, don't touch me 
Love me, don’t hurt me
Watch me, don't touch me
주문 걸어 아센디오

손끝으로 아센디오
손끝으로 아센디오

Watch me, don't touch me 
Love me, don’t hurt me
Watch me, don't touch me
주문 걸어 아센디오

Watch me, don't touch me 
Love me, don’t hurt me
Watch me, don't touch me
주문 걸어 아센디오

손끝으로 아센디오
손끝으로 아센디오",https://ai-vocal-training.s3.ap-northeast-2.amazonaws.com/album_cover/IVE 아이브_Accendio.jpg,2024.04.29
여섯 번째 여름,PLAVE,"영원을 말했죠
꿈이 아니기를
혼돈 속을 지나면
반짝일 거라고

소나기가 내려오면
이건 잠시뿐일 거야
눈이 부신 그날의 기억은
기적이니까요

좀 더 멀리멀리
닿을 수 있을까
길고 긴 여정에
마침표를 찍을 수만 있다면

마지막 땀방울의 결말은
헛된 길이 아닐 걸 잘 알아

반복되는 계절의 중간에 있어
그토록 바랬던 어둠 속의 빛을 찾고 말았어
너에게로 달려가는 이 시공간을 넘어서
닿은 이곳은 여섯 번째
여름의 시작이었단 걸
꿈꿨어

푸른 하늘, 마치 눈물 같아
날이 밝아도 결국 쏟아진다
하염없이 달려온 길 위 oh

속도를 올렸어
망설이다 전부 다 놓쳐 버릴까 또
일곱 번의 여름은 없을 거라고
끝이 없던 평행곡선
결국 같은 곳을 지나왔어

좀 더 멀리멀리
닿을 수 있을까
길고 긴 여정에
마침표를 찍을 수만 있다면

마지막 땀방울의 결말은
헛된 길이 아닐 걸 잘 알아

반복되는 계절의 중간에 있어
그토록 바랬던 어둠 속의 빛을 찾고 말았어
너에게로 달려가는 이 시공간을 넘어서
닿은 이곳은 여섯 번째
여름의 시작이었단 걸
꿈꿨어

꿈일까 꿈일까
우리 함께하는 이 순간
(꿈같아)

마법 같은 하루가
(결국엔 사라질까)

그칠까 그칠까 찬란히
반짝이던 눈물의 기적
빛나줘

반복되는 계절의 중간에 있어
그토록 바랬던 어둠 속의 빛을 찾고 말았어
너에게로 달려가는 이 시공간을 넘어서
닿은 이곳은 여섯 번째
여름의 시작이었단 걸
꿈꿨어",https://ai-vocal-training.s3.ap-northeast-2.amazonaws.com/album_cover/PLAVE_여섯 번째 여름.jpg,2023.08.24
괴물,DAY6 (데이식스),"쓰라려
칼날 같은 눈빛들에 베여서 
외로워 
몸부림을 쳐도 내 편은 없어 
 
억지로 웃어 봐도 
전혀 어울리지 않아 
저기 저 사람들과 
전혀 어울리지 않아 
 
행복함을 엿보기만 할 뿐
꿈꾸는 것조차 못해 

난 괴물이야
So nobody 
Nobody 
Wants me
외로이 떠 있는 달
깊은 밤
그 아래서 울부짖는다
 
난 괴물이야
So nobody
Nobody
Loves me
인간들의 온기가
고프다
다시 어둠 속으로 
난 기어들어 간다

나 또한 사랑을 알고
눈물을 흘리기도 
하는 그런 존재야
 
Let me in let me be let me live
대답 없는 망할 정적 속에
괴성을 지른다 

난 괴물이야
So nobody 
Nobody 
Wants me
외로이 떠 있는 달
깊은 밤
그 아래서 울부짖는다

I don't bite
멀리하지 마
Lonely night
진절머리가 나는 고독함
손을 내밀어 줘
그 순간 그대로
무너져 내릴 거야

Ooh ooh
 
난 괴물이야
So nobody
Nobody
Loves me
인간들의 온기가
고프다
다시 어둠 속으로 
난 기어들어 간다",https://ai-vocal-training.s3.ap-northeast-2.amazonaws.com/album_cover/DAY6 데이식스_괴물.jpg,2024.09.02
Midas Touch,KISS OF LIFE,"Baby, count 10 That’s all I need
단숨에 빠져들어
(Can’t go back, can’t go back)

Tick-tack, ain’t got no time
턱 끝을 겨누는 Love
(Eat your love, eat your love) 

Hey baby, I’ve been watching
널 풀어헤친 달콤한 이 Danger (Danger)
(Baby, I’ve been watching, boy)

Hey baby, I’m so toxic
위험할수록 재밌잖아 It’s alright (Alright)
(Baby, I’ve been watching, boy)

온몸이 원해 넌 나뿐인
아찔한 Lovesick 밤새 날 앓게 돼
I warned you with a single touch, boy
도망쳐봐 어차피 날 벗어날 수 없어

When I touch ya, kiss ya
You’re gon realize
(Baby, don’t you think too much)

Boy, if I touch ya, kiss ya
Watch out 순간 변해버린 눈빛
You see, I got that Midas touch

I really wanna stay all day with you
You know what we’ll be going through?
찾아봐 떨리는 이유
몸부림칠수록 Gettin’ deeper
손짓 한 번으로 Makin' you weaker and weaker

Hey baby, I’m so toxic
위험할수록 재밌잖아 It’s alright (Alright)
(You will end up in my hands my love)

온몸이 원해 넌 나뿐인
아찔한 Lovesick 밤새 날 앓게 돼
I warned you with a single touch, boy
도망쳐봐 어차피 날 벗어날 수 없어

When I touch ya, kiss ya
You’re gon realize
(Baby, don’t you think too much)

Boy, if I touch ya, kiss ya
Watch out 순간 변해버린 눈빛
You see, I got that Midas touch

(Brace! Brace!)
Ain’t gotta sugarcoat me 생각과는 다를 걸
(Brace! Brace!)
My love’s a game, I play with it 너도 원한다면
(Brace! Brace!)
Looking like a kitty cat but 아무도 감당 못 해
Once the countdown’s done You’re never gonna move, yeah

When I touch ya, kiss ya
You’re gon realize
(Baby, don’t you think too much)

Boy, if I touch ya, kiss ya
Watch out 순간 변해버린 눈빛
You see, I got that Midas touch

내게 빠져드는 손짓
You see, I got that Midas touch",https://ai-vocal-training.s3.ap-northeast-2.amazonaws.com/album_cover/KISS OF LIFE_Midas Touch.jpg,2024.04.03
네가 내 마음에 자리 잡았다 (Into You),엔플라잉 (N.Flying),"어느 날 기적처럼 스며들었다
메말랐던 내 삶의 의미가 됐다
시원한 바람처럼 내게 불어와
네가 내 마음에 자리 잡았다

Wake up in the morning 
오늘 너무 향긋해
평소보다 좀 들뜨기도 해 (Hello)
온종일 머릿속에는 너로 가득해
I know (You know)
일상 불가해 내 마음 다 줄래

어느 날 기적처럼 스며들었다
메말랐던 내 삶의 의미가 됐다
시원한 바람처럼 내게 불어와
네가 내 마음에 자리 잡았다

내 마음 다 줄래
널 향한 내 가슴이 터져 내릴 때
네가 내 마음에 자리 잡았다

Thinking all day 가끔은 어색해
난 정말 솔직한데
네 앞에 설 때 내 반응은 어때?
너밖에 못 보는 건데 
“내가 그렇게 좋아?” 하면 
넌 재밌나 봐
바보 같으면 어때 널 안아 줄래

어느 날 기적처럼 스며들었다
메말랐던 내 삶의 의미가 됐다
시원한 바람처럼 내게 불어와
네가 내 마음에 자리 잡았다

내 마음 다 줄래
널 향한 내 가슴이 터져 내릴 때
네가 내 마음에 자리 잡았다

어느새 마음에
네가 내 마음에 자리 잡았다",https://ai-vocal-training.s3.ap-northeast-2.amazonaws.com/album_cover/엔플라잉 NFlying_네가 내 마음에 자리 잡았다 Into You.jpg,2024.06.25
봄눈,10CM,"가려진 오랜 시간이
우리를 다시 불러와
어느 곳에 있어도
그 끝은 항상 너인걸

Cause I’m falling slowly love with you
오랫동안 기다려온
너는 봄이야
 
Cause I’m falling slowly love with you
다시 지워진다 해도
All my life is you
 
너라는 이야기 속에
다시 또 꿈을 꾸는 나
어떤 순간이 와도
난 너를 찾아 갈거야
 
Cause I’m falling slowly love with you
오랫동안 기다려온
너는 봄이야
 
Cause I’m falling slowly love with you
다시 지워진다 해도
All my life is you
 
꽃잎 날리던 하얀 길위에
행복했던 너와 나
다시 만날 수 있다면
 
Cause I’m falling slowly love with you
오랫동안 기다려온
너는 봄이야
 
Cause I’m falling slowly love with you
다시 지워진다 해도
All my life is you",https://ai-vocal-training.s3.ap-northeast-2.amazonaws.com/album_cover/10CM_봄눈.jpg,2024.05.14
MAESTRO,세븐틴 (SEVENTEEN),"SEVENTEEN Right here

시작하자 Tuning 맞춰볼까
하나의 음정 기준에 맞춰 Play it 
SEVENTEEN의 스케르초
아무래도 조금 특이해도 북을 치고 줄을 튕겨
DAT DA RA DAT DA RA DAT DA RA DA

상관없지 이게 Classic or new thang
또 새로운 조합은 우리 자랑이니까
Beat부터 Melody까지
Mix and match가 특기니까
미쳐야만 정상이 돼
세상을 바꾸는 우리니까

뜨거운 함성 두 배로 
서로를 바라본 채로
나팔을 울려 세계로 
You &amp; I 
You &amp; I

Accelerando
절정으로 올라가자
높은 곳에서 울리는 소나타
마에스트로의 지휘에 맞춰

LALA LALA LALA LALALA
LALA LALA LALA LALALA
LALA LALA LALA LALALA
마에스트로의 지휘에 맞춰

Good vibe 잃지 않고 가 절대
Good life 우리는 세계로
Good vibe 잃지 않고 가 절대
마에스트로의 지휘에 맞춰

리듬을 바꿨다 이렇게
Techno와 조합해 뭐든지 가능해
주문해 만들어 드릴게

이 작품의 완성을 함께할 때
비로소 하나 되는 우릴 보네
복잡한 음정과 리듬에서도
I’ll always be with you

Accelerando
절정으로 올라가자
높은 곳에서 울리는 소나타
마에스트로의 지휘에 맞춰

LALA LALA LALA LALALA
LALA LALA LALA LALALA
LALA LALA LALA LALALA
마에스트로의 지휘에 맞춰

Good vibe 잃지 않고 가 절대
Good life 우리는 세계로
Good vibe 잃지 않고 가 절대
마에스트로의 지휘에 맞춰

리듬은 DAT DA DA RAT DA
Brass는 BA BA BA RAM BA
조화로운 우리 서로를 봐

더 세게 몰아쳐 점점 더 Crescendo
마지막 악장에 템포는 A Tempo
마에스트로의 지휘에 맞춰

마에스트로의 지휘에 맞춰

LALA LALA LALA LALALA
Good vibe 잃지 않고 가 절대
LALA LALA LALA LALALA
Good life 우리는 세계로
LALA LALA LALA LALALA
Good vibe 잃지 않고 가 절대
마에스트로의 지휘에 맞춰",https://ai-vocal-training.s3.ap-northeast-2.amazonaws.com/album_cover/세븐틴 SEVENTEEN_MAESTRO.jpg,2024.04.29
삐그덕 (Walk),NCT 127,"Woah woah woah woah woah we on

난 삐그덕 삐그덕
걸음걸이 고장 나 버린 듯이 Walk
Don't care bout’ a thang
난 내 기분대로 Walk
걸음걸이 고장 난 듯이 삐그덕

누가 봐도
나처럼 난 걷지
On the beat
박자에 맞게
미끄러져 걸음이
좌우로 흔들리지
난 메트로놈의 침
늘 여유롭지
원래 내 일이 Chill

눈길을 끌지
내가 그 원인
Get out my way yuh
Cuz I’ll be bussin’
문제는 다 Pass pass
다 털어내 먼지
굳이 시간 쓰지 않지 난

난 시선을 뺏어
I see you crushin’
나는 좀 바뻐
난 Wall to wall
여유가 뱄어
언제든 난 Step in
떠나보낸 
Good good good good night

난 삐그덕 삐그덕
걸음걸이 고장 나 버린 듯이 Walk
Don't care bout’ a thang
난 내 기분대로 Walk
걸음걸이 고장 난 듯이 삐그덕

난 삐그덕 삐그덕
걸음걸이 고장 나 버린 듯이 Walk
Don't care bout’ a thang
난 내 기분대로 Walk
걸음걸이 고장 난 듯이 삐그덕

내버려둬 I just can not stop
모든 문을 두드리지 Knock knock
쏟아지는 빛, 익숙해져 난 (For real)
내 두 손에 쏟아지는 Like like

여름에도 떠는 Phone
고장 나 버려 난 삐용 삐용
비켜 내 앞에 끼지 말아 위험 위험
빨리
비켜봐 On my way
좀 더 삐걱대게
Do ma dance do ma dance
걸음마저 Step step

눈길을 끌지
내가 그 원인
Get out my way yuh
Cuz I’ll be bussin’
문제는 다 Pass pass
다 털어내 먼지
굳이 시간 쓰지 않지 난

난 시선을 뺏어
I see you crushin’
매겨 난 백 점
상을 줘 넌
여유가 뱄어
언제든 난 Step in
떠나보낸
Good good good good night

난 삐그덕 삐그덕
걸음걸이 고장 나 버린 듯이 Walk
Don't care bout’ a thang
난 내 기분대로 Walk
걸음걸이 고장 난 듯이 삐그덕

난 삐그덕 삐그덕
걸음걸이 고장 나 버린 듯이 Walk
Don't care bout’ a thang
난 내 기분대로 Walk
걸음걸이 고장 난 듯이 삐그덕

걸어 Woah woah walk
walk walk 걸어 Walk
걸어 Walk walk
걸어 Walk you know I

더 다르게 더 걸어 걸어 Walk
발바닥이 더 뜨거워 더 뜨거워
누가 뭐라던 난 이대로 Walk
난 이대로 Walk 내 길은 매끄러워

난 만들어내 Noise
내 이름을 불러대
No Matter where I go
모두 원해 Once again yeah
더 반응해 Woah
다 반응해 Woah
내 걸음이 더 뜨거워져 뜨거워

난 삐그덕 삐그덕
걸음걸이 고장 나 버린 듯이 Walk
Don't care bout’ a thang
난 내 기분대로 Walk
걸음걸이 고장 난 듯이 삐그덕

난 삐그덕 삐그덕
걸음걸이 고장 나 버린 듯이 Walk
Don't care bout’ a thang
난 내 기분대로 Walk
걸음걸이 고장 난 듯이 삐그덕
(걸어 Walk)

Ay get get out my way
부딪히다간 삐끗해
Ay get get off my lane
깜짝할 새 앞지르네

Ay get get out my way
부딪히다간 삐끗해
Ay get get off my lane
깜짝할 새 앞지르네

걸어 Woah woah walk
walk walk 걸어 Walk
걸어 Walk walk 걸어 Walk
you know I
walk walk 걸어 Walk
Ya heard",https://ai-vocal-training.s3.ap-northeast-2.amazonaws.com/album_cover/NCT 127_삐그덕 Walk.jpg,2024.07.15
Lucky Girl Syndrome,아일릿(ILLIT),"완벽한 날씨
딱 맞는 playlist
오늘의 selfie
I say I’m lucky 

세상은 chocolate
삼키자 so sweet
긍정의 치트키
Lucky girl syndrome oh 

I don’t need I don’t need I don’t need
어떤 golden ticket도
All I need all I need all I need 
내 자신을 믿는 것 
Finally finally finally
다 이뤄질 거야
매일 주문을 외워 
 
Yeah luck
Yeah I’m a lucky girl
Yeah you’re a lucky girl
Yeah we’re so lucky
Luck luck luck luck

Luck 주문을 걸어 luck 
난 정말 lucky girl
넌 정말 lucky girl girl girl girl 

찍어봐 breakfast 
선택은 best choice
도착한 crossroad 
신호는 green light 

마주친 눈에 
터진 웃음에
붙여봐 hashtag
#lucky_girl_syndrome oh 

설렘이 설렘이 설렘이
계속 차오르는 걸
I believe I believe I believe
이뤄져 믿는 대로
Finally finally finally
넌 이유를 아니? (why?)
Together you and me

Yeah luck
Yeah I’m a lucky girl
Yeah you’re a lucky girl
Yeah we’re so lucky
Luck luck luck luck

Luck 주문을 걸어 luck 
난 정말 lucky girl
넌 정말 lucky girl girl girl girl 

Oh my girl
주문을 걸어 say
That’s my girl
Lucky girl syndrome 

Oh my girl
주문을 걸어 say
That’s my girl
Lucky girl syndrome 

Yeah I’m a lucky girl",https://ai-vocal-training.s3.ap-northeast-2.amazonaws.com/album_cover/아일릿ILLIT_Lucky Girl Syndrome.jpg,2024.03.25
내가 그댈,하동균,"Every time and every day
다신 찾지 않아요
난 알고 있었죠
나를 떠나려고 
준비해 왔단 걸 그대
원망하진 않죠 이해할 수 있죠
모자란 나인 걸
알아요 그대 맘에 난 없죠
그댈 채우기엔 나란 사람
평범한 거죠
그래요 이런 날이 온 거죠
끝내 나 그대 맘에 
들지 못한 건가요
내가 그댈 놓아 볼게요
다신 찾지 않아요
우연히 그댈 보아도 
모른 척 할게요
이제 다른 사람 만나면
이러지는 말아요
이대론 그 누구도 
사랑할 수 없어요
그래요 그대 맘에 난 없죠
또 다시 그댈 만날 거라 
생각 안 해요
내가 그댈 놓아 볼게요
다신 찾지 않아요
우연히 그댈 보아도 
모른 척 할게요
이제 다른 사람 만나면
이러지는 말아요
이대론 그 누구도 
사랑할 수 없어요
나 처음 그댈 만난 설렘이
정말 정말 후회가 돼요
Every time and every day
그댈 사랑했어요
아직도 난 그래요
하지만 그댈 다시는 
찾지 않을 테죠
이제 다른 사람 만나면
이러지는 말아요
나는요 사랑할 수 없어요 이젠",https://ai-vocal-training.s3.ap-northeast-2.amazonaws.com/album_cover/하동균_내가 그댈.jpg,2024.06.23
EASY,LE SSERAFIM (르세라핌),"다친대도 길을 걸어 kiss me
쉽지 않음 내가 쉽게 easy
Stage 위엔 불이 튀어, 내 body
Pull up and I rip it up like ballet

Damn, I really make it look easy
Yuh know that I make it look easy

Clap your hands, 너도 나와 같다면 clap your hands now
의구심 따윈 그냥 치워, 그냥 말해 “I’m the real one”

조명 꺼진 뒤의 난 wander in the night
Don’t know what is right, don’t know ‘bout my rights
시기심, 의심, 불신, 이젠 friends of me, yuh
세상에게 난 반쪽짜리 seraphim, yuh

Uhm I’ve been tryin’ so long to show you show you show you 
I’m the one that you need

다친대도 길을 걸어 kiss me
쉽지 않음 내가 쉽게 easy
Stage 위엔 불이 튀어, 내 body
Pull up and I rip it up like ballet

Damn, I really make it look easy
Yuh know that I make it look easy

Yah know that I make it look easy
수면 위의 백조가 돼 whippin’
때론 풀려, 나의 다리 but I keep it
Get, set, go, come and see me, I’m the FEARLESS

나의 발걸음은 매 순간 history, 이건 my way
영웅처럼 걸어 even if I am not flawless
편하게만 왔다고?
날 몰라봤다면 you have to know

Uhm I’ve been tryin’ so long to show you show you show you 
I’m the one that you need

다친대도 길을 걸어 kiss me
쉽지 않음 내가 쉽게 easy

Stage 위엔 불이 튀어, 내 body
Pull up and I rip it up like ballet

Damn, I really make it look easy
Yuh know that I make it look easy",https://ai-vocal-training.s3.ap-northeast-2.amazonaws.com/album_cover/LE SSERAFIM 르세라핌_EASY.jpg,2024.02.19
Right Now,NewJeans,"In no mood to find another 
曖昧な関係のまま 
さあ ⾒つけにいくだけよ 
Right now, right now 
Baby I don’t 

Care about the other summer 
지금 내가 필요한 건 
もう待てない
I wanna hear it right now, right now 
Baby I don’t 

Hey 
⾔いたいなら⾔ってよ
もう私壊れそう 
더 늦지 말고 come my way, my way 

Cuz it all depends 
On the right timing
Don’t wanna close 
The door behind me 
君の声
また 
다가와봐 
Right now, right now 
Baby I’m not 

In no mood to find another 
曖昧な関係のまま 
さあ ⾒つけにいくだけよ 
Right now, right now 
Baby I don’t 

Care about the other summer 
지금 내가 필요한 건 
もう待てない
I wanna hear it right now, right now 
Baby I don’t care 

I don’t care 
I don’t care 
Right now, right now
Baby I don’t 

Hey 
チャンスは今ここに
⼀⽣モノの
Sweet romance 얼른 잡아줘 
Hold my hand, my hand 

Cuz it all depends 
On the right timing 
Don’t wanna close 
The door behind me
君の声 
また
다가와봐 
Right now, right now 
Baby I’m not 

In no mood to find another 
曖昧な関係のまま 
さあ ⾒つけにいくだけよ 
Right now, right now 
Baby I don’t 

Care about the other summer 
지금 내가 필요한 건 
もう待てない
I wanna hear it right now, right now 
Baby I don’t care 

I don’t care 
I don’t care 
Right now, right now 
Baby I don’t",https://ai-vocal-training.s3.ap-northeast-2.amazonaws.com/album_cover/NewJeans_Right Now.jpg,2024.06.21
Impossible,RIIZE,"Gimme that beat

Got me flyin’
in my dreams right now
모두가 불가능해
안 된다고 하지 왜
Can’t lose
can’t lose
can’t lose
It’s impossible

2 AM 2 AM 꿈속이 익숙한
잠든 까만 밤에도
I know you I know you
You know me 너 없인
모든 게 Impossible

한 걸음 걸음 나의 꿈에
Movin’ on movin’ on
가까워지는 너의 맘이
To be strong to be strong

Got me flyin’
in my dreams right now
모두가 불가능해
안 된다고 하지 왜
Can’t lose
can’t lose
can’t lose
It’s impossible

Got me dyin’
to realize it now
모두 너로 가능해
넌 날 완성하게 해
Without you
without you
without you
It's impossible

Just one more just one more
열어줘 Let me know
난 끝내 너의 맘을 Touchin’
하나뿐인 나의 꿈이
저 멀리 너에게 닿아
크게 번져가는 Beatin’

멈추지 않아 이미 우린
Movin’ on movin’ on
익숙해진 함께란 말이
To be strong to be strong

Got me flyin’
in my dreams right now
모두가 불가능해
안 된다고 하지 왜
Can’t lose
can’t lose
can’t lose
It’s impossible

Got me dyin’
to realize it now
모두 너로 가능해
넌 날 완성하게 해
Without you
without you
without you
It's impossible

Gimme that beat

It's impossible",https://ai-vocal-training.s3.ap-northeast-2.amazonaws.com/album_cover/RIIZE_Impossible.jpg,2024.04.18
Cruel Summer,Taylor Swift,"Yeah yeah yeah yeah
Fever dream high
in the quiet of the night
You know that I caught it
Oh yeah you're right I want it
Bad bad boy
shiny toy with a price
You know that I bought it
Oh yeah you're right I want it
Killing me slow out the window
I'm always waiting for you
to be waiting below
Devils roll the dice
angels roll their eyes
What doesn't kill me
makes me want you more
And it's new
the shape of your body
It's blue the feeling I've got
And it's ooh whoa oh
It's a cruel summer
It's cool that's what I tell 'em
No rules in breakable heaven
But ooh whoa oh
It's a cruel summer
With you
Hang your head low in the glow
of the vending machine
I'm not dying
Oh yeah you're right I want it
We say that we'll just screw it
up in these trying times
We're not trying
Oh yeah you're right I want it
So cut the headlights
summer's a knife
I'm always waiting for you
just to cut to the bone
Devils roll the dice
angels roll their eyes
And if I bleed
you'll be the last to know
Oh it's new
the shape of your body
It's blue the feeling I've got
And it's ooh whoa oh
It's a cruel summer
It's cool that's what I tell 'em
No rules in breakable heaven
But ooh whoa oh
It's a cruel summer
With you
I'm drunk in the back of the car
And I cried like a baby coming
home from the bar Oh
Said I'm fine but it wasn't true
I don't wanna keep secrets
just to keep you
And I snuck in
through the garden gate
Every night that summer
just to seal my fate Oh
And I screamed
for whatever it's worth
I love you ain't that the
worst thing you ever heard
He looks up grinning like a devil
And it's new
the shape of your body
It's blue the feeling I've got
And it's ooh whoa oh
It's a cruel summer
It's cool that's what I tell 'em
No rules in breakable heaven
But ooh whoa oh
It's a cruel summer
With you
I'm drunk in the back of the car
And I cried like a baby coming
home from the bar Oh
Said I'm fine but it wasn't true
I don't wanna keep
secrets just to keep you
And I snuck in
through the garden gate
Every night that summer
just to seal my fate Oh
And I screamed for
whatever it's worth
I love you
ain't that the worst thing
you ever heard
Yeah yeah yeah yeah",https://ai-vocal-training.s3.ap-northeast-2.amazonaws.com/album_cover/Taylor Swift_Cruel Summer.jpg,2019.08.23
사랑하지 않아서 그랬어,임한별,"사랑하지 않기로 했어
나만 생각하기로 했어
니 눈물을 못 본 척 좀 해야겠어
나쁜 사람 되기 싫어서
구차해지는 변명들로
괜한 기대하게 만들기 싫었어
마지막까지 상처 주긴 싫은데
난 여전히 너를 배려해 줄
자신이 없는걸
사랑하지 않았어 미안해
참 많이 고마웠어
미련 갖는 일 그런 일 없을 거야 정말
매번 져주려 했던 너에게
기어코 이겨보려 애썼던 순간도
너를 필요 없어 했던 밤도
사랑하지 않아서 그랬어
마지막으로 안아주면 안 될까
말하는 니 얼굴
떳떳하게 볼 수가 없는걸
사랑하지 않았어 미안해
참 많이 고마웠어
미련 갖는 일 그런 일 없을 거야 정말
매번 져주려 했던 너에게
기어코 이겨보려 애썼던 순간도
너를 필요 없어 했던 밤도
사랑하지 않아서 그랬어
넌 모르지 내 맘이 어떤지
계속 사랑해보려 애를 썼어
내가 다 미안해
도망치는 내가 밉겠지만
나는 후련한 거 같아 여기까지만 해
기다리면은 안 돼 잘 들어
날 미워해야만 해
계속 울어도 난 멀리 떠날 거야 제발
니가 괴롭든 말든 꺼놨던 전화도
아픈 니가 귀찮았던 밤도
하다못해 지금 내 말투도
사랑하지 않아서 그랬어",https://ai-vocal-training.s3.ap-northeast-2.amazonaws.com/album_cover/임한별_사랑하지 않아서 그랬어.jpg,2023.04.02
Siren,RIIZE,"Beat droppin’ low feelin’ up
뒤섞여 봐 완전히 새로운 Flow
Ready or not
순간 울려 대는 Siren
우린 네 심장을 뒤흔드는 Rock

Pull it back, that siren
Pull it back, that siren

Yeah back with a new generation
닳아버린 운동화 다시 Lace up
문을 박차고
Let’s show the world
We don't stop it
연습실 불은 계속 켜있어

See me see me
달라진 조명의 Lights
Warning 뜨거운 눈빛은 Wild
Imma be the one
눈앞에 펼쳐지는
새로워진 Sight

Beat droppin’ low feelin’ up
뒤섞여 봐 완전히 새로운 Flow
Ready or not
순간 울려 대는 Siren
우린 네 심장을 뒤흔드는 Rock

Pull it back, that siren
Pull it back, that siren
서둘러 Hurry hurry
다 모여봐 이리로
We gonna fly high high
자유롭게 더
Pull it back, that siren

Eenie meenie miney moe
거침없이 한 걸음 더
뻔하고 뻔한 흐름은 Say bye bye
Pullin’ up now
we gotta show them feel me
Look at us go look at me go
심장은 Fast 뜨거워 데임
외쳐봐 너의 얘기를
시작해 우린 준비돼 있어

See me see me
터지는 Colorful lights
Warning 모든 걸 보여줘 Wild
Ready or not
등장을 알리는 Siren siren
우린 네 심장을 뒤흔드는 Rock

Pull it back, that siren
Pull it back, that siren
서둘러 Hurry hurry
다 모여봐 이리로
We gonna fly high high
자유롭게 더
Pull it back, that siren

Beat droppin’ low feelin’ up
뒤섞여 봐 완전히 새로운 Flow
Let’s get it go
we won’t be stoppin’

Pull it back, that siren
Pull it back, that siren
서둘러 Hurry hurry
다 모여봐 이리로
We gonna fly high high
자유롭게 더
Pull it back, that siren",https://ai-vocal-training.s3.ap-northeast-2.amazonaws.com/album_cover/RIIZE_Siren.jpg,2024.04.03
"잘 지내자, 우리 (여름날 우리 X 로이킴)",로이킴,"마음을 다 보여줬던 너와는 다르게
지난 사랑에 겁을 잔뜩 먹은
나는 뒷걸음질만 쳤다

너는 다가오려 했지만
분명 언젠가 떠나갈 것이라 생각해
도망치기만 했다

같이 구름 걸터앉은 나무 바라보며
잔디밭에 누워
한 쪽 귀로만 듣던 달콤한 노래들이
쓰디쓴 아픔이 되어
다시 돌아올 것만 같아

분명 언젠가 다시 스칠 날 있겠지만
모른 척 지나가겠지
최선을 다한 넌 받아들이겠지만
서툴렀던 난
아직도 기적을 꿈꾼다
눈 마주치며 그땐 미안했었다고
용서해달라고 얘기하는 날
그때까지 잘 지내자 우리 우리

지금 생각해보면 그까짓 두려움
내가 바보 같았지 하며
솔직해질 자신 있으니
돌아오기만 하면 좋겠다

분명 언젠가 다시 스칠 날 있겠지만
모른 척 지나가겠지
최선을 다한 넌 받아들이겠지만
서툴렀던 난
아직도 기적을 꿈꾼다
눈 마주치며 그땐 미안했었다고
용서해달라고 얘기하는 날
그때까지 잘 지내자 우리 우리

눈 마주치며 그땐 미안했다고
용서해달라고 이야기 하는 날
그때까지
잘 지내자
우리",https://ai-vocal-training.s3.ap-northeast-2.amazonaws.com/album_cover/로이킴_잘 지내자 우리 여름날 우리 X 로이킴.jpg,2023.07.06
Run Run,이클립스 (ECLIPSE),"태양을 향해 
더 힘껏 날아 
쓰러진 꿈들을 세워가
놓지 않을 Chance
높은 벽은 Break it
심장 소릴 따라가

Bye bye 눈물의 지난날은
Hi 기다려온 순간 Right now
고민 따윈 Zero
지금 바로 Runnin again, running again
Whoa-a

떨리는 전율을 느껴 We ride
멈출 수 없는 이 Feeling
우린 다시 
힘차게 달려가

I'm ready to
Run run 내 옆에 너를 안고
Run run 넘어져도 Start again
끝없이 펼쳐진 하늘 위로 Fly forever
이대로 달려갈게

I Run 거친 바람 가르고
난 다시 높이 날아올라
피어난 My dreams
희망을 향해 뛰어 자유롭게
So I'm running

밤이 캄캄해도
두려움은 No more
망설이지 마 We just go
서툴렀던 너를 바꿔
참아왔던 열정을 불태워 Burn it up
뜨겁게 타올라

Bye bye 눈물의 지난날은
Hi 기다려온 순간 Right now
고민 따윈 Zero
지금 바로 Runnin and runnin and runnin again
Whoa-a

떨리는 전율을 느껴 We ride
멈출 수 없는 이 Feeling
우린 다시 
힘차게 달려가

I'm ready to
Run run 내 옆에 너를 안고
Run run 넘어져도 Start again
끝없이 펼쳐진 하늘 위로 Fly forever
이대로 달려갈게

I Run 거친 바람 가르고
난 다시 높이 날아올라
피어난 My dreams
희망을 향해 뛰어 자유롭게
So I'm running

(Oh oh oh oh)
첨부터 다시 해봐
너를 믿고서 Try again
(Oh oh oh oh)
새롭게 펼쳐질 하루를
Run again

I'm ready to
Run run 내 옆에 너를 안고
Run run 넘어져도 Start again
끝없이 펼쳐진 하늘 위로 Fly forever
이대로 달려갈게

I Run 거친 바람 가르고
난 다시 높이 날아올라
피어난 My dreams
희망을 향해 뛰어 자유롭게
So I'm running",https://ai-vocal-training.s3.ap-northeast-2.amazonaws.com/album_cover/이클립스 ECLIPSE_Run Run.jpg,2024.04.08
Smart,LE SSERAFIM (르세라핌),"I’m a smarter baby, smarter
Smarter baby, smarter
하날 보면 열까지
간파해서 돌파하지

Wanna be a winner
Wanna be a winner
계획대로 돼가지
난 나비가 될 애송이

원하는 건 승리란 놈
I call it “sugar” 
Plan대로라면 놓칠 리가 없지
내 sugar, sugar 

누군 말해, 내가 mean-mean-mean-mean-mean
신경 안 써 쉿 쉿 쉿 쉿 쉿 
내 패배 위에 필 아름다움 대신
더 강한 이름 ""villain""을 택했지

So 그게 바로 me-me-me-me-me
내겐 보여, see-see-see-see-see
르세라핌 날 이끌어 to victory

I’m a smarter baby, smarter
Smarter baby, smarter
하날 보면 열까지
간파해서 돌파하지 

Wanna be a winner
Wanna be a winner
계획대로 돼가지
난 나비가 될 애송이
I’m a smarter baby

Work hard in secret
아귀가 착착 맞게
I planned that, don’t be mad

Plan대로라면 난 될 수가 없지
그 loser, loser 

누군 말해, 내가 mean-mean-mean-mean-mean
신경 안 써 쉿 쉿 쉿 쉿 쉿 
내 패배 위에 필 아름다움 대신
더 강한 이름 ""villain""을 택했지

So I just wanna be me-me-me-me
내겐 보여, see-see-see-see-see 
르세라핌 날 이끌어 to victory

I’m a smarter baby, smarter
Smarter baby, smarter
하날 보면 열까지
간파해서 돌파하지

Wanna be a winner
Wanna be a winner
계획대로 돼가지
난 나비가 될 애송이
I’m a smarter baby

내 시계는 tick-tock
필요했던 shortcut
찾아내고 난 잡았지, huh 

누구는 말해, “that’s all luck”
난 말해, “no, it’s not luck""
내 땀은 not lying, lying

Don’t slow down, 이 삶은 superfast
Best scheme, 내 머릿속에
갓생, 난 준비를 끝냈어

Dinner of the winner,
That is what I want to get

I’m a smarter baby, smarter
Smarter baby, smarter
하날 보면 열까지
간파해서 돌파하지

Wanna be a winner
Wanna be a winner
계획대로 돼가지
난 나비가 될 애송이
I’m a smarter baby",https://ai-vocal-training.s3.ap-northeast-2.amazonaws.com/album_cover/LE SSERAFIM 르세라핌_Smart.jpg,2024.02.19
손오공,세븐틴 (SEVENTEEN),"땅을 보고 계속 올랐지 정상까지
많은 시련은 보란 듯이 I Always Win
강한 마음이 중요하지
미래는 도망가지 않아 내가 놓기 전까지
DARUMDARIMDA
구름을 타고 여기저기로 (Hey)
DARUMDARIMDA
우리들의 긍지를 높이러 (Hey)
DARUMDARIMDA
또 다른 세계 나아가자 Go
이 Rhythm에 맞춰
Say Say Say Say
영웅본색 Like This
시간과 공간에 구애받지 않는 자세
힘을 다하고 쓰러져도
포기를 모르고 날뛰는 중
마치 된 것 같아 손오공
마치 된 것 같아 손오공
우리는 쉬지 않아 매일,
Make it Make it
끝까지 가보자
마치 된 것 같아 손오공
I Luv My Team I Luv My Crew
여기까지 달리면서
I Luv My Team I Luv My Crew
계속 달릴 수 있어 더
I Luv My Team I Luv My Crew
여기까지 오르면서
I Luv My Team 그 덕분에 우린
마치 된 것 같아 손오공
알리지 우리는 등장 중
여전히 세대를 뒤바꿈
멈추지 않아 뜀박 중
발이 꼬여도 뒷박 쿵
WOO WOO Pull Up My 근두운
WOO WOO 성실히 수행 중
DARUMDARIMDA
늘어나라 하늘로 여의봉 (Hey)
DARUMDARIMDA
우리들의 매일은 Come &amp; Go (Hey)
DARUMDARIMDA
모든 걸 위해 나아가자 Go
이 노래에 맞춰
Say Say Say Say
영웅본색 Like This
시간과 공간에 구애받지 않는 자세
힘을 다하고 쓰러져도
포기를 모르고 날뛰는 중
마치 된 것 같아 손오공
마치 된 것 같아 손오공
우리는 쉬지 않아 매일,
Make it Make it
끝까지 가보자
마치 된 것 같아 손오공
I Luv My Team I Luv My Crew
여기까지 달리면서
I Luv My Team I Luv My Crew
계속 달릴 수 있어 더
I Luv My Team I Luv My Crew
여기까지 오르면서
I Luv My Team 그 덕분에 우린
마치 된 것 같아 손오공
진실은 때론 잔혹해 (What’s That?)
거짓은 때론 달콤해 (What’s That?)
다정함은 때론 거짓말로 (What’s That?)
나쁜 것 싹 다 모아둬
Ping 하고 불 나와
Ener Energy 기 모아 아주 다 나와
Ener Energy 한방에 아주 발사 파
지금부터 다 하늘 위로 함성 발사
이 노래는 이 만화의 엔딩송이다",https://ai-vocal-training.s3.ap-northeast-2.amazonaws.com/album_cover/세븐틴 SEVENTEEN_손오공.jpg,2023.04.24
심(心),DK(디셈버),"한땐 너를 사랑했지만
네 곁에 있는 사랑이
너무 아름다워 보기 좋았었기에
잘 되길 바래왔는데
많은 축복에 둘러싸인
행복한 그 사람 곁에
이젠 네가 아닌 다른 그의 사랑이
또다시 날 아프게 해
미안해 너를 위해 기대어줄
가슴 밖에 빌려줄 수 없는 나인걸
슬퍼하는 너를 위해서
해줄게 남아 있다면
무엇이든 다 얘길 해주길 바래
나 기다리고 있을게
야윈 그대 안에 눈물이
마르는 그날이 오면
웃으며 다시 그댈 보내줄게요
사랑하니까
슬퍼하는 너를 위해서
해줄게 남아 있다면
무엇이든 다 얘길 해주길 바래
나 기다리고 있을게
야윈 그대 안에 눈물이
마르는 그날이 오면
웃으며 다시 그댈 보내줄게요
사랑하니까",https://ai-vocal-training.s3.ap-northeast-2.amazonaws.com/album_cover/DK디셈버_심心.jpg,2023.02.19
그대가 내 안에 박혔다(그내박),순순희(기태),"한참을 하늘을 보고 걸어 갔어
내 지난 사랑은 온통 미련으로 가득한데
사랑이 있다는 말은 믿지 않아
그렇게 그렇게 그저 살아
사는 게 힘겨워서 버거워서
무너지고 싶던
그 날에 햇살처럼 그댄 내게 왔다
그대가 내 안에 박혔다
그대가 내 맘을 녹였다
그대가
나밖에 몰랐던
내가 사랑을 배워가고 있다
겨울같은 시간이 와도 꽃은 꺾지 않겠다
나 이제야 이제야 숨을 쉰다
너와
사는 게 힘겨워서 버거워서
무너지고 싶던
그 날에 햇살처럼 그댄 내게 왔다
그대가 내 안에 박혔다
그대가 내 맘을 녹였다
그대가
나밖에 몰랐던
내가 사랑을 배워가고 있다
겨울같은 시간이 와도 꽃은 꺾지 않겠다
나 이제야 이제야 숨을 쉰다
너와
한없이 춥기만 했던 어둡던 지난 밤들은
오늘을 위한 시련이었다
흩어진 내 맘이 길을 잃어도
아픈 시간이 와도
그대와 함께 걷겠다 내 전부를 걸겠다
그대와
그대가 내 안에 박혔다
그대가 내 맘을 녹였다
그대가
나밖에 몰랐던
내가 사랑을 배워가고 있다
겨울같은 시간이 와도 꽃은 꺾지 않겠다
나 이제야 이제야 꿈을 꾼다
너와",https://ai-vocal-training.s3.ap-northeast-2.amazonaws.com/album_cover/순순희기태_그대가 내 안에 박혔다그내박.jpg,2023.01.23
홀씨,아이유,"내가 누울 자린 아마도
한참 더 위로
아니 적당히 미끈한 곳에
뿌리내리긴 싫어

내 뒤로 착착 따라붙어
다 예쁘게 줄지어
난 기어코 하늘에 필래
음, What a tiny leader

아슬아슬히 나는
홀씨 하나 또 다른
길을 향해서
Fly high to bloom
혹시 나의 안부를
묻는 누군가
있거든 전해줘

걔는 홀씨가 됐다구

날 따라, gonna go to win
날 따라, 날아가 꼭대기루
You say '후‘
I may fly
You say '후‘
Then i fly

날 따라, Even without wings
날 따라, 떠올라 공중으루
You say '후‘
I may fly
You say '후'
Then i fly

다 날 볼 수 있게 날아 줄게 한가운데
시력을 위해 꼭 지참해 니 sunglass
올려보면 눈부셔
고소공포 하나도 안 무셔

따가운 태양과 무지 가까운 거리
까지 올라가 난 무심히 내려보리
구름을 골라타
간만에 한바탕
싹 어질러볼까

빙글빙그르 나는
홀씨 하나 가파른
바람을 타고
Fly high to bloom
혹시 나의 안부를
묻는 누군가
있거든 전해줘

걔는 홀씨가 됐다구
날 따라, gonna go to win
날 따라, 날아가 꼭대기루
You say '후‘
I may fly
You say '후‘
Then i fly

날 따라, Even without wings
날 따라, 떠올라 공중으루
You say '후‘
I may fly
You say '후'
Then i fly

앞길이 만만치 않아도
엄살은 뒤로
내 선택이야 늘 그랬듯이
쉬울 확률은 zero

남은 거 탈탈 털어줄게
모두 행운을 빌어

구태여 인사하고 갈래
May god be with ya
See ya",https://ai-vocal-training.s3.ap-northeast-2.amazonaws.com/album_cover/아이유_홀씨.jpg,2024.02.20
You & Me,제니 (JENNIE),"You know I gotcha
You know that I got you like that
Ain’t nobody gonna have your back
like the way I do
You love it just say you do

You know you got me
Everything you do
Everything you did
Everything I wish I was with
Makes me feel alright
I’m just saying so

I really like it 
Nothing in the world can make me feel the way you do the things you do
I really like it 
Nothing in the world can make me feel the way you do the things you do

I love you and me
Dancing in the moonlight 
Nobody can see
It’s just you and me tonight
I love you and me
Dancing in the moonlight 
Nobody can see
It’s just you and me tonight

Look at you now look at me
How you ever ever gonna find someone like this
Look at you now look at me
How you ever ever gonna find someone like this

You’re the reason my heart skips drops
Just a little touch my world stops
Finally I know that you’re mine
I don’t want to fall 
Don’t wanna play this game of love oh eh oh
There’s nowhere to hide
 
I really like it
Nothing in the world can make me feel the way you do the things you do
I really like it
Nothing in the world can make me feel the way you do the things you do

I love you and me
Dancing in the moonlight 
Nobody can see
It’s just you and me tonight
I love you and me
Dancing in the moonlight 
Nobody can see
It’s just you and me tonight

Look at you now look at me
How you ever ever gonna find someone like this
Look at you now look at me
How you ever ever gonna find someone like this

I don’t care about your first love, 
This should be your last one
Nothin’ like your last one
You look better on me, that’s fashion
Won’t block your shot, lights camera action
Never been a love me or a love me not thing
Every petal better tell him better not change
I love you I love me a lot, wait 
Which one I love better, better off not saying 

I love you and me",https://ai-vocal-training.s3.ap-northeast-2.amazonaws.com/album_cover/제니 JENNIE_You  Me.jpg,2023.10.06
Baddie,IVE (아이브),"Imma baddie baddie baddie
Pretty little risky baddie
뭐든 될 대로 되라지 Catch me if you can 
Baddie baddie baddie
나는 없어 거기 이미
어차피 못 찾을 테니 Catch me if you can

Nothing like the regulars
내 DNA엔 blue blood runs
더 솔직하게 말해줘 착한 척은 지겨워
우리 앞에선 룰이 
의미 없었어 굳이
유행이 돌고 돌아도 난 그 틀에 없어 이미
I wanna break I wanna kick
뛰어 놀래 시끄럽게
다채로운 매력 수많은 변칙 위에 더 빛을 발하지

답답한 건 벗어 던져
고개 숙일 필요 없어 

Imma baddie baddie baddie
Pretty little risky baddie
뭐든 될 대로 되라지 Catch me if you can 
Baddie baddie baddie
나는 없어 거기 이미
어차피 못 찾을 테니 Catch me if you can

And the fit pop like bubblegum
내 판단을 믿어 난 
할말도 많아 참
모자이크 없이 Spit it out
난 즐겨 이 troublesome
그 누구도 Can’t bite me
원한다면 Come try me
언제든 You’re invited
난 thriller 속 villain
생각할 시간에 저지르는 게 my motto

Imma baddie baddie baddie 
Pretty little risky baddie
뭐든 될 대로 되라지 Catch me if you can
Baddie baddie baddie
앞 다퉈 내 길을 막지
가뿐히 날아 오를 테니 Catch me if you can

Imma baddie baddie baddie
어딜 그리 바삐 가니
뭐든 될 대로 되라지 Catch me if you can
Baddie baddie baddie
나는 없어 거기 이미
어차피 못 찾을 테니 Catch me if you can

Imma baddie baddie baddie
어딜 그리 바삐 가니
뭐든 될 대로 되라지 Catch me if you can
Baddie baddie baddie
나는 없어 거기 이미
어차피 못 찾을 테니 Catch me if you can",https://ai-vocal-training.s3.ap-northeast-2.amazonaws.com/album_cover/IVE 아이브_Baddie.jpg,2023.10.13
청춘찬가,세븐틴 (SEVENTEEN),"어쩌다 보니 처음으로 마주하는 오늘이라서
사무치게 아픈 말 한마디에 내가 더 싫어도
신경 쓰지 말자 
우리 목소리로 어디서라도 부르자 
청춘찬가

1 2 1 2 3 4!

벨 소리가 울릴 때 겁이 나 
심장이 먼저 놀라는 요즘
혼자 지내고 싶고 혼자 있기 싫고 
나도 날 모르겠어

도대체 나의 행복은 어디 있나요
그 누구도 대답해 줄 수 없어
꺼진 폰 화면 속에 비친 내 모습 보며 말할래

오늘 집에 가는 길에 내게 수고했다고
마냥 쉽지 않았지만 나쁘지 않았다고
숨 막히는 세상 속에 
작은 것 하나에 잠깐 웃었다고

어쩌다 보니 처음으로 마주하는 오늘이라서
사무치게 아픈 말 한마디에 내가 더 싫어도
신경 쓰지 말자
우리 목소리로 어디서라도 부르자
청춘찬가

나의 
나의 
나의 
나의 
나의 
나의
날 감싸준 포근한 이불 이 사소한 따뜻함에
또 내일을 기다리면서 잠들게

내일 아침에 울리는 시끄러운 알람이
어제보단 조금만이라도 밉지 않기를
숨 막히는 세상 속에 
이 모든 게 나라서 참 좋을 거야

어쩌다 보니 처음으로 마주하는 내일이라도
사무치게 아픈 말 한마디에 내가 더 싫어도
신경 쓰지 말자 
우리 목소리로 어디서라도 부르자
청춘찬가",https://ai-vocal-training.s3.ap-northeast-2.amazonaws.com/album_cover/세븐틴 SEVENTEEN_청춘찬가.jpg,2024.04.29
꿈결같아서,민니 (MINNIE),"내 맘과 같지 않아서
결국 놓아버렸던 
그때 그날 우리의 밤이 떠오르고 

기억의 계단을 걸어 
네 이름을 부르면 
다시 선명해지나 봐

기다린 걸까 
흩어진 시간속에
어느샌가 내곁에 다가온
그대 향기가 

사라지지 않게
멀리 가지 않을게
꼭 잡은 두 손을 놓지마 

지금 이 순간 everything 
with you
널 안을지도 몰라 
Be with you

모든게 꿈결같아서 
조금 그리워했던 
짙은 새벽공기와 우리의 이야기 

기억 하고 있을까
너를 떠올릴때면
점점 선명해지는 you are my 

everything to me
흩어진 시간속에
어느샌가 내곁에 다가온
그대 향기가 

사라지지 않게
멀리 가지 않을게
꼭 잡은 두 손을 놓지마 

지금 이 순간 everything 

달이 뜨고 지는 지친 하루의 끝에
나를 잡아줘 나를 채워줘
춤을 추듯이 그대 

기다린 걸까 
흩어진 시간속에
어느샌가 내곁에 다가온
그대 향기가 

사라지지 않게
멀리 가지 않을게
꼭 잡은 두 손을 놓지마 

지금 이 순간 everything 
with you
널 안을지도 몰라 
Be with you
My everything",https://ai-vocal-training.s3.ap-northeast-2.amazonaws.com/album_cover/민니 MINNIE_꿈결같아서.jpg,2024.04.16
Kitsch,IVE (아이브),"It's our time 우린 달라 특별한 게 좋아
Oh What a good time
난 잘 살아 내 걱정은 낭비야
네가 보낸 DM을 읽고 나서 답이 없는 게
내 답이야 (That’s my style)
OOTD 하나까지 완전 우리답지
My favorite things 그런 것 들엔 좀
점수를 매기지 마
난 생겨 먹은 대로 사는 애야, 뭘 더 바래
That’s my style (That’s my style)
우리만의 자유로운 nineteen’s kitsch
지금까지 한적 없는 custom fit
올려 대는 나의 feed엔 like it
홀린 듯이 눌러 모두 다 like it
내가 추는 춤을 다들 따라 춰
매일 너의 알고리즘에 난 떠
걷잡을 수 없이 올라 미친 score 
그 누구도 예상 못할 nineteen’s kitsch
우리만의 자유로운 nineteen’s kitsch
우리-우리만의 자유로운
nineteen’s kitsch
우리만의 자유로운 nineteen’s kitsch
우리-우리만의 자유로운
nineteen’s kitsch
kitsch kitsch kitsch kitsch
kitsch kitsch kitsch
우리만의 자유로운 nineteen’s kitsch
우리-우리만의 자유로운
달콤한 말, 뒤에 숨긴 너의 의도대로
따라가진 않을 거야 난 똑똑하니까
난 절대 끌리지 않는 것에 끌려가지 않아
That’s my style (That’s my style)
우리만의 자유로운 nineteen’s kitsch
지금까지 한적 없는 custom fit
올려 대는 나의 feed엔 like it
홀린 듯이 눌러 모두 다 like it
내가 추는 춤을 다들 따라 춰
매일 너의 알고리즘에 난 떠
걷잡을 수 없이 올라 미친 score 
그 누구도 예상 못할 nineteen’s kitsch
우리만의 자유로운 nineteen’s kitsch
우리-우리만의 자유로운
nineteen’s kitsch
우리만의 자유로운 nineteen’s kitsch
우리-우리만의 자유로운
nineteen’s kitsch
kitsch kitsch kitsch kitsch
kitsch kitsch kitsch
우리만의 자유로운 nineteen’s kitsch
우리-우리만의 자유로운
Yah 모두 주목해
내가 좋아하는 것만 하면 뭐 어때 huh
This ain’t ur life
쓸데없는 생각 따위 Go away
답답한 이 세상 앞엔 멋대로 할래
YOLO! Say no! 너의 길을 가 now
잔소리는 Quite down
이제 그만 Peace out
우리만의 자유로운 nineteen’s kitsch
지금까지 한적 없는 custom fit
올려 대는 나의 feed엔 like it
홀린 듯이 눌러 모두 다 like it
내가 추는 춤을 다들 따라 춰
매일 너의 알고리즘에 난 떠
걷잡을 수 없이 올라 미친 score 
그 누구도 예상 못할 nineteen’s kitsch
우리만의 자유로운 nineteen’s kitsch
우리-우리만의 자유로운
nineteen’s kitsch
우리만의 자유로운 nineteen’s kitsch
우리-우리만의 자유로운
nineteen’s kitsch
kitsch kitsch kitsch kitsch
kitsch kitsch kitsch
우리만의 자유로운 nineteen’s kitsch
우리-우리만의 자유로운
nineteen’s kitsch",https://ai-vocal-training.s3.ap-northeast-2.amazonaws.com/album_cover/IVE 아이브_Kitsch.jpg,2023.04.10
"Steal The Show (From ""Elemental"")",Lauv,"Started out on a one-way train
Always knew where
I was gonna go next
Didn't know until I saw your face
I was missin' out on every moment
You'll be one and, baby, I'll be two
Would you mind it if
I said I'm into you
(I'm into you)
So if it's real
Then darlin' let me know
I wouldn't mind
If you steal the show
You and I, we go together
You're the sky,
I'll be the weather
A pretty thing, the
sun and rain, Who knew
Oh, yeah
Summer night, perfect occasion
Where am I, you know
I'll be waitin' for you
Oh, for you
So if it's real
Then darlin' let me know
I wouldn't mind
If you steal the show
So if it's real
Then darlin' let me know
I wouldn't mind
If you steal the show
You shine, you shine
Like forever, Lasts forever
You shine, you shine
And steal the show
So if it's real
Then darlin', let me know
I wouldn't mind
If you steal the show
(Started out on a one-way train)
(Always knew where I was gonna go next)
So if it's real
(didn't know until I saw your face)
Then darlin', let me know
(I was missing out on every moment)
(You'll be one and, baby, I'll be two)
(Would you mind it if
I said I'm into you) I wouldn't mind
If you steal the show.",https://ai-vocal-training.s3.ap-northeast-2.amazonaws.com/album_cover/Lauv_Steal The Show From Elemental.jpg,2023.06.02
Super Lady,i-dle (아이들),"I am the top, super lady (Oh)
I never lose yeah
(’Cause got a super power)
I am a god, super lady (Oh)
I NEVER DIE 봤지? 모두 Follow

Boy boy boy 거기 비켜 어서
우린 Love love love 따위 하긴 바빠
여긴 War war war 자비 따윈 없어
날 막는다면 Slay it (Lock it)

남자들의 뻔한 가식 (Drop it)
억 소리 나는 그 사치
영웅은 조금의 흔들릴 틈 없이
Ready to shoot

입술이 다 번져도
그 어떤 놈보다 멋지게
(누구보다 멋지게)
웃어 보이지 더 거칠게
독하다 해 That’s my name
I never bow on my way

Lady lady
Call me ‘Super Lady’
Lady lady

Follow, ladies
Onward, ladies
Super ladies
하나 둘 셋

Mama said 넌 언젠가 세상을 망칠 악
그 겁에 질린 눈빛도 참 못됐으니까

그 눈빛은 패왕색 패기 여왕의 자질 The Baddie
100이면 100이 다 기절한 각성에 겁먹은 Devil
그래 뵈는 게 없거든 Do you know?

불길이 다 번져도
그 어떤 놈보다 멋지게
(누구보다 멋지게)
뛰어들 테지 더 뜨겁게
독하다 해 That’s my name
I never bow on my way

Lady lady
Call me ‘Super Lady’
Lady lady

Follow, ladies
Onward, ladies
Super ladies

Let’s go on fearless
We came to take a win

Back it up (Oh)
Back it up (Oh-oh)
Back it up (Oh)
Back it up
Everybody say

누가 우릴 부른다면 Yes sir, super fast
누가 우릴 막는다면 Yes sir, supernatural
누가 봐도 우린 Yes, stronger than Superman
Yes sir, I got super power
Yes sir, I’m a",https://ai-vocal-training.s3.ap-northeast-2.amazonaws.com/album_cover/i-dle 아이들_Super Lady.jpg,2024.01.29
후라이의 꿈,AKMU (악뮤),"저 거위도 벽을 넘어 하늘을 날을 거라고
달팽이도 넓고 거친 바다 끝에 꿈을 둔다고
나도 꾸물꾸물 말고 꿈을 찾으래
어서 남의 꿈을 빌려 꾸기라도 해

내게 강요하지 말아요 이건 내 길이 아닌걸
내밀지 말아요 너의 구겨진 꿈을

난 차라리 흘러갈래
모두 높은 곳을 우러러볼 때
난 내 물결을 따라
Flow flow along flow along my way

난 차라리 꽉 눌러붙을래
날 재촉한다면 
따뜻한 밥 위에 누워 자는
계란 fry fry 같이 나른하게

고래도 사랑을 찾아 파도를 가를 거라고
하다못해 네모도 꿈을 꾸는데
아무도 꿈이 없는 자에겐 기회를 주지 않아
하긴 무슨 기회가 어울릴지도 모를 거야

무시 말아 줘요 하고 싶은 게 없는걸
왜 그렇게 봐 난 죄지은 게 아닌데

난 차라리 흘러갈래
모두 높은 곳을 우러러볼 때
난 내 물결을 따라
Flow flow along flow along my way

난 차라리 꽉 눌러붙을래
날 재촉한다면
따뜻한 밥 위에 누워 자는
계란 fry fry 같이

Spread out
틀에 갇힌 듯한 똑같은 꿈
Spread out out
난 이 두꺼운 껍질을 깨고 나와 퍼지고 싶어

난 차라리 굴러갈래
끝은 안 보여 뒤에선 등 떠미는데
난 내 물결을 따라
Flow flow along flow along my way

난 차라리 꽉 눌러붙을래
날 재촉한다면
고민 하나 없이 퍼져 있는
계란 fry fry 같이 나른하게",https://ai-vocal-training.s3.ap-northeast-2.amazonaws.com/album_cover/AKMU 악뮤_후라이의 꿈.jpg,2023.08.21
혹시 세상에 혼자 남겨진 것 같다면,우디 (Woody),"혹시 세상에 너 혼자 남겨진 것 같다면
아름답게 핀 저 꽃이 아름답지 않다면

거울 속에 비친 모습에
어느 미소도 없다면 나를 찾아 줄래

나의 손을 잡고 우리 같이 길을 걷자
비바람이 몰아쳐도 결국 멈출 테니까

잠시 눈을 감고 어둠 속 빛나는 결말
끝에는 네가 있다는 걸 잊지 말아 줘

맑은 하늘이 네 기분을 망쳐버린다면
하루 종일 어지러움에 헤메이다

매일 똑같은 하루 지겨울지 모르지만
내일은 좀 다를지 몰라

나의 손을 잡고 우리 같이 길을 걷자
비바람이 몰아쳐도 결국 멈출 테니까

잠시 눈을 감고 어둠 속 빛나는 결말
끝에는 네가 있다는 걸 잊지 말아 줘

나 역시 너와 같다는 걸 아픔이 없는 길은 없지
그럼에도 혼자가 아닌 걸 절대 잊지마요

나의 손을 잡고 우리 같이 길을 걷자
비바람이 몰아쳐도 결국 멈출 테니까

잠시 눈을 감고 어둠 속 빛나는 결말
끝에는 네가 있다는 걸 잊지 말아 줘

혹시 세상에 너 혼자 남겨진 것 같다면",https://ai-vocal-training.s3.ap-northeast-2.amazonaws.com/album_cover/우디 Woody_혹시 세상에 혼자 남겨진 것 같다면.jpg,2024.04.07
멈춰줘,헤이즈 (Heize),"비겁해, 난 또 뒤돌아 너에게 등을져
지금도 이렇게 많은 말을 삼킨채
단 한발자국 거리만 남긴채

대답해, 나는 뭘 너에게 해주면 될까
무섭게 너에게만을 향해 가는데
저 앞에 니가 있는걸 아는데

멈춰줘, 제발 나를 여기서
너에게 뛰어가는 날 멈춰줘
나는 너를 잊는 법을
니가 없는 나의 길은
모르니
날 멈춰줘

소중해
네겐 모든걸
다 주고 싶었어

미안해
턱없이 모자란건 알지만

내 마음이 널 그리워해
아니 그립다 못해 아파해

사소한 실랑이도
죽을만큼 다툰 일도
난 이젠 없으면 안돼

멈춰줘, 제발 나를 여기서
너에게 뛰어가는 날 멈춰줘
나는 너를 잊는 법을
니가 없는 나의 길은
모르니

니가 없는 그 빈자릴 따라
이 순간에도 난 너에게 가는 꿈을 꿔
난 또

나의 모두는 너의것
내게 하나 남은건
너의 이름 기억

멈춰줘, 제발 나를 여기서
너에게 뛰어가는 날 멈춰줘
나는 너를 잊는 법을
니가 없는 나의 길은
모르니
날 멈춰줘",https://ai-vocal-training.s3.ap-northeast-2.amazonaws.com/album_cover/헤이즈 Heize_멈춰줘.jpg,2024.03.17
좋아해요,폴킴,"뜨거워요 여기 마음한켠
그댈 보면 자꾸 눈물이나요
갑자기 그 이름이 문득 떠오르면
따뜻해요 여기 온 마음이

떨리는 목소리로 표정으로 
그대에게 말할게요, 난 그대를

좋아해요, 아니 사랑해요
나의 마음 전부 너에게 가 있네요
보고싶고 자꾸 떠오르는걸 보면
남았나봐요 네게 더 줄 맘이
그댈 좋아해요

어느날 가까이서 그댈 다시 보면
난 깨달아요, 하고싶던 그 말이

떨리는 목소리로 표정으로
그대에게 말할게요, 난 그대를

좋아해요, 아니 사랑해요
나의 마음 전부 너에게 가 있네요
보고싶고 자꾸 떠오르는걸 보면
남았나봐요 네게 더 줄 맘이

내 입이 마르면 눈으로
두 눈이 감기면 품으로
매일 너에게 말 해줄게

난 좋아해요, 아니 사랑해요
나의 마음 전부 너에게 가 있네요
보고싶고 자꾸 떠오르는걸 보면
남았나봐요 네게 더 줄 맘이
난 그댈 좋아해요",https://ai-vocal-training.s3.ap-northeast-2.amazonaws.com/album_cover/폴킴_좋아해요.jpg,2024.04.06
음악의 신,세븐틴 (SEVENTEEN),"세상에 음악의 신이 있다면 

고맙다고 안아주고 싶어



전 세계 공통의 Language

자음과 모음이 달라도 상관없는 건 Music

말이 안 통해도 음악이 있다면

우리는 지금부터는 아주 친한 친구



너와 내가 모르는 사이여도 춤출 수 있어

We can mix it up right

Sugar and spice

Brass sound and guitar



네 글자면 다 내 이름이래

쿵치팍치 또한 내 이름인가

이것 또한 나를 위한 소린가

Kick snare 

Drum bass

Piano 

Bassline



무엇이 우리의 행복인가

뭐 있나 춤을 춰 노래하자

이것이 우리의 행복이다



다시 한번 더 Hey



음악은 우리의 숨이니까

위험하지 않아 계속 들이키자

Everybody 귀를 기울여 보자



세상에 음악의 신이 있다면

이건 당신께 주는 메시지

음정 하나하나 모아보자 음-

춤춰 노래해 기분이 끝내주네



쿵 치 팍 치 쿵 쿵 치 팍 치 예

쿵 치 팍 치 쿵 쿵 치 팍 치 예

쿵 치 팍 치 쿵 쿵 치 팍 치 예

행복은 바로 지금이야



생각해 봐 우리는 소음마저 음악이야

저마다의 쿵짝 맞춰가며 살아가

개미의 발소리마저도 Harmony



무엇이 우리의 행복인가

뭐 있나 춤을 춰 노래하자

이것이 우리의 행복이다



다시 한번 더 Hey



음악은 우리의 숨이니까

위험하지 않아 계속 들이키자

Everybody 귀를 기울여 보자



세상에 음악의 신이 있다면

이건 당신께 주는 메시지

음정 하나하나 모아보자 음-

춤춰 노래해 기분이 끝내주네



쿵 치 팍 치 쿵 쿵 치 팍 치 예

쿵 치 팍 치 쿵 쿵 치 팍 치 예

쿵 치 팍 치 쿵 쿵 치 팍 치 예

음악의 신이 있다면



SEVENTEEN to the world

전 세계 다 합창



쿵 치 팍 치 쿵 쿵 치 팍 치 예

쿵 치 팍 치 쿵 쿵 치 팍 치 예

쿵 치 팍 치 쿵 쿵 치 팍 치 예

음악의 신이 있다면",https://ai-vocal-training.s3.ap-northeast-2.amazonaws.com/album_cover/세븐틴 SEVENTEEN_음악의 신.jpg,2023.10.23
해요 (2022),#안녕,"그녀와 나는요 그땐 참 어렸어요
많이 사랑했고 때론 많이 다퉜었죠
지금 생각하면 모두 내 잘못이죠
마지막 그날도 그녀는 울었어
나는 그녈 잡지 못했죠
지금까지도 너무 후회가 돼요
그 후로 누굴 사랑한 적 없어 아직은
그녀와 나는요
언젠가 만날 거죠
변해버린 모습 변해버린 시간 속에
하지만 괜찮아 내 눈엔 아름답던
예전 모습 그대로 일 거예요
그녀도 날 못 잊을 거야 나는 믿어요
그만큼 사랑했죠
그래서 우린 한 번은 만나야만 해요
그녀의 친구라도 이 노랠 듣는다면
그녀에게 전해줘요
내가 아직 사랑한다고
우리가 처음 만난 그 시간 그 자리에
내가 매일 기다린다고
언제라도
그녀도 날 못 잊을 거야 나는 믿어요
그만큼 사랑했죠
그래서 우린 한 번은 만나야만 해요
그녀의 친구라도 이 노랠 듣는다면
그녀에게 전해줘요
내가 아직 사랑한다고
우리가 처음 만난 그 시간 그 자리에
내가 매일 기다린다고
그녀의 친구라도 이 노랠 듣는다면
그녀에게 전해줘요
내가 아직 사랑한다고
우리가 처음 만난 그 시간 그 자리에
내가 매일 기다린다고
내가 매일 기다린다고",https://ai-vocal-training.s3.ap-northeast-2.amazonaws.com/album_cover/안녕_해요 2022.jpg,2022.06.07
Dangerously,Charlie Puth,"This is gonna hurt 
but I blame myself first 
cause I ignored the truth 
Drunk off that love my head up 
there's no forgetting you 
You've awoken me 
but you're choking me 
I was so obsessed 
Gave you all of me 
and now honestly 
I've got nothing left 
I loved you dangerously 
More than the air that I breathe 
Knew we would crash at the 
speed that we were going 
Didn't care if the explosion 
ruined me 
Baby I loved you dangerously 
I loved you dangerously 
Usually I hold the power with 
both my hands tied behind my back 
Look at how things change 
cause now you're the train 
and I'm tied to the track 
You've awoken me 
but you're choking me 
I was so obsessed 
Gave you all of me and now 
honestly I've got nothing left 
Cause I loved you dangerously 
More than the air that I breathe 
Knew we would crash at the 
speed that we were going 
Didn't care if the explosion 
ruined me 
Baby I loved you dangerously 
You took me down 
down down down 
And kissed my lips with goodbye 
I see you now now now now 
It was a matter of time 
You know I know 
there's only one place 
this could lead 
But you are the fire 
I'm gasoline 
I love you I love you I love you 
I loved you dangerously 
More than the air that I breathe 
Oh now I knew we would crash at 
the speed that we were going 
Didn't care if the explosion 
ruined me 
Oh oh baby I loved you 
dangerously 
Oo I loved you dangerously 
Oo oo I loved you dangerously",https://ai-vocal-training.s3.ap-northeast-2.amazonaws.com/album_cover/Charlie Puth_Dangerously.jpg,2016.11.11
사랑..그게 뭔데,지아,"무슨 뜻인 건가요 지금 한 그 말
잊으라는 지우라는 차가운 한 마디
믿어지지 않아요 거짓말 같아
왜 우리가 왜 우리가 헤어져야 해
제발 말해줘요 잘못 들은 거라고
이러다 내 가슴이 터지기 전에
대체 니가 뭔데 날 울려 날 울려
어떻게 니가 날 떠나가
이렇게 버릴 걸 왜 나를 가졌니
사랑 그게 뭔데
이토록 가슴에 힘겨운 상처만 남겨놔
너 아닌 누구도 이제 다신 품을 수 없게
나를 알잖아요 여린 사람이란 걸
왜 기어코 자꾸 날 독해지게 해
대체 니가 뭔데 날 울려 날 울려
어떻게 니가 날 떠나가
이렇게 버릴걸 왜 나를 가졌니
사랑 그게 뭔데
이토록 가슴에 힘겨운 상처만 남겨놔
너 아닌 누구도 이제 다신 품을 수 없게
도대체 어쩌라고 날 더러 날 더러
왜 나를 미치게 만들어
니까짓 게 뭔데 날 아프게 해
그런 너를 위해 지금껏
모든 걸 다 줬던 내가 난 더 미워
그런 널 아직도 사랑하는 내가 더 미워
사랑해 사랑해 사랑해
사랑해 아직도 너를
사랑해 사랑해 사랑해 영원히
돌아와 돌아와
나의 곁으로 제발",https://ai-vocal-training.s3.ap-northeast-2.amazonaws.com/album_cover/지아_사랑그게 뭔데.jpg,2023.05.12
Shopper,아이유,"아직도 난
더 가지고 싶어
(Yeah I want more
I’ll get it more, more)

설레는 게
이렇게나 많은 걸
(Oh I want all 
I must have all, all)

저녁 일곱시
노을의 팔레트
(I need it, course
I’ll take it, course, course)

가슴 터질 듯
내 이름을 외치는 목소리
(Oh it’s so worth
It’s more than what, what)

빼곡히 적은 wish list
빠짐없이 가질 때까지
(Take what you want
No matter who calls you a freak)

설명할 필요 없어
나 그때와는 다른 걸 원해, 원해

Let’s go haul
더 미어터질 만큼 다 채워
Look around
시간은 짧아 더 빨리 가져
(Shop all day, ay
Greed is free, ay)

Go Make your own
가지러 태어난 것처럼
이 샵은 문 닫지 않아 늘, 영원히

마지막 소절 숨의 첫 모금
(It's time to show
Go, make it sure, sure)

승리를 앞둔
마음이 달릴 때 내는 소리
(It's time to go 
I'll make my goal, goal)

내게는 없어 plan B
모조리 내 것이 될 때까지
(Take what you want
No matter who puts down your greed)

적당히로는 안돼
난 훨씬 더 대담한 걸 원해, 원해

Let’s go haul
더 미어터질 만큼 다 채워
Look around
시간은 짧아 더 빨리 가져
이 샵은 문 닫지 않아, 봐

필요 없는 건 없어
for my Victory, even your jealousy
나 이제껏 모르던 세상을 욕심 내볼래

Let’s go haul
더 미어터질 만큼 다 채워
Look around
시간은 짧아 더 빨리 가져

Shop all day, ay
Greed is free, ay

Go Make your own
가지러 태어난 것처럼
이 샵은 문 닫지 않아 늘, 영원히",https://ai-vocal-training.s3.ap-northeast-2.amazonaws.com/album_cover/아이유_Shopper.jpg,2024.02.20
물론,허각,"가진 게 그리 많진 않아
어쩌면 많이 부족할지 몰라
가끔 나와 다투기도 하겠지만
주위를 둘러보면 네게
나보다 좋은 사람 많겠지만
널 사랑하는 맘
나 그것만큼은 자신 있는 걸
내리는 비를 막아 줄 수는 없지만
비가 오면 항상 함께 맞아 줄게
힘든 일이 있어도 기쁜 일이 있어도
함께 할게
물론 모든 걸 다 줄 수는 없지만
작은 행복에 미소 짓게 해 줄게
무슨 일이 있어도
너의 편이 돼줄게 언제까지나
세상이 그리 쉽지 않아
몇 번씩 넘어지곤 할지 몰라
꼭 잡은 두 손만 놓치지 않고선
함께 가면 돼
내리는 비를 막아 줄 수는 없지만
비가 오면 항상 함께 맞아 줄게
힘든 일이 있어도 기쁜 일이 있어도
함께 할게
물론 모든 걸 다 줄 수는 없지만
작은 행복에 미소 짓게 해 줄게
무슨 일이 있어도
너의 편이 돼줄게 언제까지나",https://ai-vocal-training.s3.ap-northeast-2.amazonaws.com/album_cover/허각_물론.jpg,2023.04.28
Wife,i-dle (아이들),"I cook cream soup
Taste is Cocoroco
Want me as your wife but she is
Umm umm umm

I clean your room
It’s so twinkle twinkle
Want me as your wife but she is
Umm umm umm

자기야 한입 크게 맛봐
배가 부르대도 뱉으면 나빠
좀 더 줄 테니 그만 침 좀 닦아
이제 다 큰 거 아니 너네 아빠

그래 그럴 줄 알고 케이크 좀 구웠어
그게 다가 아냐 위에 체리도 따먹어줘
조심스레 키스하고 과감하게 먹어치워
어떤지 맛 표현도 들려 보여줘

I cook cream soup
Taste is Cocoroco
Want me as your wife but she is
Umm umm umm

I clean your room
It’s so twinkle twinkle
Want me as your wife but she is
Umm umm umm

Umm umm umm
It’s a ddub ddub ddub
나의 Tongue 살짝 Touch
너는 Brr brr brr

아 구석구석 깨끗이 닦아놔
섬세한 입술에 손길은 안 닿아
머리부터 발끝까지 그냥 Chop chop chop
배웠으면 이제 너도 한번 올라타봐

만약 잘한다면 멋진 노래도 부르고
물 만난 인어처럼 예쁜 춤도 춰줄 거야
만약에 잘한다면 나도 배도 부르고
기분 좋으니까 깊숙이 더 삼켜버릴 거야

I cook cream soup
Taste is Cocoroco
Want me as your wife but she is
Umm umm umm

I clean your room
It’s so twinkle twinkle
Want me as your wife but she is
Umm umm umm

Wife, I make you feel so high
I make you feel like lie
But I don’t wanna

Wife wife wife wife

Wife, I make you feel so high
I make you feel like lie
But I don’t wanna",https://ai-vocal-training.s3.ap-northeast-2.amazonaws.com/album_cover/i-dle 아이들_Wife.jpg,2024.01.29
사랑할 수밖에,볼빨간사춘기,"간지러웠어 널 보는 내 손이
다 주고 싶었어 내 안에 남은 사랑까지
지켜 주고 싶었어
널 감싼 세상이 혹여나 너를 아프게 하진 않을까 하고

난 더 아름다운 사람이 되어 널 지켜 줄 거야
널 사랑할 수밖에 없는 날 알잖아
멀리서 바라만 봐도 마음이 아픈
모질게도 끝없는 사랑을 어떻게 할 수 없어
두 손을 꼭 쥘 뿐이야

당황스러웠어 내 고인 눈물이
감추고 싶었어 내 안에 남은 욕심들을
한걸음 물러섰어 네 여린 마음에
혹여나 널 더 아프게 하진 않을까 하고

난 더 아름다운 사람이 되어 널 지켜 줄 거야
널 사랑할 수밖에 없는 날 알잖아
멀리서 바라만 봐도 마음이 아픈
모질게도 끝없는 사랑을 어떻게 할 수 없어
두 손을 꼭 쥘 뿐이야

눈부시게 빛이 나는 그댈 보면
내 시간은 영원이 돼요
닳고 닳아도 사랑할 수밖에

난 더 아름다운 사람이 되어 널 지켜 줄 거야
널 사랑할 수밖에 없는 날 알잖아
멀리서 바라만 봐도 마음이 아픈
모질게도 끝없는 사랑을 어떻게 할 수 없어
두 손을 꼭 쥘 뿐이야",https://ai-vocal-training.s3.ap-northeast-2.amazonaws.com/album_cover/볼빨간사춘기_사랑할 수밖에.jpg,2023.12.12
"이브, 프시케 그리고 푸른 수염의 아내",LE SSERAFIM (르세라핌),"I’m a mess mess mess mess
mess mess mess
I’m a mess mess mess mess
mess mess mess
I’m a mess in distress
but we’re still the best dressed
Fearless say yes, we don’t dress to impress
괜찮단다 뭐를 해도 거짓말인 걸 난 알아
괜찮겠지 뭘 해도 착한 얼굴에 네 말 잘 들을 땐
괜찮지 않아 그런 건 내 룰은 나만 정할래 yeah
볼 거야 금지된 걸
Never hold back 더 자유롭게
Boom boom boom 내 심장이 뛰네
Get it like boom boom boom
Get it like boom boom boom
Boom boom now
Boom boom boom 내 심장이 뛰네
Get it like boom boom boom
Get it like boom boom boom
(Push it) I wish for what’s forbidden
Get it like boom boom boom
Get it like boom boom boom
(Push it) I wish for what’s forbidden
Get it like boom boom boom
Get it like boom boom boom
I’m a mess mess mess mess
mess mess mess
I’m a mess mess mess mess
mess mess mess
I’m a mess in distress
but we’re still the best dressed
Fearless say yes, we don’t dress to impress
웃어 웃어 더 인형이 되렴
덮어 덮어 다 감정 따윈 다
싫어 싫어 난 인형이 아냐
찡그린대도 그것도 나야
보지 말라 보고 파 날 둘러싼 이 금기들
그날의 이브처럼
Take it on the chain I know I like that
Boom boom boom 내 심장이 뛰네
Get it like boom boom boom
Get it like boom boom boom
Boom boom now
Boom boom boom 내 심장이 뛰네
Get it like boom boom boom
Get it like boom boom boom
(Push it) I wish for what’s forbidden
Get it like boom boom boom
Get it like boom boom boom
(Push it) I wish for what’s forbidden
Get it like boom boom boom
Get it like boom boom boom
What you waiting for?
이게 타락이면 we fall fall fall
What you looking for?
원한다면 now we fall we fall we fall
Boom boom boom 내 심장이 뛰네
Get it like boom boom boom
Get it like boom boom boom
Boom boom now
Boom boom boom 내 심장이 뛰네
Get it like boom boom boom
Get it like boom boom boom
Girl wanna have fun
Girl wanna have fun
Get it like boom boom boom
Get it like boom boom boom
Girl wanna have fun
Girl wanna have fun
Get it like boom boom boom
Get it like boom boom boom",https://ai-vocal-training.s3.ap-northeast-2.amazonaws.com/album_cover/LE SSERAFIM 르세라핌_이브 프시케 그리고 푸른 수염의 아내.jpg,2023.05.01
봄이 와도,로이킴,"내가 가는 길마다
예쁘게 피어 있던 꽃들을 보며
참 많이 웃었고, 참 많이 울었지
마치 온 세상을 다 가진 것 같았어

그러다 내가 시들어 갈 때면
그 꽃들은 온데간데없었고
그저 내게 남아있던 건
항상 나의 곁에 있어줬지만 
보지 못했던 너

봄이 와도
설레지 않을 것이고
여름이 와도
나는 흔들리지 않을 거야
가을이 오면
무너지지 않고 견뎌 왔음에 감사하며
겨울엔 나를 지켜 줬던 그대만을
내 맘에 새길 거야

내가 주는 사랑은 
그렇게 쉽게 없어지지 않기에
그 모진 말들과 이해하려는 노력 속에
나는 그렇게 너로 인해 숨을 쉰 거야
이렇게 너는 나의 우주야
지금처럼만 빛나는 거야
더 커다란 기대보다는 
그저 함께 있음에 감사하며
잊지 않는 거야

봄이 와도
설레지 않을 것이고
여름이 와도
나는 흔들리지 않을 거야
가을이 오면
무너지지 않고 견뎌 왔음에 감사하며
겨울엔 나를 지켜 줬던 그대만을 그대만을

봄이 와도
설레지 않을 것이고
여름이 와도
나는 흔들리지 않을 거야
가을이 오면
무너지지 않고 견뎌 왔음에 감사하며
겨울엔 나를 지켜 줬던 그대만을
내 맘에 새길 거야",https://ai-vocal-training.s3.ap-northeast-2.amazonaws.com/album_cover/로이킴_봄이 와도.jpg,2024.03.04
별 떨어진다 (I Do),도경수(D.O.),"밝은 빛은 별 뿐인
고요한 오늘 밤
잔잔한 풀벌레 소린
멋진 노랫말
내 어깨 위로
살짝 기대진 너의 온긴
맘을 괜히 들뜨게 해
설렘 끝에 번지는 기대감

소원 빌래? 별 떨어진다
잠깐이라 또 놓쳤지만
금방 더 떨어지겠지
밤이 끝날 때까지
원하는 게 딱 하난데 난
내 소원 듣게 되면 I do I do
웃으며 대답해 줘 I do I do

둘이 아닌
우린 어떤 모습일까
꼭 하나인 것 같이
서로를 잘 알아
수없이 많은 기억들이
똑같을 너와 나
상상만 했는데
다 이뤄진 것 같아

넌 아무거나 마구 빌어도 돼
내가 전부 듣고 이뤄줄게
저 별을 갖고 싶다
말하면 따다 줄게
맘으로만 혼자 빌어도 돼
말해줄 때까지 기다릴게
네 마음이 눈에 보였음 해
하늘에 저 별들처럼

소원 빌래? 별 떨어진다
(네 옆으로)
잠깐이라 또 놓쳤지만
금방 더 떨어지겠지
밤이 끝날 때까지
원하는 게 딱 하난데 난
내 소원 듣게 되면 I do I do
웃으며 대답해 줘 I do I do

너만 좋다면 좋아
그게 뭐라도
네가 간다면 따라가
어딜 간대도
오랜 시간 흘러가도
함께 있으면 좋겠어
너는 나 난 네 옆에서

소원 빌래? 별 떨어진다
(다시 네게 온다)
잠깐이라 또 놓쳤지만
(널 보느라 놓쳤지)
이젠 뭐 상관없겠지
이미 눈치챘으니
원하는 건 너 하나뿐야
(너뿐이야)
영원히 함께해 줘 I do I do
웃으며 대답해 줘 I do I do
I do I do",https://ai-vocal-training.s3.ap-northeast-2.amazonaws.com/album_cover/도경수DO_별 떨어진다 I Do.jpg,2023.09.08
기억해줘요 내 모든 날과 그때를,화곡동 청개구리,"듣고있나요 나의 이 모든 얘기를
그댈 향한 내 깊은 진심을
매일 그리움 속에 그대를 불러보지만
닿을 수 없는 마음을
나도 이젠 알 것 같아요

내 안의 그대를 놓을 수 없네요
애써도 그게 잘 안돼요
마음과 반대로 밀어내려 할수록
이토록 더 아파지네요

기억하나요 나의 이 모든 얘기를
그댈 향한 내 깊은 진심을
매일 그리움 속에 그대를 불러보지만
닿을 수 없는 마음을
나도 이젠 알 것 같아요

스쳐가는 이 계절을 지나
언젠가는 멀어질 걸 아니까
더 모질게 그댈 밀어냈어요 너무
가슴이 미칠 듯 아파도

듣고 있나요 나의 이 모든 얘기를
그댈 향한 내 깊은 진심을
매일 그리움 속에 그대를 불러보지만
닿을 수 없는 마음을
나도 이젠 알 것 같아요

아무 이유 없이 눈물 나는 날에는
그댈 찾아가고 있네요 이렇게

기억해줘요 내 모든 날과 그때를
지울수록 선명해지니까
가슴 아프겠지만 그대를 보내야 해요
나를 기억해주세요 나 그대만
사랑했음을",https://ai-vocal-training.s3.ap-northeast-2.amazonaws.com/album_cover/화곡동 청개구리_기억해줘요 내 모든 날과 그때를.jpg,2024.01.16
After LIKE,IVE (아이브),"또 모르지 내 마음이
저 날씨처럼 바뀔지
날 나조차 다 알 수 없으니
그게 뭐가 중요하니
지금 네게 완전히
푹 빠졌단 게 중요한 거지
아마 꿈만 같겠지만
분명 꿈이 아니야
달리 설명할 수 없는
이건 사랑일 거야
방금 내가 말한 감정
감히 의심하지 마
그냥 좋다는 게 아냐
What's after 'LIKE'?
You and I
It's more than 'LIKE'
L 다음 또 O 다음 난 yeah
You and I
It's more than 'LIKE'
What's after 'LIKE'?
What's after 'LIKE'?
조심해 두 심장에 핀
새파란 이 불꽃이
저 태양보다 뜨거울 테니
난 저 위로 또 아래로
내 그래프는 폭이 커
Yeah that's me
두 번 세 번 피곤하게
자꾸 질문하지 마
내 장점이 뭔지 알아?
바로 솔직한 거야
방금 내가 말한 감정
감히 의심하지 마
그냥 좋다는 게 아냐
What's after 'LIKE'?
You and I
It's more than 'LIKE'
L 다음 또 O 다음 난 yeah
You and I
It's more than 'LIKE'
What's after 'LIKE'?
What's after 'LIKE'?
What after like 내 맘에 strike
지금 느낀 짜릿함은 마치 tike
LO 다음에 I 그 다음에 VE
여긴 너와 내 space
아무도 막지 못해
나를 보면 눈 깜빡할
시간 조차도 아까울 걸
드디어 만나 반가워
LOVE 사이 놓일 I
(What's after 'LIKE'?)
You and I
It's more than 'LIKE'
E 앞 또 V 앞 난 yeah
You and I
It's more than 'LIKE'
What's after 'LIKE'?
You and I
It's more than 'LIKE'
L 다음 또 O 다음 난 yeah
You and I
It's more than 'LIKE'
What's after 'LIKE'?
What's after 'LIKE'?",https://ai-vocal-training.s3.ap-northeast-2.amazonaws.com/album_cover/IVE 아이브_After LIKE.jpg,2022.08.22
Standing Next to You,정국,"Standing next to you
Play me slow
Push up on this funk and give me miracles
(Let ya body know)
Make it known
How we left and right is something we control
(You already know)
You know that all night long we rock to this
Screaming I testify this lovin’
All night long we flock to this
Screaming I testify that
We’ll survive the test of time
They can’t deny our love
They can’t divide us we’ll survive
The test of time
I promise I’ll be right here
Standing next to you
Standing in the fire next to you
You know it’s deeper than the rain
It’s deeper than the pain
When it’s deep like DNA
Something they can’t take away, ay
Take-take-take-take-take-take off
Standing next to you
Standing next to you
Standing next to you
Afterglow
Leave ya body golden like the sun and the moon
(You already know)
You know that all night long we rock to this
Screaming I testify this lovin’
All night long we flock to this
Screaming I testify that
We’ll survive the test of time
They can’t deny our love
They can’t divide us we’ll survive the test of time
I swear that I’ll be right here
Standing next to you
Standing in the fire next to you
You know it’s deeper than the rain
It’s deeper than the pain
When it’s deep like DNA
Something they can’t take away, ay
Take-take-take-take-take-take off
Standing next to you
(Bass and Drums)
Standing next to you",https://ai-vocal-training.s3.ap-northeast-2.amazonaws.com/album_cover/정국_Standing Next to You.jpg,2023.11.03
Deja Vu,투모로우바이투게더,"수없이 도망갔었어
그저 무서웠었어
아직 시작에서 기다리는 너를 두고
폐허 속의 morse code
오랜 promise, promise
이유를 모르던 나의 눈물 내 anemoia

You and I 약속의 별빛 아래서
먼지 쌓인 우리의 왕관 앞에서
영혼에 새긴 꿈처럼 다시
영원이 돼줘 나를 불러줘

기억해 마침내 찾은 answer
나의 미래는 너야
Say my name
첫날의 약속처럼 널 세게 안을 거야

마치 deja vu
넌 마치 deja vu
Say it, say it
Say it, say it louder

나를 태우는 그 불꽃 비 속에
영겁같이 긴 여행 속에
너와 나눈 슬픔은 my clarity
너의 눈물 곁으로

Oh 추락해 오는 순간에도 넌 all I need
무너진 폐허 틈의 너와 나의 place of promise
안식의 대지 영원의 회귀
날 기다려 줬던 너

기억해 마침내 찾은 answer
나의 미래는 너야
Say my name
첫날의 약속처럼 널 세게 안을 거야

마치 deja vu
넌 마치 deja vu
Say it, say it
Say it, say it louder

약속해 몇 번을 반복해도
나의 미래는 너야
빛의 베일에
신부처럼 반짝일 널 세게 안을 거야

마치 deja vu
넌 마치 deja vu
Say it, say it
Say it, say it louder",https://ai-vocal-training.s3.ap-northeast-2.amazonaws.com/album_cover/투모로우바이투게더_Deja Vu.jpg,2024.04.01
"Yes or No (Feat. 허윤진 of LE SSERAFIM, Crush)",그루비룸 (GroovyRoom),"What’s on your mind
넌 이미 알고 있잖아
궁금해 난
정말 뭔지 너의 맘이
Baby don’t smile
더 기다리기 지쳐 난
Look at my eyes
(Ha) 지금이잖아 타이밍

Feel yourself, and free yourself
(If you) feel me
말해줄래 Yes or No
Feel yourself, and free yourself
(If you) feel me
말해줄게 Yes or No

Do you wanna ride or die with me
어딜 가든지 따라와 줄 거야?
아니면서 계속 맴돌지
자꾸 내 주위를 좁혀가 우리 사이
I’ve never been the one to plead 'cause boys are cheap
차라리 끝내자
But I know 결국 다시 back on repeat

처음부터 달랐어 불길하게 달콤한 느낌
이미 난 흔들렸어
내 맘대로 되는 게 없어서 싫은데 좋아
So love, so pain

What’s on your mind
넌 이미 알고 있잖아
궁금해 난
정말 뭔지 너의 맘이
Baby don’t smile
더 기다리기 지쳐 난
Look at my eyes
(Ha) 지금이잖아 타이밍

Feel yourself, and free yourself
(If you) feel me
말해줄래 Yes or No
Feel yourself, and free yourself
(If you) feel me
말해줄게 Yes or No

이런 사이는 Not my taste
애매하게 흘리는 Night and day
Don't play with me 넌 알고 있잖니
어서 빨리 Oh just let me know

What’s on your mind
전부 알고 싶어 난
언제까지 이렇게 날
애태울 셈이야
지금이야 순간 It’s time to decide
I can't wait no more
다시 반복해 또

What’s on your mind
넌 이미 알고 있잖아
궁금해 난
정말 뭔지 너의 맘이
Baby don’t smile
더 기다리기 지쳐 난
Look at my eyes
(Ha) 지금이잖아 타이밍

Feel yourself, and free yourself
(If you) feel me
말해줄래 Yes or No
Feel yourself, and free yourself
(If you) feel me
말해줄게 Yes or No",https://ai-vocal-training.s3.ap-northeast-2.amazonaws.com/album_cover/그루비룸 GroovyRoom_Yes or No Feat 허윤진 of LE SSERAFIM Crush.jpg,2024.01.17
건물 사이에 피어난 장미 (Rose Blossom),H1-KEY (하이키),"건물 사이에 피어난 장미
제발 살아남아 줬으면
꺾이지 마 잘 자라줘
온몸을 덮고 있는 가시
얼마나 힘이 들었으면
견뎌내줘서 고마워
예쁘지 않은 꽃은 다들
골라내고 잘라내
예쁘면 또 예쁜 대로
꺾어 언젠가는 시들고
왜 내버려 두지를 못해
그냥 가던 길 좀 가
어렵게 나왔잖아
악착같이 살잖아 hey
나는 건물 사이에 피어난 장미
삭막한 이 도시가
아름답게 물들 때까지
고갤 들고 버틸게 끝까지
모두가 내 향길 맡고 취해
웃을 때까지
Oh oh oh oh
No I'm not goin' down
I'll be alright
Yeh I'm only goin' up
and Imma be alright
Hey
내가 원해서 여기서 나왔냐고
원망해 봐도 안 달라져 하나도
지나고 돌아보면
앞만 보던 내가 보여
그때그때 잘 견뎌냈다고
생각 안 해 그냥 날 믿었다고
거센 바람이 불어와
내 살을 베려 해도
자꾸 벌레들이 나를
괴롭히고 파고들어도
No 언제나 굴하지 않고
쓰러지지 않아 난
어렵게 나왔잖아
악착같이 살잖아
나는 건물 사이에 피어난 장미
삭막한 이 도시가
아름답게 물들 때까지
고갤 들고 버틸게 끝까지
모두가 내 향길 맡고
취해 웃을 때까지
Keep it up
Oh oh oh oh
It's a song for you and I
Say that we're alive
Celebrate it now
나는 건물 사이에 피어난 장미
삭막한 이 도시가
아름답게 물들 때까지
고갤 들고 버틸게 끝까지
모두가 내 향길 맡고
취해 웃을 때까지
Keep it up
Oh oh oh oh
No I'm not goin' down
I'll be alright
Yeh I'm only goin' up
and Imma be alright
Hey
Keep it up
Oh oh oh oh
No I'm not goin' down
I'll be alright
Yeh I'm growin' up
and Imma be alright
Hey",https://ai-vocal-training.s3.ap-northeast-2.amazonaws.com/album_cover/H1-KEY 하이키_건물 사이에 피어난 장미 Rose Blossom.jpg,2023.01.05
영원,DK(디셈버),"이제껏 나 숨 쉬고 있는 이유는 하나 
걸어온 길이 너무도 쉽지 않았기 때문에 
내 사랑은 늘 그래 왔듯이 눈물만 남겨져
나 가진 것이 많아야 이룰 수 있는 건가 봐

이제 사는 법을 알겠어 
세상이 원하는 걸 다시 내 삶을 돌려 
널 만난다면 널 잃지 않을 거야

기다릴게 나 언제라도 
저 하늘이 날 부를 때 
한없이 사랑했던 추억만은 가져갈게 
우리 다시 널 만난다면 
유혹뿐인 이 세상에 
나 처음 태어나서 몰랐다고 말을 할게 
나 약속해

기다릴게 나 언제라도 
저 하늘이 날 부를 때 
한없이 사랑했던 추억만은 가져갈게 
우리 다시 널 만난다면 
유혹뿐인 이 세상에 
나 처음 태어나서 몰랐다고 말을 할게 
나 약속해",https://ai-vocal-training.s3.ap-northeast-2.amazonaws.com/album_cover/DK디셈버_영원.jpg,2024.03.19
우연히 봄,"로꼬, 유주 (YUJU)","우연히 내게 오나봐 
봄 향기가 보여 
너도 같이 오나봐 
저 멀리서 니 향기가 
설레는 코끝에 나의 입술에 
괜찮은 느낌 이 떨림 
나도 몰래 우연히 봄 
어 어느새 
겨울 지나 봄이야 
여전히 난 너 
앞에선 돌이야 
난 아직 이게 
믿기지가 않지만 
내 왼손은 
지금까지도 너의 향기가 
미묘하게 흘렀던 분위기에 
아직까지 난 가까스로 숨 쉬네 
무대 위완 다르게 니 눈을 피해 
고개를 돌렸던 
내 모습에 한숨 쉬네 
오랜만에 느껴지는 
이 떨림이 날 단순하게 만들어 
딱 너만 아는 거리지 
다 고쳤다고 생각했던 버벅임이 
또 도져서 준비했던 
말을 잊어버리지 
난 주워 담지 못할 
말은 절대 안 해 
원하는 걸 말해봐 
널 위해서만 할게 
너 빼곤 다 
색칠할 수 있어 까맣게 
천천히 갈게 조금 더 가깝게 
우연히 내게 오나봐 
봄 향기가 보여 
너도 같이 오나봐 
저 멀리서 니 향기가 
설레는 코끝에 나의 입술에 
괜찮은 느낌 이 떨림 
나도 몰래 우연히 봄 
우연히 봄 
어 아직까지 향기가 짙네 
발걸음이 가벼워 
집에 가는 길엔 
더 가까워질 너와 나를 
상상하는 내 모습이 
오글거려 몸서리치네 
어 어 머릿속이 
하얘지기 때문에 
하루 종일 날씨 
얘기만 반복하게 돼 
오로지 난 너 하나 때문에 
다른 것들에겐 무감각하게 돼 
정적이 만드는 긴장감은 
오히려 설레어 
나를 미소 짓게 만들어 
모른 척 하려 했던 
니 옆의 남자들은 
흐릿했던 내 눈 앞에 
불을 키게 만들어 
겨울은 유난히도 추웠고 
다시 돌아온 
그토록 기다렸던 봄 
움직이지 못하도록 
잡고 있고 싶어 
날 더 느낄 수 있게 
안고 있고 싶어 
우연히 내게 오나봐
봄 향기가 보여
너도 같이 오나봐
저 멀리서 니 향기가
설레는 코끝에 나의 입술에
괜찮은 느낌 이 떨림
나도 몰래 우연히 봄
I love u so I love u
너무 쉬운 걸
그래도 나 참고 있을게
난 여자이니까
하루 더 기다려
바보야 내게 말해봐
니 마음도 보여
갖고 싶다고 해봐
더 이상은 감추지 마
어느새 내 앞에 이젠 내 앞에
괜찮은 느낌 이 떨림
나도 몰래 우연히 봄",https://ai-vocal-training.s3.ap-northeast-2.amazonaws.com/album_cover/로꼬 유주 YUJU_우연히 봄.jpg,2015.04.08
Discord,QWER,"딱 하나만 물어볼게 넌
완벽이란 게 있다고 생각해?
조금은 어색한 하모니라 해도
그것도 그것대로 꽤 멋지잖아

누군간 나를 보고 수근대겠지만
그런 무례함은 도로 넣어둬요
취향은 존중해 그치만 이런 날
밀어내긴 쉽지 않을걸

무대 위 춤을 추는 d선 상의 아리아
불협화음도 괜찮아 뭐 문제가 되려나
모두 내게 반해버려도 난 몰라요
무지개 멜로디는 저 하늘을 날아

이것도 나야 나야 나
이런 내가 궁금하니
뭘 해도 나야 나야 나
들어줘 나의 Discord

주사위는 던져졌고
이젠 눈앞에 온 거야 my turn
조금 뻔뻔해도 눈감아줄래요
작은 소동을 부리는 game changer

모두가 나를 사랑할 순 없겠지만
그렇대도 난 실망 따윈 안 해요
겸손은 어려워 그치만 이런 날
미워하긴 쉽지 않을걸

무대 위 춤을 추는 d선 상의 아리아
불협화음도 괜찮아 뭐 문제가 되려나
모두 내게 반해버려도 난 몰라요
무지개 멜로디는 저 하늘을

사실 조금은 떨렸다랄까 두근두근대
지금 난 자꾸 자꾸 듣고 싶어
내가 너의 최애라고 말해

무대 위 춤을 추는 d선 상의 아리아
불협화음도 괜찮아 뭐 문제가 되려나
모두 내게 반해버려도 난 몰라요
무지개 멜로디는 저 하늘을 날아

이것도 나야 나야 나
이런 내가 궁금하니
뭘 해도 나야 나야 나
들어줘 나의 Discord",https://ai-vocal-training.s3.ap-northeast-2.amazonaws.com/album_cover/QWER_Discord.jpg,2023.10.18
아버지,임영웅,"하얀 머리 뽑아 달라며
한 개 백 원이라던
그 시절 다 지나가고
이젠 흰 눈만 남았네
그렇게도 힘이 드냐며
나를 위로하시다
어느새 잠들어버린
주름만 남은 내 아버지
세상이 아무리 힘들어도
당신 있으면 견딜 것 같아
오래오래 날 지키며
그냥 곁에만 있어 주세요
활짝 웃는 모습이 어린애 같아 보여도
아프다 말도 못 하는 사람
이제는 내가 지켜줄게
어린아이로 돌아가 버린
사랑하는 내 아버지
오래오래 날 지키며
그냥 곁에만 있어 주세요
활짝 웃는 모습이
어린애 같아 보여도
아프다 말도 못 하는 사람
이제는 내가 지켜줄게
어린아이로 돌아가 버린
사랑하는 내 아버지
사랑해요 내 아버지",https://ai-vocal-training.s3.ap-northeast-2.amazonaws.com/album_cover/임영웅_아버지.jpg,2022.05.02
관객이 될게 (I stan U),아이유,"사소한 틈새의 one milli
그게 널 다르게 만들지
잔뜩 찡그려 웃는 버릇이나
자주 고르는 단어 하나하나

모두 바라보게 만들어
널 숨기지 마 Don't be silly
때때로 넌 자신 없어 하지만
그 수줍음조차 그저 좋아 난

흐리거나, 시리도록 맑을
(손에 닿거나, 아득히 멀어질)
네 모든 날들의 어느 열렬한
관객이 될게

난 나의 너를 믿어
You're stunning, so stunning
Go on 이 느낌 이어가
Ballad, Disco, Hip-Hop
상관없어 너 끌리는 대로 해
좋아 그건 또 그대로 
I'm stanning, just stanning 
You, I trust my you
가, 너만의 승리를 이뤄
I'm stanning, just stanning you

오늘도 스치듯 그 말이
날 쉬게 하는 걸 아는지
스르르 기분 좋은 웃음이 나
또 어떻게든 파고들어 와 넌

어둡거나, 눈부시게 밝을
(소란하거나, 아득히 고요할)
그 모든 날들의 어느 열렬한
관객이 될게

난 나의 너를 믿어
You're stunning, so stunning
Go on 이 느낌 이어가
Ballad, Disco, Hip-Hop
상관없어 너 끌리는 대로 해
Oh 좋아 그건 또 그대로
I'm stanning, just stanning you 

막이 오르는 순간
조금 철이 없길 바라
놀아 어린아이처럼
다 숨죽인 무대 한가운데에서
그저 넌 너답게 웃어줘, 날아줘

넌 너의 나를 믿어
You're stunning, so stunning
Go on 노래를 이어가
Country, Classic, Lo-Fi
상관없어 너 끌리는 대로 해
Oh 좋아 그건 또 그대로
I'm stanning, just stanning
You, I trust my you
가, 너만의 승리를 이뤄
I'm stanning, just stanning you",https://ai-vocal-training.s3.ap-northeast-2.amazonaws.com/album_cover/아이유_관객이 될게 I stan U.jpg,2024.02.20
"그대가 있는 곳, 언제 어디든",로이킴,"아주 멀리에서도
그대가 보이죠
나를 보고 웃으며
손을 흔드네요

다가와서 내 품에
안기는 그대를
항상 웃게 하고 싶어요

그대 어떤 하루도
내게 기대 쉴 수 있길 바래요
그대가 있는 곳 언제 어디든
함께 할게요
어떤 순간이 와도
내 곁에서
항상 웃을 수 있게
내가 이렇게 약속할게요

그대 얼굴에 짙은
그림자가 지면
내 마음은 하루 종일
비가 내리죠
그대 때문에 나는
울고 웃게 돼요 
내 모든 맘은
그대 안에 있어요

그대 어떤 하루도
내게 기대 쉴 수 있길 바래요
그대가 있는 곳 언제 어디든
함께 할게요
어떤 순간이 와도
내 곁에서
항상 웃을 수 있게
내가 이렇게 약속할게요

살다가 우리 앞에
어떤 날이 와도
지금 잡은 손
놓지 않을 거죠

그대가 있어서 나는
내일을 꿈꾸게 된 거 같아요
그대는 알까요
내가 얼마나
사랑하는지
나의 세상에 불쑥
들어와줘서 그대 고마워요
오래 머물러요 내 안에서
어떤 날이 와도
우리 행복할 거예요",https://ai-vocal-training.s3.ap-northeast-2.amazonaws.com/album_cover/로이킴_그대가 있는 곳 언제 어디든.jpg,2023.12.01
UNFORGIVEN (feat. Nile Rodgers),LE SSERAFIM (르세라핌),"Unforgiven I’m a villain I’m a 
Unforgiven 난 그 길을 걸어 
Unforgiven I’m a villain I’m a 
새 시대로 기억될 unforgiven 
Yeah what you want? 
불편함이 깃든 face, wanna shut me up 
사냥감을 거듭해 찾는 워리어S 
너의 game에 난 문제아 
such a freak 골칫거리 
Let me tell you ‘bout LE SSERAFIM 
내가 제일 싫은 건 낡은 대물림 
어둠 속 불을 켜 마치 rebellion 
We gonna kick it break it 
rules gon’ give up 
Unforgiven yes I was bleeding 
힘없이 늘 져야만 했던 싸움 but I ride 
바란 적도 없어 용서 따위는 
난 금기를 겨눠 watch me now 
Now now now 
Unforgiven I’m a villain I’m a 
Unforgiven 난 그 길을 걸어 
Unforgiven I’m a villain I’m a 
새 시대로 기억될 unforgiven 
나랑 저 너머 같이 가자 
my “unforgiven girls” 
나랑 선 넘어 같이 가자 
my “unforgiven boys” 
Unforgiven unforgiven unforgiven 
한계 위로 남겨지는 우리 이름 
나랑 저 너머 같이 가자 
my “unforgiven girls” 
U-unforgiven-given-given 
내 style로 livin’ livin’ livin’ 
내 방식 아주 원 없이 
또 한국말론 아주 “철없이” 
Get started let’s get started 
미래 그 앞에 새겨둬 나의 story 
신념이 죄면 난 villain, 
I'm not that cinderella type of a girl 
Unforgiven yes I was bleeding 
힘없이 늘 져야만 했던 싸움 but I ride 
바란 적도 없어 용서 따위는 
난 금기를 겨눠 watch me now 
Now now now 
Unforgiven I’m a villain I’m a 
Unforgiven 난 그 길을 걸어
Unforgiven I’m a villain I’m a
새 시대로 기억될 unforgiven
나랑 저 너머 같이 가자
my “unforgiven girls”
나랑 선 넘어 같이 가자
my “unforgiven boys”
Unforgiven unforgiven unforgiven
한계 위로 남겨지는 우리 이름
나랑 저 너머 같이 가자
my “unforgiven girls”
Unforgiven I’m a villain I’m a
Unforgiven 난 그 길을 걸어
Unforgiven I’m a villain I’m a
Unforgiven 난 그 길을 걸어
Oh I will never be a clown
Oh 보게 될 거야 나다움
Oh 내 목소린 좀 loud
Oh I don’t care just shout it out!
나랑 저 너머 같이 가자
my “unforgiven girls”
나랑 선 넘어 같이 가자
my “unforgiven boys”
Unforgiven unforgiven unforgiven
한계 위로 남겨지는 우리 이름
나랑 저 너머 같이 가자
my “unforgiven girls”",https://ai-vocal-training.s3.ap-northeast-2.amazonaws.com/album_cover/LE SSERAFIM 르세라핌_UNFORGIVEN feat Nile Rodgers.jpg,2023.05.01
Fast Forward,전소미,"I’m your future lover
타락한 밤 너의 ruler
영화 속 달콤한 promise
믿지 않아 let’s be honest, yeah

틀린 건 없어 when it feels so right
닿지 않아도 이미 느끼잖아
나쁠 건 없어 when it feels so right
네 위를 봐 I’m your goddess 

How many lovers do I go through to find you
How many heartbreaks I take just to get to you 
How many lovers do I go through to find you
How many how many how many 
Fast Forward

Girl you the one stop 
Got it all 
Diamond-kissed 
Head to toe 
Sunshine 
Got the glow 
Need you bad 
Never go 
One stop 
Domino 
That’s how quick 
You made me fall 

So in love yeah 
That’s so us 

How many lovers do I go through to find you
How many heartbreaks I take just to get to you 
How many lovers do I go through to find you
How many how many how many 
Fast Forward

(How many how many how many)
(How many how many how many)

흔들린 pendulum
너를 부를 때
이 뒤틀린 시간 속 
넌 내 눈앞에
Now think of the one you want 
Picturing my face 
And I’ll be the one you on
I’ll be the one you on
I’ll be the one you want
I can hear you say

Fast Forward

(yeah yeah yeah yeah)

Fast Forward
 
(yeah yeah yeah yeah)

Fast Forward",https://ai-vocal-training.s3.ap-northeast-2.amazonaws.com/album_cover/전소미_Fast Forward.jpg,2023.08.07
Butter,방탄소년단,"Smooth like butter
Like a criminal undercover
Gon’ pop like trouble
Breakin’ into your heart like that

Cool shade stunner
Yeah I owe it all to my mother
Hot like summer
Yeah I’m makin’ you sweat like that

Break it down

Oh when I look in the mirror
I’ll melt your heart into 2
I got that superstar glow so 
Do the boogie like

Side step right left to my beat (heartbeat)
High like the moon rock with me baby
Know that I got that heat
Let me show you ‘cause talk is cheap
Side step right left to my beat (heartbeat)
Get it, let it roll

Smooth like butter
Pull you in like no other
Don’t need no Usher
To remind me you got it bad

Ain’t no other
That can sweep you up like a robber
Straight up, I got ya
Makin’ you fall like that

Break it down

Oh when I look in the mirror
I’ll melt your heart into 2
I got that superstar glow so 
Do the boogie like

Side step right left to my beat (heartbeat)
High like the moon rock with me baby
Know that I got that heat
Let me show you ‘cause talk is cheap
Side step right left to my beat (heartbeat)
Get it, let it roll

Get it, let it roll
Get it, let it roll

No ice on my wrist
I'm that n-ice guy
Got that right body and that right mind
Rollin' up to party got the right vibe
Smooth like butter
Hate us love us

Fresh boy pull up and we lay low
All the playas get movin’ when the bass low
Got ARMY right behind us when we say so
Let's go

Side step right left to my beat (heartbeat)
High like the moon rock with me baby
Know that I got that heat
Let me show you ‘cause talk is cheap
Side step right left to my beat (heartbeat)
Get it, let it roll

Smooth like (butter)
Cool shade (stunner)
And you know we don't stop

Hot like (summer)
Ain’t no (bummer)
You be like oh my god

We gon’ make you rock and you say (yeah)
We gon’ make you bounce and you say (yeah)

Hotter?
Sweeter! 
Cooler?
Butter!

Get it, let it roll",https://ai-vocal-training.s3.ap-northeast-2.amazonaws.com/album_cover/방탄소년단_Butter.jpg,2021.05.21
"Smoke (Prod. Dynamicduo, Padi)","다이나믹 듀오, 이영지","Light it up Light it up Light it up

나는 달리거나 넘어지거나
둘 중에 하나야 브레이크 없는 bike
택도 없는 것들을 택도 안 뗀 옷 위로 stack it up
난 절대 빠꾸 없는 type

I’m gonna smoke you up
I’mma smoke you
I’m gonna smoke you up
I’mma smoke you
I’m gonna smoke you up
I’mma smoke you
싹 다 부수고 원상복구해 (light it up)

적자생존
아마 난 진짜 1
내일 없는 애들 빈 수레가 요란해 that’s why I’m shooting
To your 골대 cuz you have no keeper
차린 것 없는 밥상 들이밀지 말고 zip up
저기 빈털터리들 재떨이에 털어 넣고 twerkin‘
Then I’mma smoke another chance
You know that I’mma chop it
Lazy ho
그리고 또 stupid thug
모자란 애들 들이 마시고 뱉어 that’s wassup

내 입김은 태풍 내가 후 하고 불면 넌 힘없이 쓰러지는 가로수
무대 위 조명은 늘 파란불 내가 짓밟고 가는 넌 횡단보도 위에 가로줄
어차피 너무 기운 시소 이쯤 되면 너에게 필요한 건 시도 아닌 기도 
난 입으로 널 패지 구타
처맞은 것처럼 네 뺨은 붉게 불타

나는 달리거나 넘어지거나
둘 중에 하나야 브레이크 없는 bike
택도 없는 것들을 택도 안 뗀 옷 위로 stack it up 난 절대 빠꾸 없는 type

I’m gonna smoke you up
I’mma smoke you
I’m gonna smoke you up
I’mma smoke you
I’m gonna smoke you up
I’mma smoke you
싹 다 부수고 원상복구해 (light it up)

끝났어 파티는 
잔 돌려 ice water 
여긴 아무도 없네 
날 상대할 카리스마가 
타자 팔자에 난 outsider 
죽거나 싹 쓸어 주먹 안에 주사위
타고난 dice roller 
지그시 밟아주지 부득이 싸움 나면 
속도 조절 어린이 보호구역부터 아우토반 
까다롭게 굴어 사우스포
갈기지 턱주가리 카운터 
넌 피식 쓰러지는 나무토막 

I’mma south side baddie
Collect all these veggies
Lap top 위에서 money dance
넌 계속해라 copy
Nothing's dynamic in ur life
저주 같지 
다 끝난 파티 뒤에서
꽁초나 하나 줍길
Man I can't curse to you
Cuz you already die for it
Sorry that I’m so stable in my life
I’m done with it
Better get your money
Or u better get ma number 
다 피고 남은 꽁초 더밀
꽂아줄게 주머니에

나는 달리거나 넘어지거나
둘 중에 하나야 브레이크 없는 bike
택도 없는 것들을 택도 안 뗀 옷 위로 stack it up 난 절대 빠꾸 없는 type

I’m gonna smoke you up
I’mma smoke you
I’m gonna smoke you up
I’mma smoke you
I’m gonna smoke you up
I’mma smoke you
싹 다 부수고 원상복구해 (light it up)

하이킥 로우킥에 넌 쓰러지지 픽픽
풀린 두 다리 눈 콧바람은 씩씩
네 목을 조르는 내 두 다리 사이로 보이는 네 흰자위
힘없이 탭탭 질식
팔다리를 꺾는 암바와 니바 
네 자존심을 꺾는 짬바와 이빨
넌 피투성이 사람들이 기겁해
난 관대해 더 버티지 마 받아줄게 기권패

다 겪었지 대우차부터 테슬라 
다 꺾였지 같이 짬밥 먹던 랩 스타 
We stand strong 
완력보다 강한 펜촉 
우습게 봐도 오래 버티는 게 센 놈 
상어 밥도 안돼 넌 그냥 벵에돔 
엄마 젖은 사치 이유식을 맥여 더 
빈약한 커리어 세치 혀로 채 썰어 
태운 다음 재 털어 

I’m gonna smoke you up
I’mma smoke you
I’m gonna smoke you up
I’mma smoke you
I’m gonna smoke you up
I’mma smoke you
싹 다 부수고 원상복구해 (light it up)

I’m gonna smoke you up
I’mma smoke you
I’m gonna smoke you up
I’mma smoke you
I’m gonna smoke you up
I’mma smoke you
싹 다 부수고 원상복구해 (light it up)",https://ai-vocal-training.s3.ap-northeast-2.amazonaws.com/album_cover/다이나믹 듀오 이영지_Smoke Prod Dynamicduo Padi.jpg,2023.09.05
"Shh.. (Feat. 혜인(HYEIN), 조원선 & Special Narr. 패티김)",아이유,"It's not about F (F)
not about L (L)
We got something else 

뒷짐을 진채
따라갈래 
그녀의 긴 발자국

서로를 이어 (서로를 이어)
How special we are (special we are)

그 존재감에 
입을 다무네 
영원히 날 앞서는
그 이름은 Shh...

음 아마 첫사랑이지
또한 내 첫 세상
뚫어져라 무언가
바라보는 시선 역시
같은 눈동자를 가진 그녀를
닮아서일까

음 즐거운 악몽이지
우리는 시소에 올라
또 오르락내리락
도통 이해가 안 되는 일이지
유쾌하지 않은 꿈에서까지
널 보며
왜 웃고 있을까

It's not about F (F)
not about L (L)
We got something else

굵고 까맣게 (F)
땋은 양갈래 (L)
이야길 담은 입술

서로를 이어 (서로를 이어)
How special we are (special we are)

참 시시하게 (F)
혹은 비범하게 (L)
한 조각씩 내어준
그 이름은 Shh..

옷자락 휘날리던 등장에 대하여
(Salute)
그보다 꼿꼿하던 퇴장을 향하여
빛에 맞서던 순간도
빛을 등지던 순간도 음음
내내 자신답던 그녀를 위하여

멈춘 적 없는 
오랜 혼잣말처럼 
나의 시간 어딘가 영원히 
풀리지 않는 암호 같은 그녀들에게 

It's all about F (F)
All about L (L)
We got something else

난 마주할래 (F)
오랜 감정에 (L)
이름을 붙일 자유 

서로를 이어 (서로를 이어)
How special we are (special we are)

끝내 재가 될 때 (F)
까지 내 안에 (L)
빨갛게 숨 타오를 
그 이름은 Shh..

여기
낡은 이야기 하나 있죠
모두가 다 아는, 그러나 또 모르는 
그 이름은 Shh..",https://ai-vocal-training.s3.ap-northeast-2.amazonaws.com/album_cover/아이유_Shh Feat 혜인HYEIN 조원선  Special Narr 패티김.jpg,2024.02.20
나에게 그대만이,탑현,"더 이상 나에게
다른 사랑은 없다는 걸
이제 나는 알아요
나에게 사랑은
항상 하나뿐이었다고
나의 사랑은 그대 단 한 사람
나에겐 오직 한 사람 
세상 누구보다 내게 소중한 사람
널 사랑해 널 사랑해
이 말 너에게만 하고 싶어
네가 없이 난 살 수 없어서
사랑 하나로만 살아가는 나에게
내 마지막 그날까지 사랑으로
남아주길 바라 그대만이
오늘이 지나면
다시 볼 수 없을 것 같아
그대 울지 말아요
시간이 지나서
우리 하나 되는 그날에
나와 함께 할 그대 단 한 사람
나에겐 오직 한 사람
세상 누구보다 내게 소중한 사람
널 사랑해 널 사랑해
이 말 너에게만 하고 싶어
네가 없이 난 살 수 없어서
사랑 하나로만 살아가는 나에게
내 마지막 그날까지
사랑으로 남아주길 바라 그대만이
소중한 너를 위해서
내게 남아있는 미련 모두 버려도
내 사랑은 내 사랑은
아직 너 하나만 원하는데
영원히 너를 지켜준다는
약속 하나로만 살아가는 나에게
내 사랑은 단 한 사람
다시 태어나도 그대만을 사랑할게",https://ai-vocal-training.s3.ap-northeast-2.amazonaws.com/album_cover/탑현_나에게 그대만이.jpg,2023.06.11
Bubble,STAYC(스테이씨),"Check it out now
S.T.A.Y.C GO!
Iffy yo iffy yeah 이불 밖은 위험해
Let it go let it pass 좋은 것만 기억해
빙글빙 빙글뱅 안 돌리고 싶어 해
Listen up listen up 나다운 게 필요해
Let me go let me say
이제 그만 hate or hate
Hello hello punch you like a 808
나는 나 너는 너 전혀 문제없는걸
다른 것과 틀린 건 달라
동그라미 원하지
미래는 그 누구도 몰라 Nobody knows
어쩌지 I can’t be 어디로 튈지 몰라
Stupid stop
잔소린 Bubble Bubble Bubble
잔소린 Bubble Bubble Bubble
I’m sorry Bubble Bubble Bubble
참 많은 걸 꿈이 말야 가끔 세곤 해
궁금한 건 참지 못해 그냥 해볼래
제멋대로래 가끔 생각 없어 보인대
어쩌겠어 뭘 해도 난 절대 안 변해
Let me go let me say
이제 그만 hate or hate
Hello hello punch you like a 808
나는 나 너는 너 전혀 문제없는걸
다른 것과 틀린 건 달라
동그라미 원하지
미래는 그 누구도 몰라 Nobody knows
어쩌지 I can’t be 어디로 튈지 몰라
Stupid stop
잔소린 Bubble Bubble Bubble
잔소린 Bubble Bubble Bubble
I’m sorry Bubble Bubble Bubble
They say I’m in trouble
사라질 거품뿐인걸 너무 흔들리지 마
That’s me
So what
다르면 어때 특별한데
동그라미 원하지
미래는 그 누구도 몰라 Nobody knows
어쩌지 I can’t be 어디로 튈지 몰라
Stupid stop
잔소린 Bubble Bubble Bubble
잔소린 Bubble Bubble Bubble
I’m sorry Bubble Bubble Bubble",https://ai-vocal-training.s3.ap-northeast-2.amazonaws.com/album_cover/STAYC스테이씨_Bubble.jpg,2023.08.16
I Love You,안세하,"I love you 사랑한다는 이 말 밖에는
해줄 말이 없네요
I love you 의미 없는 말이 되었지만
사랑해요
이제 와서 무슨 소용 있겠어요
다신 볼 수 없는 이별인데
돌이킬 수 없는 걸 잘 알고 있지만
어떻게든 그댈 잡아 두고 싶은걸
Ooh ooh ooh

이 세상 아니라도 언젠가
우리 다시 만날 텐데
눈물 한 방울도 보여선 안되겠죠
사랑에 빠지게 만들었던
미소로 날 떠나요
그 미소 하나로
언제라도 그대를 찾아낼 수 있게

I love you 기억하나요 처음 그대에게
느낀 그 떨림
I love you 오랜 후에서야 내게 해준
그대 그 한마디
우리 사랑 안 될 거라 생각했죠
너무나도 아름다웠기에
돌아서려 했었던 내 앞의 그대는
꿈만 같은 사랑으로 다가왔었죠
Ooh ooh ooh

이 세상 아니라도 언젠가
우리 다시 만날 텐데
눈물 한 방울도 보여선 안되겠죠
사랑에 빠지게 만들었던
미소로 날 떠나요
그 미소 하나로 언제라도 그대를
찾아낼 수 있게

이 세상 아니라도 언젠가
우리 다시 만날 텐데
눈물 한 방울도 보여선 안되겠죠
사랑에 빠지게 만들었던
미소로 날 떠나요
그 미소 하나로
언제라도 그대를 찾아낼 수 있게

언제라도 그대를 
찾아낼 수 있게",https://ai-vocal-training.s3.ap-northeast-2.amazonaws.com/album_cover/안세하_I Love You.jpg,2024.01.06
Off The Record,IVE (아이브),"시간이 됐어 It's 2 A.M. 
목소릴 낮추고 더 속삭여줄래
이 밤이 좀 더 깊어지면
뭔가 더 솔직해도 될 것 같은 기분이 들어

있잖아 가끔 난 무척
발칙한 상상을 해
남들은 절대 모를 걸
이젠 비공개 모드야

Off the record night
This late night conversation
멈추지 않아
No more time, no more kill my vibe
This late night conversation
잠들지 않아

Yeah 비밀스럽게 잠겨진 문
그 맘을 우리에게 살짝 열어줘
떠나 forbidden island
찾아 forbidden fruit
가끔은 왠지 금지된 게 궁금하거든 yeah

순진한 가면을 벗고 
흑심을 드러내 봐 
그런 게 없을 리 없어
이젠 비공개 모드야

Off the record night
This late night conversation
멈추지 않아
No more time, no more kill my vibe
This late night conversation
잠들지 않아

Make it round on the ground yeah
더 가까이 모여 앉아
자, 모든 걸 털어놔
Off the record night
This late night conversation
멈추지 않아

We're talkin' 'bout the
Late n-n-n-n-night conversation
Late night conversation
못 살아 내가 정말 미쳐 진짜? 그래서 또 뭔데?
난 그냥 restaurant, cafe, 영화
그런 사랑 말고 조금 더 특별한
은밀하고 아찔한 걸 원해 난 
So this is my time, it’s my time

숨막히는 trailer
또 엄청난 반전도 있어야지
로맨틱한 psycho 날 탐하면 모든 걸 견뎌야지 
Love me, love me
어서 날 Leave me, leave me
날마다 killing healing
또 외쳐 난 Stay

Off the record night
This late night conversation
멈추지 않아
No more time, no more kill my vibe
This late night conversation
잠들지 않아

Moon is setting tonight yeah
(어둠이 조금 더 짙어져가)
더 반짝거리는 your eyes
(Lookin' it, lookin' it deep in the eyes)
난 하늘의 별을 봐

Off the record night
This late night conversation
잠들지 않아",https://ai-vocal-training.s3.ap-northeast-2.amazonaws.com/album_cover/IVE 아이브_Off The Record.jpg,2023.10.13
Either Way,IVE (아이브),"누가 내 말투가 재수없대
잘난 척만 한대
또 누구는 내가 너무 착하대
바보같을 정도래

가끔은 이해조차 안 되는 시선들
억울하기도 하지만 
오해가 만든 수많은 나와 얘기해
우리 모두 다 ‘나’야

Either way, I’m good
전부 좋다구
누가 맞고 틀린 게 아닌 걸
모두 다르게 사랑하듯
Either way, I’m good
Either way

내게는 언니같은 친구인데
어리광이 심하대
털털한 줄 알았던 저 아이는
마음이 넘 약한 걸

쟤 I 라서 그래 넌 E 라서 그래
됐고 그냥 V 나 하자
 
Either way, you’re good
전부 좋다구
누가 맞고 틀린 게 아닌 걸
모두 다르게 사랑하듯
Either way, you’re good
Either way

I, I, I 또다른 나
나, 나, 나

누가 맞고 틀린 게 아닌 걸
모두 다르게 살아가 듯
전부 좋다구
사랑과 미움

모두 다 가지면 되는 거야
하나만 고를 필요 없는 거야

Either way, we’re good
웃어주자구 우후후
이렇게",https://ai-vocal-training.s3.ap-northeast-2.amazonaws.com/album_cover/IVE 아이브_Either Way.jpg,2023.10.13
잠시라도 우리,"성시경, 나얼","가까스레 잠이 들다 애쓰던 잠은 떠났고
아직 타는 별 과거의 빛은 흐르고
몇 번의 사막을 거쳐 몇 번의 우기를 거쳐
고요를 거쳐 이제야 추억이 된 기억들

떠나간 모든 것은 시간따라 갔을 뿐
우릴 울리려 떠나간건 아냐 너도 같을거야

십년쯤 흘러가면 우린 어떻게 될까
만나지긴 할까 어떻게 서로를 기억해줄까
그걸로 충분해 서로 다른 그곳에서
잠시라도 우리 따뜻한 시간을 갖는다면

떠나간 모든 것은 시간따라 갔을 뿐
우릴 울리려 떠나간건 아냐 너도 같을거야

십년쯤 흘렀다고 그렇게 생각해봐
그때에 터트릴 웃음을 지금 질 수 있잖아
그걸로 충분해 서로 다른 그곳에서
잠시라도 우리 따뜻한 시간을 갖는다면

십년쯤 흘러가면 우린 어떻게 될까
만나지긴 할까 어떻게 서로를 기억해줄까
그걸로 충분해 서로 다른 곳에서
잠시라도 우리 따뜻한 시간을 갖는다면",https://ai-vocal-training.s3.ap-northeast-2.amazonaws.com/album_cover/성시경 나얼_잠시라도 우리.jpg,2023.10.19
Chill Kill,Red Velvet (레드벨벳),"어디서 왔니 홀연히
고요했던 세상의 Crash
Chill Kill의 등장 마치 Thunder
그 짜릿함에 미쳤어

달콤해진 오류 불완전의 찬미
뭐가 겁났겠어? Always and forever
너무 쉬운 넌 내 거라
맘대로 껴안고 멋대로 보냈어

다시 네가 보고 싶어
죽도록 후회하잖아
Yeah don’t care if it hur-hur-hurts
네게 어울리는 Perfect soul
다시 널 붙잡을 수 있을까?

(Hey!) 
Don’t think about tomorrow
(Yoo hoo!) 
넌 여전히 반짝여
변할 거야 이제서야
눈물이 흘러 얼음을 녹여

What a Chill Kill
I know you will
Bring me lightning
like a winner
여기서 널 기다려
Happy ending으로
What a Chill Kill

긴 밤 등대를 켜
네가 길 잃지 않게
(I’m here)
혹독한 밤이라
온 세상은 숨죽여

날 잘못 길들여
나 밖에 몰랐지
왜 그리 잘했니
내가 자격 있니 (Together)
넌 자꾸 멀리멀리 도망치며
미워한다고 외쳐
그 말의 끝에 망설였잖아
눈을 맞춰줬잖아 
(Don’t run away)

거칠고 서툰 Nights were young
차갑던 밤을 데우자
봐 봐 많이 달라졌지
내가 제법 변했지
널 한 번 더 안을 수 있을까?

(Hey!) 
Don’t think about tomorrow
(Yoo hoo!)
넌 여전히 반짝여
변할 거야 이제서야
눈물이 흘러 얼음을 녹여

What a Chill Kill
I know you will
Bring me lightning
like a winner
여기서 널 기다려
Happy ending으로
What a Chill Kill

Say say say
now are you ready ready?
(You ready?)
Say say say
now are you ready?

너 때문에 울지 않아
너 때문에
웃을 수밖에 없던 거야
(Up in the sky)
Yeah it’s love

오렌지빛 해는 거의 저물어
너의 온기만 필요해
Until the end
(Till the end of time yeah yeah)
End of time

(Hey!)
Don’t think about tomorrow
(Yoo hoo!)
넌 끝없이 반짝여
변할 거야 이제서야
눈물이 흘러 그 얼음을 녹여

Don’t think about tomorrow
Forget about your sorrow
변할 거야 너는 날 못 떠나
눈물이 흘러 그 얼음을 녹여

Don’t think about tomorrow
(What a Chill Kill I know you will)
넌 끝없이 반짝여
(Bring me lightning like a winner)
변할 거야 난 이제야",https://ai-vocal-training.s3.ap-northeast-2.amazonaws.com/album_cover/Red Velvet 레드벨벳_Chill Kill.jpg,2023.11.13
Talk Saxy,RIIZE,"Run it quick baby
호기심을 당겨
Like it’s clickbait
Don’t you don’t you
don’t you wanna ride with me
나는 역시 대책 없는
Type you ready
이 감정을 Post that
맘을 숨겨두는 짓은 못해
질투 어린 시선들도 Not bad
Do you wanna roll
I see you the GOAT
so I know you gonna go

Let’s kick it
Whatchu wanna say
Don’t be tricky
I’m on the ground
I’m on the ground now
낯선 이끌림을 마주한 순간
뭔가 달라
I won’t let you out of my sight
좀 더 빠져들게 Do me right

Ra pa pa pa
when you call my name
Ra pa pa pa talk saxy
Ra pa pa pa
with the clap boom bay
Ra pa pa pa talk saxy

느낀 그대로 Talk to me
숨김없이 다 다 다 보여줘
괜찮아 멋대로 놔둬 네 마음을
Get it straight to the point
Talk saxy

C note c note
낮은 목소리로
We go we go
계속해 높여 속도
Oh no don’t stress
‘bout the plane
느낌 So fly 하늘까지
Baby got me feelin’ fresh
바로 시작해
알잖아 감정 숨기는 건
Not my taste
맘이 시킨 그대로 맡겨 보라고
어디든 Ok
지금 Go with the flow

Let’s kick it
Whatchu wanna say
Don’t be tricky
I’m on the ground
I’m on the ground now
낯선 이끌림을 마주한 순간
뭔가 달라
I know I know
날 향한 네 Eye
그 속에 이미 쓰여진 Sign
솔직히 나 얘기할게 뭐 어때
Baby do me right

Ra pa pa pa
when you call my name
Ra pa pa pa talk saxy
Ra pa pa pa
with the clap boom bay
Ra pa pa pa talk saxy

느낀 그대로 Talk to me
숨김없이 다 다 다 보여줘
괜찮아 멋대로 놔둬 네 마음을
Get it straight to the point
Talk saxy

왜 그렇게
날 빤히 보고 웃을 때
네 머릿속이 궁금해
너의 그 모든 게 알고 싶어
Just tell me what you like

Everyday
더 다가와 줘 In my face
그 떨림까지 들리게
Just keep blowin’ that that heart

Talk to me to me
talk talk to me to me
Don’t think too much
Talk saxy
Talk hurry to me
talk talk hurry to me
밤새도록 Chit chat
Talk saxy

느낀 그대로 Talk to me
숨김없이 다 다 다 보여줘
괜찮아 멋대로 놔둬 네 마음을
Get it straight to the point
Talk saxy

Ooh da ra da ra
Ooh ya ya ya
Ooh da ra da ra
Ra pa pa pa talk saxy",https://ai-vocal-training.s3.ap-northeast-2.amazonaws.com/album_cover/RIIZE_Talk Saxy.jpg,2023.10.27
GODS,"NewJeans, League of Legends","GA-GA-GA-GA-GA-GODS
GA-GA-GA-GA-GA-GODS
(’ey) This is what you came for
Blood on the game ball
Everybody dropping like rainfall
(‘uh’) This is your moment
Eyes on the pulpit, kid
(I) think Church just opened
And they’re singing your praises la-la-la
Screaming your name out la-la-loud
One more step, you’re Immortal now, ‘cause
Once you play GOD
Once you play GOD
They’re gonna’ crumble one by one
Then we gonna ride right into the Sun like it’s the day my kingdom come
Baby we’re
GA-GA-GA-GA-GA-GODS
Yeah we’re
GA-GA-GA-GA-GA-GODS
Welcome to the big show
Next on the ladder
Is it your name in the rafter?
Brief moment of silence
Bad girl woke up chose violence
And they’re singing my praises la-la-la
Screaming my name out la-la-loud
This is why we’re Immortal now, ‘cause
Once you play GOD
Once you play GOD
They’re gonna’ crumble one by one
Then we gonna ride right into the Sun like it’s the day my kingdom come
Baby we’re
GA-GA-GA-GA-GA-GODS
Oh, yeah we’re
GA-GA-GA-GA-GA-GODS
I’m on my knees
Pray for glory
Will anyone read this underdog story?
I can’t lose myself again
Help me raise this heart
Heart, unbreakable
Once you play GOD
Once you play GOD
They’re gonna’ crumble one by one
Then we gonna ride right into the Sun like it’s the day my kingdom come
Once you play GOD
Once you play GOD
They’re gonna’ crumble one by one
Then we gonna ride right into the Sun like it’s the day my kingdom come
Baby we’re
GA-GA-GA-GA-GA-GODS
Oh, yeah we’re
GA-GA-GA-GA-GA-GODS
GA-GA-GA-GA-GA-GODS
Oh, yeah we’re
GA-GA-GA-GA-GA-GODS",https://ai-vocal-training.s3.ap-northeast-2.amazonaws.com/album_cover/NewJeans League of Legends_GODS.jpg,2023.10.04
I Love My Body,화사 (HWASA),"(I love my body, that’s my body, I love my body)
아침에 일어나 세수하고 거울을 봐
눈 한 번 비비고 자세히 좀 바라봐
생김새 하나하나 난 꽤나 괜찮아
It’s okay to be okay
자유로운 척 매여있어
기준만 수백만 가지 뭐가 맞는 거지 정답은 딱 한 가지
I love my body 윤기나는 내 머리
발끝까지 My body (Yeah that’s my body)
Yeah that’s my body 사랑스런 내 Tummy
Unique한 팔과 다리 (Yeah that’s my body)
살 빠졌네 안 빠졌네 그게 왜 궁금한 건데?
반가웠던 맘 사라지게
쓸데없는 인사치레 Cause my body’s more than that
질겅질겅 너의 그 입에 오르락내리락 막 다룰 존재는 아냐
Boy I think you’re not okay
날 사랑하든 안 하든 진짜 관심도 없거든
네가 원하거든 알아야 할 한 가지는
I love my body 윤기나는 내 머리
발끝까지 My body (Yeah that’s my body)
Yeah that’s my body 사랑스런 내 Tummy
Unique한 팔과 다리 (Yeah that’s my body)
Love my body
Yeah I do love me
끝내주는 내 미소까지
Love my body
Nothing can change me
사랑할래 지구 끝까지
I love my body 윤기나는 내 머리
발끝까지 My body (Yeah that’s my body)
Yeah that’s my body 사랑스런 내 Tummy
Unique한 팔과 다리 (Yeah that’s my body)
1, 2, 3, 4
Yeah that’s my body
Yeah that’s my body",https://ai-vocal-training.s3.ap-northeast-2.amazonaws.com/album_cover/화사 HWASA_I Love My Body.jpg,2023.09.06
화이트 (White),폴킴,"너도 오늘만은 기억하고 있겠지
벌써 만난 지도 일 년이 됐어
우리 그때보다 변한 것이 있다면
좀 더 커져 버린 사랑일 거야

겨울 내내 너를 생각하며 만들던
빨간 스웨터도 입혀 줄 거야
항상 포근했던 네 마음과 어울려
날 생각하면 정말 좋겠어

거리에 함께 나온 연인들 
밤새 들려오는 노랫소리들
모두가 우리들의 만남을
축복하는 예쁜 선물들 같아

저기 하얀 눈이 내려
저 하늘 모두 내려
우리 서로 닿은 마음 위로
사랑이 내려

살짝 네 가슴에 기대 안겨
먼저 말을 할까
나를 느끼는 너의 모든 걸
사랑해

우리 처음 만난 일 년 전의 오늘도
지금처럼 하얀 눈이 내렸지
추워 코끝까지 빨개진 날 보면서
넌 놀려대며 웃고 있었어

가만히 빛을 내는 촛불에
지금 내 마음을 비춰 보일까 
이렇게 너와 함께 있는 나
세상 누구보다 행복하다고

저기 하얀 눈이 내려
저 하늘 모두 내려
우리 서로 닿은 마음 위로
사랑이 내려

살짝 네 가슴에 기대 안겨
먼저 말을 할까
나를 느끼는 너의 모든 걸

지금 네 바램이 들려
저 하늘까지 들려
나도 오늘 밤엔 같은 소원
빌게 될 거야

많은 시간들이 흘러가도
우리들의 사랑
지금처럼만 
간직해 주길 기도해

많은 시간들이 흘러가도
우리들의 사랑
지금처럼만 
간직해 주길 기도해",https://ai-vocal-training.s3.ap-northeast-2.amazonaws.com/album_cover/폴킴_화이트 White.jpg,2023.12.21
"밤, 바다",최유리,"우린 고요한 밤바다를 좋아했지
소란한 맘을 감춰줬으니
낮게 부서지는 잔잔한 노래에
가끔 한숨을 잊기도 했지

내게 불어온 바람은 퍽 차가웠지
이미 많은 걸 놓쳐 버렸지
지친 나무 틈에 몸을 숨기기엔
너무 커버린 내가 미웠지

문득 돌아보면 그날에 네 마음이
내겐 얼마나 큰 위로였는지

가끔은 넘어질 거야
오늘은 괜찮을 거야
흐트러진 마음을 쏟아내도 괜찮아

내가 옆에 있을게
넌 말없이 그냥 울어도 돼
흐린 맘이 남지 않게
내가 너의 바다가 되어줄게

나도 몰랐었던 그날의 내 마음에
너는 얼마나 큰 힘이 됐는지

가끔은 넘어질 거야
오늘은 괜찮을 거야
흐트러진 마음을 쏟아내도 괜찮아

내가 옆에 있을게
넌 말없이 그냥 울어도 돼
흐린 맘이 남지 않게
내가 너의 바다가 되어줄게

조금 늦어져도 괜찮아
쉬어가도 좋아
내가 너를 사랑할게

다시 아침이 오면
조금은 괜찮을 거야
하루만큼 우리가 어른이 됐으니까

내가 옆에 있을게
넌 말없이 내게 기대도 돼
지친 맘이 닿는 곳에
내가 너의 그 밤이 되어줄게

고마웠어 내 어린 밤들아",https://ai-vocal-training.s3.ap-northeast-2.amazonaws.com/album_cover/최유리_밤 바다.jpg,2023.10.29
STAY,"The Kid LAROI, Justin Bieber","I do the same thing I told you
that I never would
I told you I'd change
even when I knew I never could
I know that I can't find
nobody else
as good as you
I need you to stay
need you to stay hey Oh
I get drunk wake up
I'm wasted still
I realize the time
that I wasted here
I feel like you can't
feel the way I feel
Oh I'll be fucked up
if you can't be right here
Oh ooh-woah
Oh ooh-woah ooh-woah
Oh ooh-woah
Oh ooh-woah ooh-woah
Oh ooh-woah
Oh ooh-woah ooh-woah
Oh I'll be fucked up
if you can't be right here
I do the same thing I told you
that I never would
I told you I'd change
even when I knew I never could
I know that I can't find
nobody else
as good as you
I need you to stay
need you to stay hey
I do the same thing I told you
that I never would
I told you I'd change
even when I knew I never could
I know that I can't find
nobody else
as good as you
I need you to stay
need you to stay hey
When I'm away from you
I miss your touch Ooh
You're the reason
I believe in love Ooh
It's been difficult
for me to trust Ooh
And I'm afraid
that I'ma fuck it up Ooh
Ain't no way
that I can leave you stranded
'Cause you ain't ever left me
empty-handed
And you know that I know
that I can't live without you
So baby stay
Oh ooh-woah
Oh ooh-woah ooh-woah
Oh ooh-woah
Oh ooh-woah ooh-woah
Oh ooh-woah
Oh ooh-woah ooh-woah
I'll be fucked up
if you can't be right here
I do the same thing I told you
that I never would
I told you I'd change
even when I knew I never could
I know that I can't find
nobody else
as good as you
I need you to stay
need you to stay hey
I do the same thing
I told you that I never would
I told you I'd change
even when I knew I never could
I know that I can't find
nobody else
as good as you
I need you to stay
need you to stay hey
Woah-oh
I need you to stay
need you to stay hey",https://ai-vocal-training.s3.ap-northeast-2.amazonaws.com/album_cover/The Kid LAROI Justin Bieber_STAY.jpg,2021.07.09
Summer (Feat. BE’O (비오)),Paul Blanco,"The sun goes up
I'm sorry I forgot her name
I don't do love
어제는 잊기로 해
I been living like this
Living like this
Living like this
I been living like this
담배빵 On a brand new Bottega bag
어제보다 더 취해서 집에 가네
Are you
Thinking 'bout me
(Thinking 'bout me)
Thinking 'bout me
(Thinking 'bout me)
Thinking 'bout me
Are you thinking 'bout me
But 사실 너가 없어서
내가 꿈꿔 왔던 거
전부 의미가 없어진 건 아니
없어진 건 아니
The sun goes up
I'm sorry I forgot her name
I don't do love
어제는 잊기로 해
I been living like this
Living like this
Living like this
I been living like this
샴페인을 쏟아 니가 준 Cartier 위에
The f*** is this girl
tapping on my back
Are you
Thinking 'bout me
Thinking 'bout me
Thinking 'bout me
Are you thinking 'bout me
너한텐 My life’s good
나는 불평 못해
아무거나 갖다
네 빈자리를 채우려 하지만
말처럼 쉽진 않네
Every night every night
Ay ay Don Julios gets popped
This yungin from the block
압구 Zombie walking
오늘도 Move in silence
내 옆에 쌓이는 많은
것들이면 충분해 나는
나 며칠 갤러리 안 들어가면 돼
It ain't nothing
yeah yeah Stay
방금 내가 한 말은 실수였어 oh wait
니가 저질렀던 실수를
전부 머리에서 지우고
담배불에 다 태우면 돌아올래
Baby girl I'm sorry
사람 말은 아직 잘 믿지 못하지
기대하지는 마 Please
너랑 난 어차피
되고 말아 Nothing
내 삶이 시시해
눈앞에 Vvs 있어도
기지개 니가 잘못했잖아
받을 테니까 먼저 전화해
This song is for you
아침에 눈 뜨면 다 꿈이어줘
다 봄인데 눈이 오네 내 맘에만
쭉 니가 뭘 해도
But 사실 너가 없어서
내가 꿈꿔 왔던 거
전부 의미가 없어진 건 아니
없어진 건 아니
yeah yeah Stay
방금 내가 한 말은 실수였어 oh wait
니가 저질렀던 실수를
전부 머리에서 지우고
담배불에 다 태우면 돌아올래
yeah yeah Stay
방금 내가 한 말은 실수였어 oh wait
니가 저질렀던 실수를
전부 머리에서 지우고
담배불에 다 태우면 돌아올래
내가 아닌 저 사람과
새 삶을 만들어가지마
내가 아닌 저 사람과
새 삶을 만들어가지마
내가 아닌 저 사람과
새 삶을 만들어가지마
내가 아닌 저 사람과
새 삶을 만들어가지마",https://ai-vocal-training.s3.ap-northeast-2.amazonaws.com/album_cover/Paul Blanco_Summer Feat BEO 비오.jpg,2022.06.15
어른,Sondia,"고단한 하루 끝에 떨구는 눈물
난 어디를 향해 가는 걸까
아플 만큼 아팠다 생각했는데
아직도 한참 남은 건가 봐
이 넓은 세상에 혼자인 것처럼
아무도 내 맘을 보려 하지 않고
아무도
눈을 감아 보면
내게 보이는 내 모습
지치지 말고
잠시 멈추라고
갤 것 같지 않던
짙은 나의 어둠은
나를 버리면
모두 갤 거라고
웃는 사람들 틈에 이방인처럼
혼자만 모든 걸 잃은 표정
정신 없이 한참을 뛰었던 걸까
이제는 너무 멀어진 꿈들
이 오랜 슬픔이 그치기는 할까
언젠가 한 번쯤 
따스한 햇살이 내릴까
나는 내가 되고
별은 영원히 빛나고
잠들지 않는
꿈을 꾸고 있어
바보 같은 나는
내가 될 수 없단 걸
눈을 뜨고야
그걸 알게 됐죠
나는 내가 되고
별은 영원히 빛나고
잠들지 않는
꿈을 꾸고 있어
바보 같은 나는
내가 될 수 없단 걸
눈을 뜨고야
그걸 알게 됐죠
어떤 날 어떤 시간 어떤 곳에서
나의 작은 세상은 웃어줄까",https://ai-vocal-training.s3.ap-northeast-2.amazonaws.com/album_cover/Sondia_어른.jpg,2018.03.29
A bientot,임영웅,"A bientot 
A bientot 
이 밤이 지나면 괜찮아질 수 있을까 
쓰린 내 맘이 회복될 수가 있을까 
네가 떠난 빈자리가 너무 크니까 
그 공허함에 깔려 겨우 살고 있잖아 
기억은 잔인하고 후유증은 지독해 
겨우 잠을 이뤄도 꿈자리는 뒤숭숭해 
마음의 반을 도려내 버리고 난 후에 
너라는 감옥에서 풀려날 수 있었네 
38도 탕 안처럼 포근한
그날의 온도는 아직도 나의 가슴에
깊게 뿌리내려 뻗어 미련이란 놈은
공기처럼 내 마음을 드나드네
넌 빌런이자 하나님이야
셀 수 없는 많은 노래를
잉태하고 부숴버렸네
널 향해 나는 기도해
널 향해 나는 기도해
A bientot
A bientot
인생은 너무 외로워
너에게 전화를 거네요
A bientot
A bientot
인생은 너무 외로워
너에게 전화를 거네요
이럼 안되지만
그때 우린 뜨거운 용암처럼 사랑했네
너의 영은 열이 되어 내 몸에 있네
가열된 너의 온기가 아직도 식질 않네
늦은 새벽 눈물로 가득 찬 내 베개
사진에 찍혀 있던 우리들의 손가락
추억이 되어 흘러내리는 그 손가락
우리의 추억들이 나는 너무 좋았지
라디오에서 소개된 사연들처럼
난 요새
Young Thug Pick Up The Phone
꽂혀있어
너는 어떤 노래를 듣는지 궁금해
아직도 힙합을 듣고 있어
힙합을 듣고 있다면 언젠가
이 노래도 들을 수 있을까
넌 나에게 음악 그 이상의 존재였어
서로를 이해하는 법 몰랐었던 우리들
서툶 때문에 상처를 주고받곤 했잖아
함께 나눈 감정들 너무 달달했기에
다시 예전으로 발걸음을 돌려보려 해도
A bientot
A bientot
인생은 너무 외로워
너에게 전화를 거네요
A bientot
A bientot
인생은 너무 외로워
너에게 전화를 거네요
이럼 안되지만
인생이 너무 외로워
허공에 말을 걸지만
그건 단조로운 리듬이 돼
그건 단조로운 리듬이 돼
마음이 너무 외로워
허공에 말을 걸지만
그건 단조로운 리듬이 돼
그건 단조로운 리듬이 돼
그건 단조로운 리듬이
그건 단조로운 리듬이 되고 있네
A bientot
A bientot
이제는 너를 잊을게 잊을게
A bientot",https://ai-vocal-training.s3.ap-northeast-2.amazonaws.com/album_cover/임영웅_A bientot.jpg,2022.05.02
Yes or No,정국,"This ain’t another love song baby
It's my way of putting feelers out
All the traffic in my head’s going crazy
I’m gonna trust my heart right now

And if it’s better to bet on us then I’ll double down
And if we end up in bed and I put the covers out
And if I’m wrong I’ll just bury my head deep underground
I gotta know
 
Are you feeling the rush?
If so, then I think I know what’s going on
And are we falling in love?
Say yes or no, yes or no, yes or no

Are you thinking ‘bout us? 
If so, then I think I know what's going on
And are we falling in love?
Say yes or no, yes or no, yes or no
 
Everybody in this club so faded
I’m trippin over getting lost on you
If we forever started out as strangers
I think my ever after just came true
If you could see what I see then let’s see what it’s about
We will go higher and higher but we’re not looking down
If it’s a dream there’s no telling when I’ll be coming ‘round
And I gotta know

Are you feeling the rush?
If so, then I think I know what's going on
And are we falling in love?
Say yes or no, yes or no, yes or no

Are you thinking ‘bout us?
If so, then I think I know what's going on
And are we falling in love?
Say yes or no, yes or no, yes or no
 
Something about you
Do you feel the way I do?
There’s magic in the room
Tell me do you feel it too?
Something about you
Do you feel the way I do?
There’s magic in the room
Tell me what we gonna do?
 
Are you feeling the rush?
If so, then I think I know what's going on
And are we falling in love?
Say yes or no, yes or no, yes or no

Are you thinking 'bout us? 
If so, then I think I know what's going on
And are we falling in love?
Say yes or no, yes or no, yes or no",https://ai-vocal-training.s3.ap-northeast-2.amazonaws.com/album_cover/정국_Yes or No.jpg,2023.11.03
희재,성시경,"햇살은 우릴 위해 내리고 
바람도 서롤 감싸게 했죠 
우리 웃음속에
계절은 오고 또 갔죠
바람에 흔들리는 머릿결 
내게 불어오는 그대 향기 
예쁜 두 눈도 웃음 소리도 
모두가 내 것이었죠
이런 사랑 이런 행복 쉽다 했었죠
이런 웃음 이런 축복
내게 쉽게 올리 없죠
눈물조차 울음조차
닦지 못한 나
정말로 울면
내가 그댈 보내준 것 같아서
그대 떠나가는 그 순간도 
나를 걱정했었나요 
무엇도 해줄 수 없는
내 맘 앞에서
그댄 나를 떠나간다 해도
난 그댈 보낸 적 없죠
여전히 그댄 나를 살게 하는 
이율테니 
이런 사랑 이런 행복 쉽다 했었죠 
이런 웃음 이런 축복
내게 쉽게 올리 없죠
눈물조차 울음조차 닦지 못한 나
정말로 울면
내가 그댈 보내준 것 같아서
그대 떠나가는 그 순간도 
나를 걱정했었나요 
무엇도 해줄 수 없는 내 맘 앞에서 
그댄 나를 떠나간다 해도 
난 그댈 보낸 적 없죠
기다림으로 다시 시작일테니 
얼마나 사랑했는지
얼마나 또 울었는지
그대여 한순간 조차 잊지 말아요 
거기 떠나간 그 곳에서
날 기억하며 기다려요
하루씩 그대에게
다가가는 나 일테니",https://ai-vocal-training.s3.ap-northeast-2.amazonaws.com/album_cover/성시경_희재.jpg,2003.02.01
